Clase_0,Clase_1,Clase_2,Clase_3,Clase_4,Clase_5,Clase_6,Clase_7,Clase_8,Clase_9,Clase_10,Clase_11,Clase_12,Clase_13,Clase_14,Clase_15,Clase_16,Clase_17,Clase_18,Clase_19,Clase_20,Clase_21,Clase_22,Clase_23,Clase_24,Clase_25,Clase_26,Clase_27,Clase_28,Clase_29,Clase_30,Clase_31,Clase_32,Clase_33,Clase_34,Clase_35,Clase_36,Clase_37,Clase_38,Clase_39,Clase_40,Clase_41,Clase_42,Clase_43,Clase_44,Clase_45,Clase_46,Clase_47,Clase_48
0.053595703,0.019716758,0.019716758,0.019716758,0.019716758,0.019716758,0.019716758,0.019716758,0.019716758,0.019716758,0.019716758,0.019716758,0.019716758,0.019716758,0.019716758,0.019716758,0.019716758,0.019716758,0.019716758,0.019716758,0.019716758,0.019716758,0.019716758,0.019716758,0.019716758,0.019716758,0.019716758,0.019716758,0.019716758,0.019716758,0.019716758,0.019716758,0.019716758,0.019716758,0.019716758,0.019716758,0.019716758,0.019716758,0.019716758,0.019716758,0.019716758,0.019716758,0.019716758,0.019716758,0.019716758,0.019716758,0.019716758,0.019716758,0.019716758
0.053595703,0.019716758,0.019716758,0.019716758,0.019716758,0.019716758,0.019716758,0.019716758,0.019716758,0.019716758,0.019716758,0.019716758,0.019716758,0.019716758,0.019716758,0.019716758,0.019716758,0.019716758,0.019716758,0.019716758,0.019716758,0.019716758,0.019716758,0.019716758,0.019716758,0.019716758,0.019716758,0.019716758,0.019716758,0.019716758,0.019716758,0.019716758,0.019716758,0.019716758,0.019716758,0.019716758,0.019716758,0.019716758,0.019716758,0.019716758,0.019716758,0.019716758,0.019716758,0.019716758,0.019716758,0.019716758,0.019716758,0.019716758,0.019716758
0.019716758,0.019716758,0.019716758,0.019716758,0.019716758,0.019716758,0.019716758,0.019716758,0.019716758,0.019716758,0.019716758,0.019716758,0.019716758,0.019716758,0.019716758,0.019716758,0.019716758,0.019716758,0.019716758,0.019716758,0.019716758,0.019716758,0.019716758,0.019716758,0.053595703,0.019716758,0.019716758,0.019716758,0.019716758,0.019716758,0.019716758,0.019716758,0.019716758,0.019716758,0.019716758,0.019716758,0.019716758,0.019716758,0.019716758,0.019716758,0.019716758,0.019716758,0.019716758,0.019716758,0.019716758,0.019716758,0.019716758,0.019716758,0.019716758
0.019716758,0.019716758,0.019716758,0.019716758,0.019716758,0.019716758,0.019716758,0.019716758,0.019716758,0.019716758,0.019716758,0.019716758,0.019716758,0.019716758,0.019716758,0.019716758,0.019716758,0.019716758,0.019716758,0.019716758,0.019716758,0.019716758,0.053595703,0.019716758,0.019716758,0.019716758,0.019716758,0.019716758,0.019716758,0.019716758,0.019716758,0.019716758,0.019716758,0.019716758,0.019716758,0.019716758,0.019716758,0.019716758,0.019716758,0.019716758,0.019716758,0.019716758,0.019716758,0.019716758,0.019716758,0.019716758,0.019716758,0.019716758,0.019716758
0.053595703,0.019716758,0.019716758,0.019716758,0.019716758,0.019716758,0.019716758,0.019716758,0.019716758,0.019716758,0.019716758,0.019716758,0.019716758,0.019716758,0.019716758,0.019716758,0.019716758,0.019716758,0.019716758,0.019716758,0.019716758,0.019716758,0.019716758,0.019716758,0.019716758,0.019716758,0.019716758,0.019716758,0.019716758,0.019716758,0.019716758,0.019716758,0.019716758,0.019716758,0.019716758,0.019716758,0.019716758,0.019716758,0.019716758,0.019716758,0.019716758,0.019716758,0.019716758,0.019716758,0.019716758,0.019716758,0.019716758,0.019716758,0.019716758
0.053595703,0.019716758,0.019716758,0.019716758,0.019716758,0.019716758,0.019716758,0.019716758,0.019716758,0.019716758,0.019716758,0.019716758,0.019716758,0.019716758,0.019716758,0.019716758,0.019716758,0.019716758,0.019716758,0.019716758,0.019716758,0.019716758,0.019716758,0.019716758,0.019716758,0.019716758,0.019716758,0.019716758,0.019716758,0.019716758,0.019716758,0.019716758,0.019716758,0.019716758,0.019716758,0.019716758,0.019716758,0.019716758,0.019716758,0.019716758,0.019716758,0.019716758,0.019716758,0.019716758,0.019716758,0.019716758,0.019716758,0.019716758,0.019716758
0.053595703,0.019716758,0.019716758,0.019716758,0.019716758,0.019716758,0.019716758,0.019716758,0.019716758,0.019716758,0.019716758,0.019716758,0.019716758,0.019716758,0.019716758,0.019716758,0.019716758,0.019716758,0.019716758,0.019716758,0.019716758,0.019716758,0.019716758,0.019716758,0.019716758,0.019716758,0.019716758,0.019716758,0.019716758,0.019716758,0.019716758,0.019716758,0.019716758,0.019716758,0.019716758,0.019716758,0.019716758,0.019716758,0.019716758,0.019716758,0.019716758,0.019716758,0.019716758,0.019716758,0.019716758,0.019716758,0.019716758,0.019716758,0.019716758
0.053595703,0.019716758,0.019716758,0.019716758,0.019716758,0.019716758,0.019716758,0.019716758,0.019716758,0.019716758,0.019716758,0.019716758,0.019716758,0.019716758,0.019716758,0.019716758,0.019716758,0.019716758,0.019716758,0.019716758,0.019716758,0.019716758,0.019716758,0.019716758,0.019716758,0.019716758,0.019716758,0.019716758,0.019716758,0.019716758,0.019716758,0.019716758,0.019716758,0.019716758,0.019716758,0.019716758,0.019716758,0.019716758,0.019716758,0.019716758,0.019716758,0.019716758,0.019716758,0.019716758,0.019716758,0.019716758,0.019716758,0.019716758,0.019716758
0.019716758,0.019716758,0.019716758,0.019716758,0.019716758,0.019716758,0.019716758,0.019716758,0.019716758,0.019716758,0.019716758,0.019716758,0.019716758,0.019716758,0.019716758,0.019716758,0.019716758,0.019716758,0.019716758,0.019716758,0.019716758,0.019716758,0.019716758,0.019716758,0.019716758,0.019716758,0.019716758,0.019716758,0.019716758,0.019716758,0.019716758,0.019716758,0.019716758,0.019716758,0.019716758,0.019716758,0.019716758,0.019716758,0.019716758,0.019716758,0.019716758,0.019716758,0.019716758,0.019716758,0.019716758,0.053595703,0.019716758,0.019716758,0.019716758
0.053595703,0.019716758,0.019716758,0.019716758,0.019716758,0.019716758,0.019716758,0.019716758,0.019716758,0.019716758,0.019716758,0.019716758,0.019716758,0.019716758,0.019716758,0.019716758,0.019716758,0.019716758,0.019716758,0.019716758,0.019716758,0.019716758,0.019716758,0.019716758,0.019716758,0.019716758,0.019716758,0.019716758,0.019716758,0.019716758,0.019716758,0.019716758,0.019716758,0.019716758,0.019716758,0.019716758,0.019716758,0.019716758,0.019716758,0.019716758,0.019716758,0.019716758,0.019716758,0.019716758,0.019716758,0.019716758,0.019716758,0.019716758,0.019716758
0.019716758,0.053595703,0.019716758,0.019716758,0.019716758,0.019716758,0.019716758,0.019716758,0.019716758,0.019716758,0.019716758,0.019716758,0.019716758,0.019716758,0.019716758,0.019716758,0.019716758,0.019716758,0.019716758,0.019716758,0.019716758,0.019716758,0.019716758,0.019716758,0.019716758,0.019716758,0.019716758,0.019716758,0.019716758,0.019716758,0.019716758,0.019716758,0.019716758,0.019716758,0.019716758,0.019716758,0.019716758,0.019716758,0.019716758,0.019716758,0.019716758,0.019716758,0.019716758,0.019716758,0.019716758,0.019716758,0.019716758,0.019716758,0.019716758
0.019716758,0.053595703,0.019716758,0.019716758,0.019716758,0.019716758,0.019716758,0.019716758,0.019716758,0.019716758,0.019716758,0.019716758,0.019716758,0.019716758,0.019716758,0.019716758,0.019716758,0.019716758,0.019716758,0.019716758,0.019716758,0.019716758,0.019716758,0.019716758,0.019716758,0.019716758,0.019716758,0.019716758,0.019716758,0.019716758,0.019716758,0.019716758,0.019716758,0.019716758,0.019716758,0.019716758,0.019716758,0.019716758,0.019716758,0.019716758,0.019716758,0.019716758,0.019716758,0.019716758,0.019716758,0.019716758,0.019716758,0.019716758,0.019716758
0.019716758,0.053595703,0.019716758,0.019716758,0.019716758,0.019716758,0.019716758,0.019716758,0.019716758,0.019716758,0.019716758,0.019716758,0.019716758,0.019716758,0.019716758,0.019716758,0.019716758,0.019716758,0.019716758,0.019716758,0.019716758,0.019716758,0.019716758,0.019716758,0.019716758,0.019716758,0.019716758,0.019716758,0.019716758,0.019716758,0.019716758,0.019716758,0.019716758,0.019716758,0.019716758,0.019716758,0.019716758,0.019716758,0.019716758,0.019716758,0.019716758,0.019716758,0.019716758,0.019716758,0.019716758,0.019716758,0.019716758,0.019716758,0.019716758
0.019716758,0.053595703,0.019716758,0.019716758,0.019716758,0.019716758,0.019716758,0.019716758,0.019716758,0.019716758,0.019716758,0.019716758,0.019716758,0.019716758,0.019716758,0.019716758,0.019716758,0.019716758,0.019716758,0.019716758,0.019716758,0.019716758,0.019716758,0.019716758,0.019716758,0.019716758,0.019716758,0.019716758,0.019716758,0.019716758,0.019716758,0.019716758,0.019716758,0.019716758,0.019716758,0.019716758,0.019716758,0.019716758,0.019716758,0.019716758,0.019716758,0.019716758,0.019716758,0.019716758,0.019716758,0.019716758,0.019716758,0.019716758,0.019716758
0.019716758,0.053595703,0.019716758,0.019716758,0.019716758,0.019716758,0.019716758,0.019716758,0.019716758,0.019716758,0.019716758,0.019716758,0.019716758,0.019716758,0.019716758,0.019716758,0.019716758,0.019716758,0.019716758,0.019716758,0.019716758,0.019716758,0.019716758,0.019716758,0.019716758,0.019716758,0.019716758,0.019716758,0.019716758,0.019716758,0.019716758,0.019716758,0.019716758,0.019716758,0.019716758,0.019716758,0.019716758,0.019716758,0.019716758,0.019716758,0.019716758,0.019716758,0.019716758,0.019716758,0.019716758,0.019716758,0.019716758,0.019716758,0.019716758
0.019844156,0.04158174,0.019844156,0.019844156,0.019844156,0.025742877,0.019844156,0.019844156,0.019844156,0.019844156,0.019844156,0.019844156,0.019844156,0.019844156,0.019844156,0.019844156,0.019844156,0.019844156,0.019844156,0.019844156,0.019844156,0.019844156,0.019844156,0.019844156,0.019844156,0.019844156,0.019844156,0.019844156,0.019844156,0.019844156,0.019844156,0.019844156,0.019844156,0.019844156,0.019844156,0.019844156,0.019844156,0.019844156,0.019844156,0.019844156,0.019844156,0.019844156,0.019844156,0.019844156,0.019844156,0.019844156,0.019844156,0.019844156,0.019844156
0.019716758,0.053595703,0.019716758,0.019716758,0.019716758,0.019716758,0.019716758,0.019716758,0.019716758,0.019716758,0.019716758,0.019716758,0.019716758,0.019716758,0.019716758,0.019716758,0.019716758,0.019716758,0.019716758,0.019716758,0.019716758,0.019716758,0.019716758,0.019716758,0.019716758,0.019716758,0.019716758,0.019716758,0.019716758,0.019716758,0.019716758,0.019716758,0.019716758,0.019716758,0.019716758,0.019716758,0.019716758,0.019716758,0.019716758,0.019716758,0.019716758,0.019716758,0.019716758,0.019716758,0.019716758,0.019716758,0.019716758,0.019716758,0.019716758
0.019716758,0.053595703,0.019716758,0.019716758,0.019716758,0.019716758,0.019716758,0.019716758,0.019716758,0.019716758,0.019716758,0.019716758,0.019716758,0.019716758,0.019716758,0.019716758,0.019716758,0.019716758,0.019716758,0.019716758,0.019716758,0.019716758,0.019716758,0.019716758,0.019716758,0.019716758,0.019716758,0.019716758,0.019716758,0.019716758,0.019716758,0.019716758,0.019716758,0.019716758,0.019716758,0.019716758,0.019716758,0.019716758,0.019716758,0.019716758,0.019716758,0.019716758,0.019716758,0.019716758,0.019716758,0.019716758,0.019716758,0.019716758,0.019716758
0.019716758,0.019716758,0.019716758,0.019716758,0.019716758,0.019716758,0.019716758,0.019716758,0.019716758,0.019716758,0.019716758,0.019716758,0.019716758,0.019716758,0.019716758,0.019716758,0.019716758,0.053595703,0.019716758,0.019716758,0.019716758,0.019716758,0.019716758,0.019716758,0.019716758,0.019716758,0.019716758,0.019716758,0.019716758,0.019716758,0.019716758,0.019716758,0.019716758,0.019716758,0.019716758,0.019716758,0.019716758,0.019716758,0.019716758,0.019716758,0.019716758,0.019716758,0.019716758,0.019716758,0.019716758,0.019716758,0.019716758,0.019716758,0.019716758
0.019716758,0.053595703,0.019716758,0.019716758,0.019716758,0.019716758,0.019716758,0.019716758,0.019716758,0.019716758,0.019716758,0.019716758,0.019716758,0.019716758,0.019716758,0.019716758,0.019716758,0.019716758,0.019716758,0.019716758,0.019716758,0.019716758,0.019716758,0.019716758,0.019716758,0.019716758,0.019716758,0.019716758,0.019716758,0.019716758,0.019716758,0.019716758,0.019716758,0.019716758,0.019716758,0.019716758,0.019716758,0.019716758,0.019716758,0.019716758,0.019716758,0.019716758,0.019716758,0.019716758,0.019716758,0.019716758,0.019716758,0.019716758,0.019716758
0.019716758,0.019716758,0.053595703,0.019716758,0.019716758,0.019716758,0.019716758,0.019716758,0.019716758,0.019716758,0.019716758,0.019716758,0.019716758,0.019716758,0.019716758,0.019716758,0.019716758,0.019716758,0.019716758,0.019716758,0.019716758,0.019716758,0.019716758,0.019716758,0.019716758,0.019716758,0.019716758,0.019716758,0.019716758,0.019716758,0.019716758,0.019716758,0.019716758,0.019716758,0.019716758,0.019716758,0.019716758,0.019716758,0.019716758,0.019716758,0.019716758,0.019716758,0.019716758,0.019716758,0.019716758,0.019716758,0.019716758,0.019716758,0.019716758
0.019716758,0.019716758,0.053595703,0.019716758,0.019716758,0.019716758,0.019716758,0.019716758,0.019716758,0.019716758,0.019716758,0.019716758,0.019716758,0.019716758,0.019716758,0.019716758,0.019716758,0.019716758,0.019716758,0.019716758,0.019716758,0.019716758,0.019716758,0.019716758,0.019716758,0.019716758,0.019716758,0.019716758,0.019716758,0.019716758,0.019716758,0.019716758,0.019716758,0.019716758,0.019716758,0.019716758,0.019716758,0.019716758,0.019716758,0.019716758,0.019716758,0.019716758,0.019716758,0.019716758,0.019716758,0.019716758,0.019716758,0.019716758,0.019716758
0.019716758,0.019716758,0.053595703,0.019716758,0.019716758,0.019716758,0.019716758,0.019716758,0.019716758,0.019716758,0.019716758,0.019716758,0.019716758,0.019716758,0.019716758,0.019716758,0.019716758,0.019716758,0.019716758,0.019716758,0.019716758,0.019716758,0.019716758,0.019716758,0.019716758,0.019716758,0.019716758,0.019716758,0.019716758,0.019716758,0.019716758,0.019716758,0.019716758,0.019716758,0.019716758,0.019716758,0.019716758,0.019716758,0.019716758,0.019716758,0.019716758,0.019716758,0.019716758,0.019716758,0.019716758,0.019716758,0.019716758,0.019716758,0.019716758
0.019716758,0.019716758,0.053595703,0.019716758,0.019716758,0.019716758,0.019716758,0.019716758,0.019716758,0.019716758,0.019716758,0.019716758,0.019716758,0.019716758,0.019716758,0.019716758,0.019716758,0.019716758,0.019716758,0.019716758,0.019716758,0.019716758,0.019716758,0.019716758,0.019716758,0.019716758,0.019716758,0.019716758,0.019716758,0.019716758,0.019716758,0.019716758,0.019716758,0.019716758,0.019716758,0.019716758,0.019716758,0.019716758,0.019716758,0.019716758,0.019716758,0.019716758,0.019716758,0.019716758,0.019716758,0.019716758,0.019716758,0.019716758,0.019716758
0.019716758,0.019716758,0.053595703,0.019716758,0.019716758,0.019716758,0.019716758,0.019716758,0.019716758,0.019716758,0.019716758,0.019716758,0.019716758,0.019716758,0.019716758,0.019716758,0.019716758,0.019716758,0.019716758,0.019716758,0.019716758,0.019716758,0.019716758,0.019716758,0.019716758,0.019716758,0.019716758,0.019716758,0.019716758,0.019716758,0.019716758,0.019716758,0.019716758,0.019716758,0.019716758,0.019716758,0.019716758,0.019716758,0.019716758,0.019716758,0.019716758,0.019716758,0.019716758,0.019716758,0.019716758,0.019716758,0.019716758,0.019716758,0.019716758
0.019716758,0.019716758,0.053595703,0.019716758,0.019716758,0.019716758,0.019716758,0.019716758,0.019716758,0.019716758,0.019716758,0.019716758,0.019716758,0.019716758,0.019716758,0.019716758,0.019716758,0.019716758,0.019716758,0.019716758,0.019716758,0.019716758,0.019716758,0.019716758,0.019716758,0.019716758,0.019716758,0.019716758,0.019716758,0.019716758,0.019716758,0.019716758,0.019716758,0.019716758,0.019716758,0.019716758,0.019716758,0.019716758,0.019716758,0.019716758,0.019716758,0.019716758,0.019716758,0.019716758,0.019716758,0.019716758,0.019716758,0.019716758,0.019716758
0.019716758,0.019716758,0.053595703,0.019716758,0.019716758,0.019716758,0.019716758,0.019716758,0.019716758,0.019716758,0.019716758,0.019716758,0.019716758,0.019716758,0.019716758,0.019716758,0.019716758,0.019716758,0.019716758,0.019716758,0.019716758,0.019716758,0.019716758,0.019716758,0.019716758,0.019716758,0.019716758,0.019716758,0.019716758,0.019716758,0.019716758,0.019716758,0.019716758,0.019716758,0.019716758,0.019716758,0.019716758,0.019716758,0.019716758,0.019716758,0.019716758,0.019716758,0.019716758,0.019716758,0.019716758,0.019716758,0.019716758,0.019716758,0.019716758
0.019716758,0.019716758,0.053595703,0.019716758,0.019716758,0.019716758,0.019716758,0.019716758,0.019716758,0.019716758,0.019716758,0.019716758,0.019716758,0.019716758,0.019716758,0.019716758,0.019716758,0.019716758,0.019716758,0.019716758,0.019716758,0.019716758,0.019716758,0.019716758,0.019716758,0.019716758,0.019716758,0.019716758,0.019716758,0.019716758,0.019716758,0.019716758,0.019716758,0.019716758,0.019716758,0.019716758,0.019716758,0.019716758,0.019716758,0.019716758,0.019716758,0.019716758,0.019716758,0.019716758,0.019716758,0.019716758,0.019716758,0.019716758,0.019716758
0.019716758,0.019716758,0.053595703,0.019716758,0.019716758,0.019716758,0.019716758,0.019716758,0.019716758,0.019716758,0.019716758,0.019716758,0.019716758,0.019716758,0.019716758,0.019716758,0.019716758,0.019716758,0.019716758,0.019716758,0.019716758,0.019716758,0.019716758,0.019716758,0.019716758,0.019716758,0.019716758,0.019716758,0.019716758,0.019716758,0.019716758,0.019716758,0.019716758,0.019716758,0.019716758,0.019716758,0.019716758,0.019716758,0.019716758,0.019716758,0.019716758,0.019716758,0.019716758,0.019716758,0.019716758,0.019716758,0.019716758,0.019716758,0.019716758
0.019716758,0.019716758,0.019716758,0.019716758,0.019716758,0.053595703,0.019716758,0.019716758,0.019716758,0.019716758,0.019716758,0.019716758,0.019716758,0.019716758,0.019716758,0.019716758,0.019716758,0.019716758,0.019716758,0.019716758,0.019716758,0.019716758,0.019716758,0.019716758,0.019716758,0.019716758,0.019716758,0.019716758,0.019716758,0.019716758,0.019716758,0.019716758,0.019716758,0.019716758,0.019716758,0.019716758,0.019716758,0.019716758,0.019716758,0.019716758,0.019716758,0.019716758,0.019716758,0.019716758,0.019716758,0.019716758,0.019716758,0.019716758,0.019716758
0.019716758,0.019716758,0.019716758,0.019716758,0.019716758,0.019716758,0.019716758,0.019716758,0.019716758,0.019716758,0.019716758,0.019716758,0.019716758,0.019716758,0.019716758,0.019716758,0.019716758,0.019716758,0.019716758,0.019716758,0.019716758,0.019716758,0.019716758,0.019716758,0.019716758,0.053595703,0.019716758,0.019716758,0.019716758,0.019716758,0.019716758,0.019716758,0.019716758,0.019716758,0.019716758,0.019716758,0.019716758,0.019716758,0.019716758,0.019716758,0.019716758,0.019716758,0.019716758,0.019716758,0.019716758,0.019716758,0.019716758,0.019716758,0.019716758
0.019716758,0.019716758,0.019716758,0.053595703,0.019716758,0.019716758,0.019716758,0.019716758,0.019716758,0.019716758,0.019716758,0.019716758,0.019716758,0.019716758,0.019716758,0.019716758,0.019716758,0.019716758,0.019716758,0.019716758,0.019716758,0.019716758,0.019716758,0.019716758,0.019716758,0.019716758,0.019716758,0.019716758,0.019716758,0.019716758,0.019716758,0.019716758,0.019716758,0.019716758,0.019716758,0.019716758,0.019716758,0.019716758,0.019716758,0.019716758,0.019716758,0.019716758,0.019716758,0.019716758,0.019716758,0.019716758,0.019716758,0.019716758,0.019716758
0.019716758,0.019716758,0.019716758,0.053595703,0.019716758,0.019716758,0.019716758,0.019716758,0.019716758,0.019716758,0.019716758,0.019716758,0.019716758,0.019716758,0.019716758,0.019716758,0.019716758,0.019716758,0.019716758,0.019716758,0.019716758,0.019716758,0.019716758,0.019716758,0.019716758,0.019716758,0.019716758,0.019716758,0.019716758,0.019716758,0.019716758,0.019716758,0.019716758,0.019716758,0.019716758,0.019716758,0.019716758,0.019716758,0.019716758,0.019716758,0.019716758,0.019716758,0.019716758,0.019716758,0.019716758,0.019716758,0.019716758,0.019716758,0.019716758
0.019716758,0.019716758,0.019716758,0.053595703,0.019716758,0.019716758,0.019716758,0.019716758,0.019716758,0.019716758,0.019716758,0.019716758,0.019716758,0.019716758,0.019716758,0.019716758,0.019716758,0.019716758,0.019716758,0.019716758,0.019716758,0.019716758,0.019716758,0.019716758,0.019716758,0.019716758,0.019716758,0.019716758,0.019716758,0.019716758,0.019716758,0.019716758,0.019716758,0.019716758,0.019716758,0.019716758,0.019716758,0.019716758,0.019716758,0.019716758,0.019716758,0.019716758,0.019716758,0.019716758,0.019716758,0.019716758,0.019716758,0.019716758,0.019716758
0.019716758,0.019716758,0.019716758,0.053595703,0.019716758,0.019716758,0.019716758,0.019716758,0.019716758,0.019716758,0.019716758,0.019716758,0.019716758,0.019716758,0.019716758,0.019716758,0.019716758,0.019716758,0.019716758,0.019716758,0.019716758,0.019716758,0.019716758,0.019716758,0.019716758,0.019716758,0.019716758,0.019716758,0.019716758,0.019716758,0.019716758,0.019716758,0.019716758,0.019716758,0.019716758,0.019716758,0.019716758,0.019716758,0.019716758,0.019716758,0.019716758,0.019716758,0.019716758,0.019716758,0.019716758,0.019716758,0.019716758,0.019716758,0.019716758
0.019716758,0.019716758,0.019716758,0.053595703,0.019716758,0.019716758,0.019716758,0.019716758,0.019716758,0.019716758,0.019716758,0.019716758,0.019716758,0.019716758,0.019716758,0.019716758,0.019716758,0.019716758,0.019716758,0.019716758,0.019716758,0.019716758,0.019716758,0.019716758,0.019716758,0.019716758,0.019716758,0.019716758,0.019716758,0.019716758,0.019716758,0.019716758,0.019716758,0.019716758,0.019716758,0.019716758,0.019716758,0.019716758,0.019716758,0.019716758,0.019716758,0.019716758,0.019716758,0.019716758,0.019716758,0.019716758,0.019716758,0.019716758,0.019716758
0.019716758,0.019716758,0.019716758,0.019716758,0.019716758,0.019716758,0.019716758,0.019716758,0.019716758,0.019716758,0.019716758,0.019716758,0.019716758,0.019716758,0.019716758,0.019716758,0.019716758,0.019716758,0.019716758,0.019716758,0.019716758,0.019716758,0.019716758,0.019716758,0.019716758,0.053595703,0.019716758,0.019716758,0.019716758,0.019716758,0.019716758,0.019716758,0.019716758,0.019716758,0.019716758,0.019716758,0.019716758,0.019716758,0.019716758,0.019716758,0.019716758,0.019716758,0.019716758,0.019716758,0.019716758,0.019716758,0.019716758,0.019716758,0.019716758
0.019716758,0.019716758,0.019716758,0.053595703,0.019716758,0.019716758,0.019716758,0.019716758,0.019716758,0.019716758,0.019716758,0.019716758,0.019716758,0.019716758,0.019716758,0.019716758,0.019716758,0.019716758,0.019716758,0.019716758,0.019716758,0.019716758,0.019716758,0.019716758,0.019716758,0.019716758,0.019716758,0.019716758,0.019716758,0.019716758,0.019716758,0.019716758,0.019716758,0.019716758,0.019716758,0.019716758,0.019716758,0.019716758,0.019716758,0.019716758,0.019716758,0.019716758,0.019716758,0.019716758,0.019716758,0.019716758,0.019716758,0.019716758,0.019716758
0.019716758,0.019716758,0.019716758,0.053595703,0.019716758,0.019716758,0.019716758,0.019716758,0.019716758,0.019716758,0.019716758,0.019716758,0.019716758,0.019716758,0.019716758,0.019716758,0.019716758,0.019716758,0.019716758,0.019716758,0.019716758,0.019716758,0.019716758,0.019716758,0.019716758,0.019716758,0.019716758,0.019716758,0.019716758,0.019716758,0.019716758,0.019716758,0.019716758,0.019716758,0.019716758,0.019716758,0.019716758,0.019716758,0.019716758,0.019716758,0.019716758,0.019716758,0.019716758,0.019716758,0.019716758,0.019716758,0.019716758,0.019716758,0.019716758
0.019716758,0.019716758,0.019716758,0.019716758,0.019716758,0.019716758,0.019716758,0.019716758,0.019716758,0.019716758,0.019716758,0.019716758,0.019716758,0.019716758,0.019716758,0.019716758,0.019716758,0.019716758,0.019716758,0.019716758,0.019716758,0.019716758,0.019716758,0.019716758,0.019716758,0.019716758,0.019716758,0.019716758,0.019716758,0.019716758,0.019716758,0.053595707,0.019716758,0.019716758,0.019716758,0.019716758,0.019716758,0.019716758,0.019716758,0.019716758,0.019716758,0.019716758,0.019716758,0.019716758,0.019716758,0.019716758,0.019716758,0.019716758,0.019716758
0.019716758,0.019716758,0.019716758,0.019716758,0.053595703,0.019716758,0.019716758,0.019716758,0.019716758,0.019716758,0.019716758,0.019716758,0.019716758,0.019716758,0.019716758,0.019716758,0.019716758,0.019716758,0.019716758,0.019716758,0.019716758,0.019716758,0.019716758,0.019716758,0.019716758,0.019716758,0.019716758,0.019716758,0.019716758,0.019716758,0.019716758,0.019716758,0.019716758,0.019716758,0.019716758,0.019716758,0.019716758,0.019716758,0.019716758,0.019716758,0.019716758,0.019716758,0.019716758,0.019716758,0.019716758,0.019716758,0.019716758,0.019716758,0.019716758
0.019716758,0.019716758,0.019716758,0.019716758,0.053595703,0.019716758,0.019716758,0.019716758,0.019716758,0.019716758,0.019716758,0.019716758,0.019716758,0.019716758,0.019716758,0.019716758,0.019716758,0.019716758,0.019716758,0.019716758,0.019716758,0.019716758,0.019716758,0.019716758,0.019716758,0.019716758,0.019716758,0.019716758,0.019716758,0.019716758,0.019716758,0.019716758,0.019716758,0.019716758,0.019716758,0.019716758,0.019716758,0.019716758,0.019716758,0.019716758,0.019716758,0.019716758,0.019716758,0.019716758,0.019716758,0.019716758,0.019716758,0.019716758,0.019716758
0.019716758,0.019716758,0.019716758,0.019716758,0.019716758,0.019716758,0.019716758,0.019716758,0.019716758,0.019716758,0.019716758,0.019716758,0.019716758,0.019716758,0.019716758,0.019716758,0.019716758,0.019716758,0.019716758,0.019716758,0.019716758,0.019716758,0.053595703,0.019716758,0.019716758,0.019716758,0.019716758,0.019716758,0.019716758,0.019716758,0.019716758,0.019716758,0.019716758,0.019716758,0.019716758,0.019716758,0.019716758,0.019716758,0.019716758,0.019716758,0.019716758,0.019716758,0.019716758,0.019716758,0.019716758,0.019716758,0.019716758,0.019716758,0.019716758
0.019716758,0.019716758,0.019716758,0.019716758,0.053595703,0.019716758,0.019716758,0.019716758,0.019716758,0.019716758,0.019716758,0.019716758,0.019716758,0.019716758,0.019716758,0.019716758,0.019716758,0.019716758,0.019716758,0.019716758,0.019716758,0.019716758,0.019716758,0.019716758,0.019716758,0.019716758,0.019716758,0.019716758,0.019716758,0.019716758,0.019716758,0.019716758,0.019716758,0.019716758,0.019716758,0.019716758,0.019716758,0.019716758,0.019716758,0.019716758,0.019716758,0.019716758,0.019716758,0.019716758,0.019716758,0.019716758,0.019716758,0.019716758,0.019716758
0.019716758,0.019716758,0.019716758,0.019716758,0.019716758,0.019716758,0.019716758,0.019716758,0.019716758,0.019716758,0.019716758,0.019716758,0.019716758,0.019716758,0.019716758,0.019716758,0.019716758,0.019716758,0.019716758,0.019716758,0.019716758,0.019716758,0.019716758,0.019716758,0.019716758,0.019716758,0.053595703,0.019716758,0.019716758,0.019716758,0.019716758,0.019716758,0.019716758,0.019716758,0.019716758,0.019716758,0.019716758,0.019716758,0.019716758,0.019716758,0.019716758,0.019716758,0.019716758,0.019716758,0.019716758,0.019716758,0.019716758,0.019716758,0.019716758
0.019716758,0.019716758,0.019716758,0.019716758,0.053595703,0.019716758,0.019716758,0.019716758,0.019716758,0.019716758,0.019716758,0.019716758,0.019716758,0.019716758,0.019716758,0.019716758,0.019716758,0.019716758,0.019716758,0.019716758,0.019716758,0.019716758,0.019716758,0.019716758,0.019716758,0.019716758,0.019716758,0.019716758,0.019716758,0.019716758,0.019716758,0.019716758,0.019716758,0.019716758,0.019716758,0.019716758,0.019716758,0.019716758,0.019716758,0.019716758,0.019716758,0.019716758,0.019716758,0.019716758,0.019716758,0.019716758,0.019716758,0.019716758,0.019716758
0.019716758,0.019716758,0.019716758,0.019716758,0.053595703,0.019716758,0.019716758,0.019716758,0.019716758,0.019716758,0.019716758,0.019716758,0.019716758,0.019716758,0.019716758,0.019716758,0.019716758,0.019716758,0.019716758,0.019716758,0.019716758,0.019716758,0.019716758,0.019716758,0.019716758,0.019716758,0.019716758,0.019716758,0.019716758,0.019716758,0.019716758,0.019716758,0.019716758,0.019716758,0.019716758,0.019716758,0.019716758,0.019716758,0.019716758,0.019716758,0.019716758,0.019716758,0.019716758,0.019716758,0.019716758,0.019716758,0.019716758,0.019716758,0.019716758
0.019716758,0.019716758,0.019716758,0.019716758,0.053595703,0.019716758,0.019716758,0.019716758,0.019716758,0.019716758,0.019716758,0.019716758,0.019716758,0.019716758,0.019716758,0.019716758,0.019716758,0.019716758,0.019716758,0.019716758,0.019716758,0.019716758,0.019716758,0.019716758,0.019716758,0.019716758,0.019716758,0.019716758,0.019716758,0.019716758,0.019716758,0.019716758,0.019716758,0.019716758,0.019716758,0.019716758,0.019716758,0.019716758,0.019716758,0.019716758,0.019716758,0.019716758,0.019716758,0.019716758,0.019716758,0.019716758,0.019716758,0.019716758,0.019716758
0.019716758,0.019716758,0.019716758,0.019716758,0.053595703,0.019716758,0.019716758,0.019716758,0.019716758,0.019716758,0.019716758,0.019716758,0.019716758,0.019716758,0.019716758,0.019716758,0.019716758,0.019716758,0.019716758,0.019716758,0.019716758,0.019716758,0.019716758,0.019716758,0.019716758,0.019716758,0.019716758,0.019716758,0.019716758,0.019716758,0.019716758,0.019716758,0.019716758,0.019716758,0.019716758,0.019716758,0.019716758,0.019716758,0.019716758,0.019716758,0.019716758,0.019716758,0.019716758,0.019716758,0.019716758,0.019716758,0.019716758,0.019716758,0.019716758
0.019716758,0.019716758,0.019716758,0.019716758,0.053595703,0.019716758,0.019716758,0.019716758,0.019716758,0.019716758,0.019716758,0.019716758,0.019716758,0.019716758,0.019716758,0.019716758,0.019716758,0.019716758,0.019716758,0.019716758,0.019716758,0.019716758,0.019716758,0.019716758,0.019716758,0.019716758,0.019716758,0.019716758,0.019716758,0.019716758,0.019716758,0.019716758,0.019716758,0.019716758,0.019716758,0.019716758,0.019716758,0.019716758,0.019716758,0.019716758,0.019716758,0.019716758,0.019716758,0.019716758,0.019716758,0.019716758,0.019716758,0.019716758,0.019716758
0.019716758,0.019716758,0.019716758,0.019716758,0.019716758,0.053595703,0.019716758,0.019716758,0.019716758,0.019716758,0.019716758,0.019716758,0.019716758,0.019716758,0.019716758,0.019716758,0.019716758,0.019716758,0.019716758,0.019716758,0.019716758,0.019716758,0.019716758,0.019716758,0.019716758,0.019716758,0.019716758,0.019716758,0.019716758,0.019716758,0.019716758,0.019716758,0.019716758,0.019716758,0.019716758,0.019716758,0.019716758,0.019716758,0.019716758,0.019716758,0.019716758,0.019716758,0.019716758,0.019716758,0.019716758,0.019716758,0.019716758,0.019716758,0.019716758
0.019716758,0.019716758,0.019716758,0.019716758,0.019716758,0.053595703,0.019716758,0.019716758,0.019716758,0.019716758,0.019716758,0.019716758,0.019716758,0.019716758,0.019716758,0.019716758,0.019716758,0.019716758,0.019716758,0.019716758,0.019716758,0.019716758,0.019716758,0.019716758,0.019716758,0.019716758,0.019716758,0.019716758,0.019716758,0.019716758,0.019716758,0.019716758,0.019716758,0.019716758,0.019716758,0.019716758,0.019716758,0.019716758,0.019716758,0.019716758,0.019716758,0.019716758,0.019716758,0.019716758,0.019716758,0.019716758,0.019716758,0.019716758,0.019716758
0.019716758,0.019716758,0.019716758,0.019716758,0.019716758,0.019716758,0.019716758,0.019716758,0.019716758,0.019716758,0.019716758,0.019716758,0.019716758,0.019716758,0.019716758,0.019716758,0.019716758,0.019716758,0.019716758,0.019716758,0.019716758,0.019716758,0.019716758,0.019716758,0.019716758,0.019716758,0.019716758,0.019716758,0.019716758,0.019716758,0.019716758,0.019716758,0.019716758,0.019716758,0.019716758,0.019716758,0.019716758,0.019716758,0.019716758,0.019716758,0.019716758,0.019716758,0.019716758,0.019716758,0.053595703,0.019716758,0.019716758,0.019716758,0.019716758
0.019716758,0.053595703,0.019716758,0.019716758,0.019716758,0.019716758,0.019716758,0.019716758,0.019716758,0.019716758,0.019716758,0.019716758,0.019716758,0.019716758,0.019716758,0.019716758,0.019716758,0.019716758,0.019716758,0.019716758,0.019716758,0.019716758,0.019716758,0.019716758,0.019716758,0.019716758,0.019716758,0.019716758,0.019716758,0.019716758,0.019716758,0.019716758,0.019716758,0.019716758,0.019716758,0.019716758,0.019716758,0.019716758,0.019716758,0.019716758,0.019716758,0.019716758,0.019716758,0.019716758,0.019716758,0.019716758,0.019716758,0.019716758,0.019716758
0.019716758,0.019716758,0.053595703,0.019716758,0.019716758,0.019716758,0.019716758,0.019716758,0.019716758,0.019716758,0.019716758,0.019716758,0.019716758,0.019716758,0.019716758,0.019716758,0.019716758,0.019716758,0.019716758,0.019716758,0.019716758,0.019716758,0.019716758,0.019716758,0.019716758,0.019716758,0.019716758,0.019716758,0.019716758,0.019716758,0.019716758,0.019716758,0.019716758,0.019716758,0.019716758,0.019716758,0.019716758,0.019716758,0.019716758,0.019716758,0.019716758,0.019716758,0.019716758,0.019716758,0.019716758,0.019716758,0.019716758,0.019716758,0.019716758
0.019716758,0.019716758,0.019716758,0.019716758,0.019716758,0.053595703,0.019716758,0.019716758,0.019716758,0.019716758,0.019716758,0.019716758,0.019716758,0.019716758,0.019716758,0.019716758,0.019716758,0.019716758,0.019716758,0.019716758,0.019716758,0.019716758,0.019716758,0.019716758,0.019716758,0.019716758,0.019716758,0.019716758,0.019716758,0.019716758,0.019716758,0.019716758,0.019716758,0.019716758,0.019716758,0.019716758,0.019716758,0.019716758,0.019716758,0.019716758,0.019716758,0.019716758,0.019716758,0.019716758,0.019716758,0.019716758,0.019716758,0.019716758,0.019716758
0.019716758,0.019716758,0.019716758,0.019716758,0.019716758,0.019716758,0.019716758,0.019716758,0.019716758,0.019716758,0.019716758,0.019716758,0.019716758,0.019716758,0.019716758,0.019716758,0.019716758,0.019716758,0.019716758,0.019716758,0.019716758,0.019716758,0.019716758,0.019716758,0.019716758,0.019716758,0.019716758,0.019716758,0.019716758,0.019716758,0.019716758,0.019716758,0.019716758,0.019716758,0.019716758,0.019716758,0.019716758,0.019716758,0.019716758,0.053595707,0.019716758,0.019716758,0.019716758,0.019716758,0.019716758,0.019716758,0.019716758,0.019716758,0.019716758
0.019716758,0.019716758,0.019716758,0.019716758,0.019716758,0.019716758,0.019716758,0.019716758,0.019716758,0.019716758,0.019716758,0.019716758,0.019716758,0.019716758,0.019716758,0.019716758,0.019716758,0.019716758,0.019716758,0.019716758,0.019716758,0.019716758,0.019716758,0.019716758,0.019716758,0.019716758,0.019716758,0.019716758,0.019716758,0.019716758,0.019716758,0.019716758,0.019716758,0.019716758,0.019716758,0.019716758,0.019716758,0.019716758,0.019716758,0.019716758,0.053595703,0.019716758,0.019716758,0.019716758,0.019716758,0.019716758,0.019716758,0.019716758,0.019716758
0.019716758,0.019716758,0.019716758,0.019716758,0.019716758,0.019716758,0.019716758,0.019716758,0.019716758,0.019716758,0.019716758,0.019716758,0.019716758,0.019716758,0.019716758,0.019716758,0.019716758,0.019716758,0.019716758,0.019716758,0.019716758,0.019716758,0.019716758,0.019716758,0.019716758,0.019716758,0.019716758,0.019716758,0.019716758,0.019716758,0.019716758,0.019716758,0.019716758,0.019716758,0.019716758,0.019716758,0.019716758,0.019716758,0.019716758,0.019716758,0.053595703,0.019716758,0.019716758,0.019716758,0.019716758,0.019716758,0.019716758,0.019716758,0.019716758
0.019716758,0.019716758,0.019716758,0.019716758,0.019716758,0.019716758,0.019716758,0.019716758,0.019716758,0.019716758,0.019716758,0.019716758,0.019716758,0.019716758,0.019716758,0.019716758,0.019716758,0.019716758,0.019716758,0.019716758,0.053595703,0.019716758,0.019716758,0.019716758,0.019716758,0.019716758,0.019716758,0.019716758,0.019716758,0.019716758,0.019716758,0.019716758,0.019716758,0.019716758,0.019716758,0.019716758,0.019716758,0.019716758,0.019716758,0.019716758,0.019716758,0.019716758,0.019716758,0.019716758,0.019716758,0.019716758,0.019716758,0.019716758,0.019716758
0.019716758,0.019716758,0.019716758,0.019716758,0.019716758,0.019716758,0.053595703,0.019716758,0.019716758,0.019716758,0.019716758,0.019716758,0.019716758,0.019716758,0.019716758,0.019716758,0.019716758,0.019716758,0.019716758,0.019716758,0.019716758,0.019716758,0.019716758,0.019716758,0.019716758,0.019716758,0.019716758,0.019716758,0.019716758,0.019716758,0.019716758,0.019716758,0.019716758,0.019716758,0.019716758,0.019716758,0.019716758,0.019716758,0.019716758,0.019716758,0.019716758,0.019716758,0.019716758,0.019716758,0.019716758,0.019716758,0.019716758,0.019716758,0.019716758
0.019716758,0.019716758,0.019716758,0.019716758,0.019716758,0.019716758,0.053595703,0.019716758,0.019716758,0.019716758,0.019716758,0.019716758,0.019716758,0.019716758,0.019716758,0.019716758,0.019716758,0.019716758,0.019716758,0.019716758,0.019716758,0.019716758,0.019716758,0.019716758,0.019716758,0.019716758,0.019716758,0.019716758,0.019716758,0.019716758,0.019716758,0.019716758,0.019716758,0.019716758,0.019716758,0.019716758,0.019716758,0.019716758,0.019716758,0.019716758,0.019716758,0.019716758,0.019716758,0.019716758,0.019716758,0.019716758,0.019716758,0.019716758,0.019716758
0.019716758,0.019716758,0.019716758,0.019716758,0.019716758,0.019716758,0.053595703,0.019716758,0.019716758,0.019716758,0.019716758,0.019716758,0.019716758,0.019716758,0.019716758,0.019716758,0.019716758,0.019716758,0.019716758,0.019716758,0.019716758,0.019716758,0.019716758,0.019716758,0.019716758,0.019716758,0.019716758,0.019716758,0.019716758,0.019716758,0.019716758,0.019716758,0.019716758,0.019716758,0.019716758,0.019716758,0.019716758,0.019716758,0.019716758,0.019716758,0.019716758,0.019716758,0.019716758,0.019716758,0.019716758,0.019716758,0.019716758,0.019716758,0.019716758
0.019716758,0.019716758,0.019716758,0.019716758,0.019716758,0.019716758,0.053595703,0.019716758,0.019716758,0.019716758,0.019716758,0.019716758,0.019716758,0.019716758,0.019716758,0.019716758,0.019716758,0.019716758,0.019716758,0.019716758,0.019716758,0.019716758,0.019716758,0.019716758,0.019716758,0.019716758,0.019716758,0.019716758,0.019716758,0.019716758,0.019716758,0.019716758,0.019716758,0.019716758,0.019716758,0.019716758,0.019716758,0.019716758,0.019716758,0.019716758,0.019716758,0.019716758,0.019716758,0.019716758,0.019716758,0.019716758,0.019716758,0.019716758,0.019716758
0.019716758,0.019716758,0.019716758,0.019716758,0.019716758,0.019716758,0.053595703,0.019716758,0.019716758,0.019716758,0.019716758,0.019716758,0.019716758,0.019716758,0.019716758,0.019716758,0.019716758,0.019716758,0.019716758,0.019716758,0.019716758,0.019716758,0.019716758,0.019716758,0.019716758,0.019716758,0.019716758,0.019716758,0.019716758,0.019716758,0.019716758,0.019716758,0.019716758,0.019716758,0.019716758,0.019716758,0.019716758,0.019716758,0.019716758,0.019716758,0.019716758,0.019716758,0.019716758,0.019716758,0.019716758,0.019716758,0.019716758,0.019716758,0.019716758
0.019716758,0.019716758,0.019716758,0.019716758,0.019716758,0.019716758,0.019716758,0.019716758,0.019716758,0.053595703,0.019716758,0.019716758,0.019716758,0.019716758,0.019716758,0.019716758,0.019716758,0.019716758,0.019716758,0.019716758,0.019716758,0.019716758,0.019716758,0.019716758,0.019716758,0.019716758,0.019716758,0.019716758,0.019716758,0.019716758,0.019716758,0.019716758,0.019716758,0.019716758,0.019716758,0.019716758,0.019716758,0.019716758,0.019716758,0.019716758,0.019716758,0.019716758,0.019716758,0.019716758,0.019716758,0.019716758,0.019716758,0.019716758,0.019716758
0.019716758,0.019716758,0.019716758,0.019716758,0.019716758,0.019716758,0.019716758,0.019716758,0.019716758,0.019716758,0.019716758,0.019716758,0.019716758,0.019716758,0.019716758,0.053595707,0.019716758,0.019716758,0.019716758,0.019716758,0.019716758,0.019716758,0.019716758,0.019716758,0.019716758,0.019716758,0.019716758,0.019716758,0.019716758,0.019716758,0.019716758,0.019716758,0.019716758,0.019716758,0.019716758,0.019716758,0.019716758,0.019716758,0.019716758,0.019716758,0.019716758,0.019716758,0.019716758,0.019716758,0.019716758,0.019716758,0.019716758,0.019716758,0.019716758
0.019716758,0.019716758,0.053595703,0.019716758,0.019716758,0.019716758,0.019716758,0.019716758,0.019716758,0.019716758,0.019716758,0.019716758,0.019716758,0.019716758,0.019716758,0.019716758,0.019716758,0.019716758,0.019716758,0.019716758,0.019716758,0.019716758,0.019716758,0.019716758,0.019716758,0.019716758,0.019716758,0.019716758,0.019716758,0.019716758,0.019716758,0.019716758,0.019716758,0.019716758,0.019716758,0.019716758,0.019716758,0.019716758,0.019716758,0.019716758,0.019716758,0.019716758,0.019716758,0.019716758,0.019716758,0.019716758,0.019716758,0.019716758,0.019716758
0.019716758,0.019716758,0.019716758,0.019716758,0.019716758,0.019716758,0.053595703,0.019716758,0.019716758,0.019716758,0.019716758,0.019716758,0.019716758,0.019716758,0.019716758,0.019716758,0.019716758,0.019716758,0.019716758,0.019716758,0.019716758,0.019716758,0.019716758,0.019716758,0.019716758,0.019716758,0.019716758,0.019716758,0.019716758,0.019716758,0.019716758,0.019716758,0.019716758,0.019716758,0.019716758,0.019716758,0.019716758,0.019716758,0.019716758,0.019716758,0.019716758,0.019716758,0.019716758,0.019716758,0.019716758,0.019716758,0.019716758,0.019716758,0.019716758
0.019716758,0.019716758,0.019716758,0.019716758,0.019716758,0.019716758,0.019716758,0.019716758,0.019716758,0.019716758,0.019716758,0.019716758,0.019716758,0.019716758,0.019716758,0.019716758,0.019716758,0.019716758,0.019716758,0.019716758,0.019716758,0.019716758,0.019716758,0.019716758,0.019716758,0.019716758,0.019716758,0.019716758,0.019716758,0.019716758,0.019716758,0.019716758,0.019716758,0.019716758,0.019716758,0.019716758,0.019716758,0.019716758,0.019716758,0.019716758,0.019716758,0.019716758,0.019716758,0.019716758,0.019716758,0.019716758,0.019716758,0.019716758,0.053595703
0.019716758,0.019716758,0.019716758,0.019716758,0.019716758,0.019716758,0.019716758,0.019716758,0.019716758,0.019716758,0.019716758,0.019716758,0.019716758,0.019716758,0.019716758,0.019716758,0.019716758,0.019716758,0.019716758,0.019716758,0.019716758,0.019716758,0.019716758,0.019716758,0.019716758,0.019716758,0.019716758,0.019716758,0.019716758,0.019716758,0.019716758,0.019716758,0.019716758,0.019716758,0.019716758,0.019716758,0.019716758,0.019716758,0.019716758,0.019716758,0.019716758,0.019716758,0.019716758,0.019716758,0.019716758,0.019716758,0.019716758,0.019716758,0.053595703
0.019716758,0.019716758,0.019716758,0.019716758,0.019716758,0.019716758,0.019716758,0.019716758,0.019716758,0.019716758,0.019716758,0.019716758,0.019716758,0.019716758,0.019716758,0.019716758,0.019716758,0.019716758,0.019716758,0.019716758,0.019716758,0.019716758,0.019716758,0.019716758,0.019716758,0.019716758,0.019716758,0.019716758,0.019716758,0.019716758,0.019716758,0.019716758,0.019716758,0.019716758,0.019716758,0.019716758,0.019716758,0.019716758,0.019716758,0.019716758,0.019716758,0.019716758,0.019716758,0.019716758,0.019716758,0.019716758,0.019716758,0.053595707,0.019716758
0.019716758,0.019716758,0.019716758,0.019716758,0.019716758,0.019716758,0.019716758,0.053595707,0.019716758,0.019716758,0.019716758,0.019716758,0.019716758,0.019716758,0.019716758,0.019716758,0.019716758,0.019716758,0.019716758,0.019716758,0.019716758,0.019716758,0.019716758,0.019716758,0.019716758,0.019716758,0.019716758,0.019716758,0.019716758,0.019716758,0.019716758,0.019716758,0.019716758,0.019716758,0.019716758,0.019716758,0.019716758,0.019716758,0.019716758,0.019716758,0.019716758,0.019716758,0.019716758,0.019716758,0.019716758,0.019716758,0.019716758,0.019716758,0.019716758
0.019716758,0.019716758,0.019716758,0.019716758,0.019716758,0.019716758,0.019716758,0.019716758,0.019716758,0.019716758,0.019716758,0.019716758,0.019716758,0.019716758,0.019716758,0.019716758,0.019716758,0.019716758,0.053595703,0.019716758,0.019716758,0.019716758,0.019716758,0.019716758,0.019716758,0.019716758,0.019716758,0.019716758,0.019716758,0.019716758,0.019716758,0.019716758,0.019716758,0.019716758,0.019716758,0.019716758,0.019716758,0.019716758,0.019716758,0.019716758,0.019716758,0.019716758,0.019716758,0.019716758,0.019716758,0.019716758,0.019716758,0.019716758,0.019716758
0.019716758,0.019716758,0.019716758,0.019716758,0.019716758,0.019716758,0.019716758,0.053595707,0.019716758,0.019716758,0.019716758,0.019716758,0.019716758,0.019716758,0.019716758,0.019716758,0.019716758,0.019716758,0.019716758,0.019716758,0.019716758,0.019716758,0.019716758,0.019716758,0.019716758,0.019716758,0.019716758,0.019716758,0.019716758,0.019716758,0.019716758,0.019716758,0.019716758,0.019716758,0.019716758,0.019716758,0.019716758,0.019716758,0.019716758,0.019716758,0.019716758,0.019716758,0.019716758,0.019716758,0.019716758,0.019716758,0.019716758,0.019716758,0.019716758
0.019716758,0.019716758,0.019716758,0.019716758,0.019716758,0.019716758,0.019716758,0.019716758,0.019716758,0.019716758,0.019716758,0.019716758,0.019716758,0.019716758,0.019716758,0.019716758,0.019716758,0.019716758,0.019716758,0.019716758,0.019716758,0.019716758,0.019716758,0.019716758,0.019716758,0.019716758,0.019716758,0.019716758,0.019716758,0.019716758,0.019716758,0.019716758,0.019716758,0.019716758,0.019716758,0.019716758,0.019716758,0.019716758,0.019716758,0.019716758,0.019716758,0.019716758,0.019716758,0.019716758,0.019716758,0.019716758,0.019716758,0.053595707,0.019716758
0.019716758,0.019716758,0.019716758,0.019716758,0.019716758,0.019716758,0.019716758,0.019716758,0.019716758,0.019716758,0.019716758,0.053595703,0.019716758,0.019716758,0.019716758,0.019716758,0.019716758,0.019716758,0.019716758,0.019716758,0.019716758,0.019716758,0.019716758,0.019716758,0.019716758,0.019716758,0.019716758,0.019716758,0.019716758,0.019716758,0.019716758,0.019716758,0.019716758,0.019716758,0.019716758,0.019716758,0.019716758,0.019716758,0.019716758,0.019716758,0.019716758,0.019716758,0.019716758,0.019716758,0.019716758,0.019716758,0.019716758,0.019716758,0.019716758
0.019716758,0.019716758,0.019716758,0.019716758,0.019716758,0.019716758,0.019716758,0.053595707,0.019716758,0.019716758,0.019716758,0.019716758,0.019716758,0.019716758,0.019716758,0.019716758,0.019716758,0.019716758,0.019716758,0.019716758,0.019716758,0.019716758,0.019716758,0.019716758,0.019716758,0.019716758,0.019716758,0.019716758,0.019716758,0.019716758,0.019716758,0.019716758,0.019716758,0.019716758,0.019716758,0.019716758,0.019716758,0.019716758,0.019716758,0.019716758,0.019716758,0.019716758,0.019716758,0.019716758,0.019716758,0.019716758,0.019716758,0.019716758,0.019716758
0.019716758,0.019716758,0.019716758,0.019716758,0.019716758,0.019716758,0.019716758,0.053595707,0.019716758,0.019716758,0.019716758,0.019716758,0.019716758,0.019716758,0.019716758,0.019716758,0.019716758,0.019716758,0.019716758,0.019716758,0.019716758,0.019716758,0.019716758,0.019716758,0.019716758,0.019716758,0.019716758,0.019716758,0.019716758,0.019716758,0.019716758,0.019716758,0.019716758,0.019716758,0.019716758,0.019716758,0.019716758,0.019716758,0.019716758,0.019716758,0.019716758,0.019716758,0.019716758,0.019716758,0.019716758,0.019716758,0.019716758,0.019716758,0.019716758
0.019716758,0.019716758,0.019716758,0.019716758,0.019716758,0.019716758,0.019716758,0.053595707,0.019716758,0.019716758,0.019716758,0.019716758,0.019716758,0.019716758,0.019716758,0.019716758,0.019716758,0.019716758,0.019716758,0.019716758,0.019716758,0.019716758,0.019716758,0.019716758,0.019716758,0.019716758,0.019716758,0.019716758,0.019716758,0.019716758,0.019716758,0.019716758,0.019716758,0.019716758,0.019716758,0.019716758,0.019716758,0.019716758,0.019716758,0.019716758,0.019716758,0.019716758,0.019716758,0.019716758,0.019716758,0.019716758,0.019716758,0.019716758,0.019716758
0.019716758,0.019716758,0.019716758,0.019716758,0.019716758,0.019716758,0.019716758,0.019716758,0.019716758,0.019716758,0.019716758,0.019716758,0.019716758,0.019716758,0.019716758,0.019716758,0.019716758,0.019716758,0.019716758,0.019716758,0.019716758,0.019716758,0.019716758,0.019716758,0.019716758,0.019716758,0.019716758,0.019716758,0.019716758,0.019716758,0.019716758,0.019716758,0.019716758,0.019716758,0.019716758,0.019716758,0.053595703,0.019716758,0.019716758,0.019716758,0.019716758,0.019716758,0.019716758,0.019716758,0.019716758,0.019716758,0.019716758,0.019716758,0.019716758
0.019716758,0.019716758,0.019716758,0.019716758,0.019716758,0.019716758,0.019716758,0.019716758,0.019716758,0.019716758,0.019716758,0.019716758,0.019716758,0.019716758,0.019716758,0.019716758,0.019716758,0.053595703,0.019716758,0.019716758,0.019716758,0.019716758,0.019716758,0.019716758,0.019716758,0.019716758,0.019716758,0.019716758,0.019716758,0.019716758,0.019716758,0.019716758,0.019716758,0.019716758,0.019716758,0.019716758,0.019716758,0.019716758,0.019716758,0.019716758,0.019716758,0.019716758,0.019716758,0.019716758,0.019716758,0.019716758,0.019716758,0.019716758,0.019716758
0.019716758,0.019716758,0.019716758,0.019716758,0.019716758,0.019716758,0.019716758,0.019716758,0.019716758,0.019716758,0.019716758,0.019716758,0.019716758,0.019716758,0.019716758,0.019716758,0.019716758,0.019716758,0.019716758,0.019716758,0.053595703,0.019716758,0.019716758,0.019716758,0.019716758,0.019716758,0.019716758,0.019716758,0.019716758,0.019716758,0.019716758,0.019716758,0.019716758,0.019716758,0.019716758,0.019716758,0.019716758,0.019716758,0.019716758,0.019716758,0.019716758,0.019716758,0.019716758,0.019716758,0.019716758,0.019716758,0.019716758,0.019716758,0.019716758
0.019716758,0.019716758,0.019716758,0.019716758,0.019716758,0.019716758,0.019716758,0.019716758,0.019716758,0.019716758,0.019716758,0.019716758,0.019716758,0.019716758,0.019716758,0.019716758,0.019716758,0.019716758,0.019716758,0.019716758,0.019716758,0.019716758,0.019716758,0.019716758,0.053595703,0.019716758,0.019716758,0.019716758,0.019716758,0.019716758,0.019716758,0.019716758,0.019716758,0.019716758,0.019716758,0.019716758,0.019716758,0.019716758,0.019716758,0.019716758,0.019716758,0.019716758,0.019716758,0.019716758,0.019716758,0.019716758,0.019716758,0.019716758,0.019716758
0.019716758,0.019716758,0.019716758,0.019716758,0.019716758,0.019716758,0.019716758,0.019716758,0.053595703,0.019716758,0.019716758,0.019716758,0.019716758,0.019716758,0.019716758,0.019716758,0.019716758,0.019716758,0.019716758,0.019716758,0.019716758,0.019716758,0.019716758,0.019716758,0.019716758,0.019716758,0.019716758,0.019716758,0.019716758,0.019716758,0.019716758,0.019716758,0.019716758,0.019716758,0.019716758,0.019716758,0.019716758,0.019716758,0.019716758,0.019716758,0.019716758,0.019716758,0.019716758,0.019716758,0.019716758,0.019716758,0.019716758,0.019716758,0.019716758
0.019716758,0.019716758,0.019716758,0.019716758,0.019716758,0.019716758,0.019716758,0.019716758,0.053595703,0.019716758,0.019716758,0.019716758,0.019716758,0.019716758,0.019716758,0.019716758,0.019716758,0.019716758,0.019716758,0.019716758,0.019716758,0.019716758,0.019716758,0.019716758,0.019716758,0.019716758,0.019716758,0.019716758,0.019716758,0.019716758,0.019716758,0.019716758,0.019716758,0.019716758,0.019716758,0.019716758,0.019716758,0.019716758,0.019716758,0.019716758,0.019716758,0.019716758,0.019716758,0.019716758,0.019716758,0.019716758,0.019716758,0.019716758,0.019716758
0.019716758,0.019716758,0.019716758,0.019716758,0.019716758,0.019716758,0.019716758,0.019716758,0.053595703,0.019716758,0.019716758,0.019716758,0.019716758,0.019716758,0.019716758,0.019716758,0.019716758,0.019716758,0.019716758,0.019716758,0.019716758,0.019716758,0.019716758,0.019716758,0.019716758,0.019716758,0.019716758,0.019716758,0.019716758,0.019716758,0.019716758,0.019716758,0.019716758,0.019716758,0.019716758,0.019716758,0.019716758,0.019716758,0.019716758,0.019716758,0.019716758,0.019716758,0.019716758,0.019716758,0.019716758,0.019716758,0.019716758,0.019716758,0.019716758
0.019716758,0.019716758,0.019716758,0.019716758,0.019716758,0.019716758,0.019716758,0.019716758,0.019716758,0.019716758,0.019716758,0.019716758,0.019716758,0.019716758,0.019716758,0.019716758,0.019716758,0.019716758,0.019716758,0.019716758,0.019716758,0.019716758,0.019716758,0.019716758,0.019716758,0.019716758,0.019716758,0.019716758,0.019716758,0.053595703,0.019716758,0.019716758,0.019716758,0.019716758,0.019716758,0.019716758,0.019716758,0.019716758,0.019716758,0.019716758,0.019716758,0.019716758,0.019716758,0.019716758,0.019716758,0.019716758,0.019716758,0.019716758,0.019716758
0.019716758,0.019716758,0.019716758,0.019716758,0.019716758,0.019716758,0.019716758,0.019716758,0.019716758,0.019716758,0.019716758,0.019716758,0.019716758,0.019716758,0.019716758,0.019716758,0.019716758,0.019716758,0.019716758,0.019716758,0.019716758,0.019716758,0.019716758,0.019716758,0.019716758,0.019716758,0.019716758,0.019716758,0.019716758,0.019716758,0.019716758,0.019716758,0.019716758,0.053595703,0.019716758,0.019716758,0.019716758,0.019716758,0.019716758,0.019716758,0.019716758,0.019716758,0.019716758,0.019716758,0.019716758,0.019716758,0.019716758,0.019716758,0.019716758
0.019716758,0.019716758,0.019716758,0.019716758,0.019716758,0.019716758,0.019716758,0.019716758,0.053595703,0.019716758,0.019716758,0.019716758,0.019716758,0.019716758,0.019716758,0.019716758,0.019716758,0.019716758,0.019716758,0.019716758,0.019716758,0.019716758,0.019716758,0.019716758,0.019716758,0.019716758,0.019716758,0.019716758,0.019716758,0.019716758,0.019716758,0.019716758,0.019716758,0.019716758,0.019716758,0.019716758,0.019716758,0.019716758,0.019716758,0.019716758,0.019716758,0.019716758,0.019716758,0.019716758,0.019716758,0.019716758,0.019716758,0.019716758,0.019716758
0.019716758,0.019716758,0.019716758,0.019716758,0.019716758,0.019716758,0.019716758,0.019716758,0.019716758,0.053595703,0.019716758,0.019716758,0.019716758,0.019716758,0.019716758,0.019716758,0.019716758,0.019716758,0.019716758,0.019716758,0.019716758,0.019716758,0.019716758,0.019716758,0.019716758,0.019716758,0.019716758,0.019716758,0.019716758,0.019716758,0.019716758,0.019716758,0.019716758,0.019716758,0.019716758,0.019716758,0.019716758,0.019716758,0.019716758,0.019716758,0.019716758,0.019716758,0.019716758,0.019716758,0.019716758,0.019716758,0.019716758,0.019716758,0.019716758
0.019716758,0.019716758,0.019716758,0.019716758,0.019716758,0.019716758,0.019716758,0.019716758,0.019716758,0.053595703,0.019716758,0.019716758,0.019716758,0.019716758,0.019716758,0.019716758,0.019716758,0.019716758,0.019716758,0.019716758,0.019716758,0.019716758,0.019716758,0.019716758,0.019716758,0.019716758,0.019716758,0.019716758,0.019716758,0.019716758,0.019716758,0.019716758,0.019716758,0.019716758,0.019716758,0.019716758,0.019716758,0.019716758,0.019716758,0.019716758,0.019716758,0.019716758,0.019716758,0.019716758,0.019716758,0.019716758,0.019716758,0.019716758,0.019716758
0.019716758,0.019716758,0.019716758,0.019716758,0.019716758,0.019716758,0.019716758,0.019716758,0.019716758,0.019716758,0.019716758,0.019716758,0.019716758,0.019716758,0.019716758,0.019716758,0.019716758,0.019716758,0.019716758,0.019716758,0.019716758,0.053595703,0.019716758,0.019716758,0.019716758,0.019716758,0.019716758,0.019716758,0.019716758,0.019716758,0.019716758,0.019716758,0.019716758,0.019716758,0.019716758,0.019716758,0.019716758,0.019716758,0.019716758,0.019716758,0.019716758,0.019716758,0.019716758,0.019716758,0.019716758,0.019716758,0.019716758,0.019716758,0.019716758
0.019716758,0.019716758,0.019716758,0.019716758,0.019716758,0.019716758,0.019716758,0.019716758,0.019716758,0.053595703,0.019716758,0.019716758,0.019716758,0.019716758,0.019716758,0.019716758,0.019716758,0.019716758,0.019716758,0.019716758,0.019716758,0.019716758,0.019716758,0.019716758,0.019716758,0.019716758,0.019716758,0.019716758,0.019716758,0.019716758,0.019716758,0.019716758,0.019716758,0.019716758,0.019716758,0.019716758,0.019716758,0.019716758,0.019716758,0.019716758,0.019716758,0.019716758,0.019716758,0.019716758,0.019716758,0.019716758,0.019716758,0.019716758,0.019716758
0.019716758,0.019716758,0.019716758,0.019716758,0.019716758,0.019716758,0.019716758,0.019716758,0.019716758,0.053595703,0.019716758,0.019716758,0.019716758,0.019716758,0.019716758,0.019716758,0.019716758,0.019716758,0.019716758,0.019716758,0.019716758,0.019716758,0.019716758,0.019716758,0.019716758,0.019716758,0.019716758,0.019716758,0.019716758,0.019716758,0.019716758,0.019716758,0.019716758,0.019716758,0.019716758,0.019716758,0.019716758,0.019716758,0.019716758,0.019716758,0.019716758,0.019716758,0.019716758,0.019716758,0.019716758,0.019716758,0.019716758,0.019716758,0.019716758
0.019716758,0.019716758,0.019716758,0.019716758,0.019716758,0.019716758,0.019716758,0.019716758,0.019716758,0.053595703,0.019716758,0.019716758,0.019716758,0.019716758,0.019716758,0.019716758,0.019716758,0.019716758,0.019716758,0.019716758,0.019716758,0.019716758,0.019716758,0.019716758,0.019716758,0.019716758,0.019716758,0.019716758,0.019716758,0.019716758,0.019716758,0.019716758,0.019716758,0.019716758,0.019716758,0.019716758,0.019716758,0.019716758,0.019716758,0.019716758,0.019716758,0.019716758,0.019716758,0.019716758,0.019716758,0.019716758,0.019716758,0.019716758,0.019716758
0.019716758,0.019716758,0.019716758,0.019716758,0.019716758,0.019716758,0.019716758,0.019716758,0.019716758,0.053595703,0.019716758,0.019716758,0.019716758,0.019716758,0.019716758,0.019716758,0.019716758,0.019716758,0.019716758,0.019716758,0.019716758,0.019716758,0.019716758,0.019716758,0.019716758,0.019716758,0.019716758,0.019716758,0.019716758,0.019716758,0.019716758,0.019716758,0.019716758,0.019716758,0.019716758,0.019716758,0.019716758,0.019716758,0.019716758,0.019716758,0.019716758,0.019716758,0.019716758,0.019716758,0.019716758,0.019716758,0.019716758,0.019716758,0.019716758
0.019716758,0.019716758,0.019716758,0.019716758,0.019716758,0.019716758,0.019716758,0.019716758,0.019716758,0.019716758,0.019716758,0.019716758,0.019716758,0.019716758,0.019716758,0.019716758,0.019716758,0.019716758,0.019716758,0.019716758,0.019716758,0.019716758,0.019716758,0.019716758,0.019716758,0.019716758,0.019716758,0.019716758,0.019716758,0.019716758,0.019716758,0.019716758,0.019716758,0.019716758,0.019716758,0.019716758,0.019716758,0.019716758,0.019716758,0.019716758,0.019716758,0.053595703,0.019716758,0.019716758,0.019716758,0.019716758,0.019716758,0.019716758,0.019716758
0.019716758,0.019716758,0.019716758,0.019716758,0.019716758,0.019716758,0.019716758,0.019716758,0.019716758,0.053595703,0.019716758,0.019716758,0.019716758,0.019716758,0.019716758,0.019716758,0.019716758,0.019716758,0.019716758,0.019716758,0.019716758,0.019716758,0.019716758,0.019716758,0.019716758,0.019716758,0.019716758,0.019716758,0.019716758,0.019716758,0.019716758,0.019716758,0.019716758,0.019716758,0.019716758,0.019716758,0.019716758,0.019716758,0.019716758,0.019716758,0.019716758,0.019716758,0.019716758,0.019716758,0.019716758,0.019716758,0.019716758,0.019716758,0.019716758
0.019716758,0.019716758,0.019716758,0.019716758,0.019716758,0.019716758,0.019716758,0.019716758,0.019716758,0.019716758,0.019716758,0.019716758,0.019716758,0.019716758,0.019716758,0.019716758,0.019716758,0.019716758,0.019716758,0.019716758,0.019716758,0.019716758,0.019716758,0.019716758,0.019716758,0.019716758,0.019716758,0.019716758,0.019716758,0.019716758,0.019716758,0.019716758,0.019716758,0.019716758,0.019716758,0.019716758,0.019716758,0.019716758,0.019716758,0.019716758,0.019716758,0.053595703,0.019716758,0.019716758,0.019716758,0.019716758,0.019716758,0.019716758,0.019716758
0.019716758,0.019716758,0.019716758,0.019716758,0.019716758,0.019716758,0.019716758,0.019716758,0.053595703,0.019716758,0.019716758,0.019716758,0.019716758,0.019716758,0.019716758,0.019716758,0.019716758,0.019716758,0.019716758,0.019716758,0.019716758,0.019716758,0.019716758,0.019716758,0.019716758,0.019716758,0.019716758,0.019716758,0.019716758,0.019716758,0.019716758,0.019716758,0.019716758,0.019716758,0.019716758,0.019716758,0.019716758,0.019716758,0.019716758,0.019716758,0.019716758,0.019716758,0.019716758,0.019716758,0.019716758,0.019716758,0.019716758,0.019716758,0.019716758
0.019716758,0.019716758,0.019716758,0.019716758,0.019716758,0.019716758,0.019716758,0.019716758,0.019716758,0.019716758,0.053595703,0.019716758,0.019716758,0.019716758,0.019716758,0.019716758,0.019716758,0.019716758,0.019716758,0.019716758,0.019716758,0.019716758,0.019716758,0.019716758,0.019716758,0.019716758,0.019716758,0.019716758,0.019716758,0.019716758,0.019716758,0.019716758,0.019716758,0.019716758,0.019716758,0.019716758,0.019716758,0.019716758,0.019716758,0.019716758,0.019716758,0.019716758,0.019716758,0.019716758,0.019716758,0.019716758,0.019716758,0.019716758,0.019716758
0.019716758,0.019716758,0.019716758,0.019716758,0.019716758,0.019716758,0.019716758,0.019716758,0.019716758,0.019716758,0.053595703,0.019716758,0.019716758,0.019716758,0.019716758,0.019716758,0.019716758,0.019716758,0.019716758,0.019716758,0.019716758,0.019716758,0.019716758,0.019716758,0.019716758,0.019716758,0.019716758,0.019716758,0.019716758,0.019716758,0.019716758,0.019716758,0.019716758,0.019716758,0.019716758,0.019716758,0.019716758,0.019716758,0.019716758,0.019716758,0.019716758,0.019716758,0.019716758,0.019716758,0.019716758,0.019716758,0.019716758,0.019716758,0.019716758
0.019716758,0.019716758,0.019716758,0.019716758,0.019716758,0.019716758,0.019716758,0.019716758,0.019716758,0.019716758,0.053595703,0.019716758,0.019716758,0.019716758,0.019716758,0.019716758,0.019716758,0.019716758,0.019716758,0.019716758,0.019716758,0.019716758,0.019716758,0.019716758,0.019716758,0.019716758,0.019716758,0.019716758,0.019716758,0.019716758,0.019716758,0.019716758,0.019716758,0.019716758,0.019716758,0.019716758,0.019716758,0.019716758,0.019716758,0.019716758,0.019716758,0.019716758,0.019716758,0.019716758,0.019716758,0.019716758,0.019716758,0.019716758,0.019716758
0.019716758,0.019716758,0.019716758,0.019716758,0.019716758,0.019716758,0.019716758,0.019716758,0.019716758,0.019716758,0.053595703,0.019716758,0.019716758,0.019716758,0.019716758,0.019716758,0.019716758,0.019716758,0.019716758,0.019716758,0.019716758,0.019716758,0.019716758,0.019716758,0.019716758,0.019716758,0.019716758,0.019716758,0.019716758,0.019716758,0.019716758,0.019716758,0.019716758,0.019716758,0.019716758,0.019716758,0.019716758,0.019716758,0.019716758,0.019716758,0.019716758,0.019716758,0.019716758,0.019716758,0.019716758,0.019716758,0.019716758,0.019716758,0.019716758
0.019716758,0.019716758,0.019716758,0.019716758,0.019716758,0.019716758,0.019716758,0.019716758,0.019716758,0.019716758,0.053595703,0.019716758,0.019716758,0.019716758,0.019716758,0.019716758,0.019716758,0.019716758,0.019716758,0.019716758,0.019716758,0.019716758,0.019716758,0.019716758,0.019716758,0.019716758,0.019716758,0.019716758,0.019716758,0.019716758,0.019716758,0.019716758,0.019716758,0.019716758,0.019716758,0.019716758,0.019716758,0.019716758,0.019716758,0.019716758,0.019716758,0.019716758,0.019716758,0.019716758,0.019716758,0.019716758,0.019716758,0.019716758,0.019716758
0.019716758,0.019716758,0.019716758,0.019716758,0.019716758,0.019716758,0.019716758,0.019716758,0.019716758,0.019716758,0.053595703,0.019716758,0.019716758,0.019716758,0.019716758,0.019716758,0.019716758,0.019716758,0.019716758,0.019716758,0.019716758,0.019716758,0.019716758,0.019716758,0.019716758,0.019716758,0.019716758,0.019716758,0.019716758,0.019716758,0.019716758,0.019716758,0.019716758,0.019716758,0.019716758,0.019716758,0.019716758,0.019716758,0.019716758,0.019716758,0.019716758,0.019716758,0.019716758,0.019716758,0.019716758,0.019716758,0.019716758,0.019716758,0.019716758
0.019716758,0.019716758,0.019716758,0.019716758,0.019716758,0.019716758,0.053595703,0.019716758,0.019716758,0.019716758,0.019716758,0.019716758,0.019716758,0.019716758,0.019716758,0.019716758,0.019716758,0.019716758,0.019716758,0.019716758,0.019716758,0.019716758,0.019716758,0.019716758,0.019716758,0.019716758,0.019716758,0.019716758,0.019716758,0.019716758,0.019716758,0.019716758,0.019716758,0.019716758,0.019716758,0.019716758,0.019716758,0.019716758,0.019716758,0.019716758,0.019716758,0.019716758,0.019716758,0.019716758,0.019716758,0.019716758,0.019716758,0.019716758,0.019716758
0.019716758,0.019716758,0.019716758,0.019716758,0.019716758,0.019716758,0.019716758,0.019716758,0.053595703,0.019716758,0.019716758,0.019716758,0.019716758,0.019716758,0.019716758,0.019716758,0.019716758,0.019716758,0.019716758,0.019716758,0.019716758,0.019716758,0.019716758,0.019716758,0.019716758,0.019716758,0.019716758,0.019716758,0.019716758,0.019716758,0.019716758,0.019716758,0.019716758,0.019716758,0.019716758,0.019716758,0.019716758,0.019716758,0.019716758,0.019716758,0.019716758,0.019716758,0.019716758,0.019716758,0.019716758,0.019716758,0.019716758,0.019716758,0.019716758
0.019716758,0.019716758,0.019716758,0.019716758,0.019716758,0.019716758,0.053595703,0.019716758,0.019716758,0.019716758,0.019716758,0.019716758,0.019716758,0.019716758,0.019716758,0.019716758,0.019716758,0.019716758,0.019716758,0.019716758,0.019716758,0.019716758,0.019716758,0.019716758,0.019716758,0.019716758,0.019716758,0.019716758,0.019716758,0.019716758,0.019716758,0.019716758,0.019716758,0.019716758,0.019716758,0.019716758,0.019716758,0.019716758,0.019716758,0.019716758,0.019716758,0.019716758,0.019716758,0.019716758,0.019716758,0.019716758,0.019716758,0.019716758,0.019716758
0.019716758,0.019716758,0.019716758,0.019716758,0.019716758,0.019716758,0.019716758,0.019716758,0.019716758,0.019716758,0.019716758,0.053595703,0.019716758,0.019716758,0.019716758,0.019716758,0.019716758,0.019716758,0.019716758,0.019716758,0.019716758,0.019716758,0.019716758,0.019716758,0.019716758,0.019716758,0.019716758,0.019716758,0.019716758,0.019716758,0.019716758,0.019716758,0.019716758,0.019716758,0.019716758,0.019716758,0.019716758,0.019716758,0.019716758,0.019716758,0.019716758,0.019716758,0.019716758,0.019716758,0.019716758,0.019716758,0.019716758,0.019716758,0.019716758
0.019716758,0.019716758,0.019716758,0.019716758,0.019716758,0.019716758,0.019716758,0.019716758,0.019716758,0.019716758,0.019716758,0.053595703,0.019716758,0.019716758,0.019716758,0.019716758,0.019716758,0.019716758,0.019716758,0.019716758,0.019716758,0.019716758,0.019716758,0.019716758,0.019716758,0.019716758,0.019716758,0.019716758,0.019716758,0.019716758,0.019716758,0.019716758,0.019716758,0.019716758,0.019716758,0.019716758,0.019716758,0.019716758,0.019716758,0.019716758,0.019716758,0.019716758,0.019716758,0.019716758,0.019716758,0.019716758,0.019716758,0.019716758,0.019716758
0.019716758,0.019716758,0.019716758,0.019716758,0.019716758,0.019716758,0.019716758,0.019716758,0.019716758,0.019716758,0.019716758,0.019716758,0.019716758,0.019716758,0.019716758,0.019716758,0.019716758,0.019716758,0.019716758,0.019716758,0.019716758,0.019716758,0.019716758,0.019716758,0.019716758,0.019716758,0.019716758,0.019716758,0.019716758,0.019716758,0.019716758,0.019716758,0.019716758,0.019716758,0.019716758,0.019716758,0.019716758,0.019716758,0.019716758,0.019716758,0.019716758,0.019716758,0.019716758,0.019716758,0.019716758,0.053595703,0.019716758,0.019716758,0.019716758
0.019716758,0.019716758,0.019716758,0.019716758,0.019716758,0.019716758,0.019716758,0.019716758,0.019716758,0.019716758,0.019716758,0.053595703,0.019716758,0.019716758,0.019716758,0.019716758,0.019716758,0.019716758,0.019716758,0.019716758,0.019716758,0.019716758,0.019716758,0.019716758,0.019716758,0.019716758,0.019716758,0.019716758,0.019716758,0.019716758,0.019716758,0.019716758,0.019716758,0.019716758,0.019716758,0.019716758,0.019716758,0.019716758,0.019716758,0.019716758,0.019716758,0.019716758,0.019716758,0.019716758,0.019716758,0.019716758,0.019716758,0.019716758,0.019716758
0.019716758,0.019716758,0.019716758,0.019716758,0.019716758,0.019716758,0.019716758,0.019716758,0.019716758,0.019716758,0.019716758,0.053595703,0.019716758,0.019716758,0.019716758,0.019716758,0.019716758,0.019716758,0.019716758,0.019716758,0.019716758,0.019716758,0.019716758,0.019716758,0.019716758,0.019716758,0.019716758,0.019716758,0.019716758,0.019716758,0.019716758,0.019716758,0.019716758,0.019716758,0.019716758,0.019716758,0.019716758,0.019716758,0.019716758,0.019716758,0.019716758,0.019716758,0.019716758,0.019716758,0.019716758,0.019716758,0.019716758,0.019716758,0.019716758
0.019716758,0.019716758,0.019716758,0.019716758,0.019716758,0.019716758,0.019716758,0.019716758,0.019716758,0.019716758,0.019716758,0.053595703,0.019716758,0.019716758,0.019716758,0.019716758,0.019716758,0.019716758,0.019716758,0.019716758,0.019716758,0.019716758,0.019716758,0.019716758,0.019716758,0.019716758,0.019716758,0.019716758,0.019716758,0.019716758,0.019716758,0.019716758,0.019716758,0.019716758,0.019716758,0.019716758,0.019716758,0.019716758,0.019716758,0.019716758,0.019716758,0.019716758,0.019716758,0.019716758,0.019716758,0.019716758,0.019716758,0.019716758,0.019716758
0.019716758,0.019716758,0.019716758,0.019716758,0.019716758,0.019716758,0.019716758,0.019716758,0.019716758,0.019716758,0.019716758,0.053595703,0.019716758,0.019716758,0.019716758,0.019716758,0.019716758,0.019716758,0.019716758,0.019716758,0.019716758,0.019716758,0.019716758,0.019716758,0.019716758,0.019716758,0.019716758,0.019716758,0.019716758,0.019716758,0.019716758,0.019716758,0.019716758,0.019716758,0.019716758,0.019716758,0.019716758,0.019716758,0.019716758,0.019716758,0.019716758,0.019716758,0.019716758,0.019716758,0.019716758,0.019716758,0.019716758,0.019716758,0.019716758
0.019716758,0.019716758,0.019716758,0.019716758,0.019716758,0.019716758,0.019716758,0.019716758,0.019716758,0.019716758,0.019716758,0.053595703,0.019716758,0.019716758,0.019716758,0.019716758,0.019716758,0.019716758,0.019716758,0.019716758,0.019716758,0.019716758,0.019716758,0.019716758,0.019716758,0.019716758,0.019716758,0.019716758,0.019716758,0.019716758,0.019716758,0.019716758,0.019716758,0.019716758,0.019716758,0.019716758,0.019716758,0.019716758,0.019716758,0.019716758,0.019716758,0.019716758,0.019716758,0.019716758,0.019716758,0.019716758,0.019716758,0.019716758,0.019716758
0.019716758,0.019716758,0.019716758,0.019716758,0.019716758,0.019716758,0.019716758,0.019716758,0.019716758,0.019716758,0.019716758,0.053595703,0.019716758,0.019716758,0.019716758,0.019716758,0.019716758,0.019716758,0.019716758,0.019716758,0.019716758,0.019716758,0.019716758,0.019716758,0.019716758,0.019716758,0.019716758,0.019716758,0.019716758,0.019716758,0.019716758,0.019716758,0.019716758,0.019716758,0.019716758,0.019716758,0.019716758,0.019716758,0.019716758,0.019716758,0.019716758,0.019716758,0.019716758,0.019716758,0.019716758,0.019716758,0.019716758,0.019716758,0.019716758
0.019716758,0.019716758,0.019716758,0.019716758,0.019716758,0.019716758,0.019716758,0.019716758,0.019716758,0.019716758,0.019716758,0.019716758,0.019716758,0.019716758,0.019716758,0.053595707,0.019716758,0.019716758,0.019716758,0.019716758,0.019716758,0.019716758,0.019716758,0.019716758,0.019716758,0.019716758,0.019716758,0.019716758,0.019716758,0.019716758,0.019716758,0.019716758,0.019716758,0.019716758,0.019716758,0.019716758,0.019716758,0.019716758,0.019716758,0.019716758,0.019716758,0.019716758,0.019716758,0.019716758,0.019716758,0.019716758,0.019716758,0.019716758,0.019716758
0.019716758,0.019716758,0.019716758,0.019716758,0.019716758,0.019716758,0.019716758,0.019716758,0.019716758,0.019716758,0.019716758,0.019716758,0.053595703,0.019716758,0.019716758,0.019716758,0.019716758,0.019716758,0.019716758,0.019716758,0.019716758,0.019716758,0.019716758,0.019716758,0.019716758,0.019716758,0.019716758,0.019716758,0.019716758,0.019716758,0.019716758,0.019716758,0.019716758,0.019716758,0.019716758,0.019716758,0.019716758,0.019716758,0.019716758,0.019716758,0.019716758,0.019716758,0.019716758,0.019716758,0.019716758,0.019716758,0.019716758,0.019716758,0.019716758
0.019716758,0.019716758,0.019716758,0.019716758,0.019716758,0.019716758,0.019716758,0.019716758,0.019716758,0.019716758,0.019716758,0.019716758,0.053595703,0.019716758,0.019716758,0.019716758,0.019716758,0.019716758,0.019716758,0.019716758,0.019716758,0.019716758,0.019716758,0.019716758,0.019716758,0.019716758,0.019716758,0.019716758,0.019716758,0.019716758,0.019716758,0.019716758,0.019716758,0.019716758,0.019716758,0.019716758,0.019716758,0.019716758,0.019716758,0.019716758,0.019716758,0.019716758,0.019716758,0.019716758,0.019716758,0.019716758,0.019716758,0.019716758,0.019716758
0.019716758,0.019716758,0.019716758,0.019716758,0.019716758,0.019716758,0.019716758,0.019716758,0.019716758,0.019716758,0.019716758,0.019716758,0.019716758,0.019716758,0.019716758,0.019716758,0.019716758,0.019716758,0.019716758,0.019716758,0.019716758,0.019716758,0.019716758,0.053595707,0.019716758,0.019716758,0.019716758,0.019716758,0.019716758,0.019716758,0.019716758,0.019716758,0.019716758,0.019716758,0.019716758,0.019716758,0.019716758,0.019716758,0.019716758,0.019716758,0.019716758,0.019716758,0.019716758,0.019716758,0.019716758,0.019716758,0.019716758,0.019716758,0.019716758
0.019716758,0.019716758,0.019716758,0.019716758,0.019716758,0.019716758,0.019716758,0.019716758,0.019716758,0.019716758,0.019716758,0.019716758,0.053595703,0.019716758,0.019716758,0.019716758,0.019716758,0.019716758,0.019716758,0.019716758,0.019716758,0.019716758,0.019716758,0.019716758,0.019716758,0.019716758,0.019716758,0.019716758,0.019716758,0.019716758,0.019716758,0.019716758,0.019716758,0.019716758,0.019716758,0.019716758,0.019716758,0.019716758,0.019716758,0.019716758,0.019716758,0.019716758,0.019716758,0.019716758,0.019716758,0.019716758,0.019716758,0.019716758,0.019716758
0.019716758,0.019716758,0.019716758,0.019716758,0.019716758,0.053595703,0.019716758,0.019716758,0.019716758,0.019716758,0.019716758,0.019716758,0.019716758,0.019716758,0.019716758,0.019716758,0.019716758,0.019716758,0.019716758,0.019716758,0.019716758,0.019716758,0.019716758,0.019716758,0.019716758,0.019716758,0.019716758,0.019716758,0.019716758,0.019716758,0.019716758,0.019716758,0.019716758,0.019716758,0.019716758,0.019716758,0.019716758,0.019716758,0.019716758,0.019716758,0.019716758,0.019716758,0.019716758,0.019716758,0.019716758,0.019716758,0.019716758,0.019716758,0.019716758
0.019716758,0.019716758,0.019716758,0.019716758,0.019716758,0.019716758,0.019716758,0.019716758,0.019716758,0.019716758,0.019716758,0.019716758,0.053595703,0.019716758,0.019716758,0.019716758,0.019716758,0.019716758,0.019716758,0.019716758,0.019716758,0.019716758,0.019716758,0.019716758,0.019716758,0.019716758,0.019716758,0.019716758,0.019716758,0.019716758,0.019716758,0.019716758,0.019716758,0.019716758,0.019716758,0.019716758,0.019716758,0.019716758,0.019716758,0.019716758,0.019716758,0.019716758,0.019716758,0.019716758,0.019716758,0.019716758,0.019716758,0.019716758,0.019716758
0.019716758,0.019716758,0.019716758,0.019716758,0.019716758,0.019716758,0.019716758,0.019716758,0.019716758,0.019716758,0.019716758,0.019716758,0.019716758,0.019716758,0.019716758,0.019716758,0.019716758,0.019716758,0.019716758,0.019716758,0.019716758,0.019716758,0.019716758,0.019716758,0.019716758,0.019716758,0.019716758,0.019716758,0.019716758,0.019716758,0.019716758,0.019716758,0.019716758,0.019716758,0.019716758,0.019716758,0.019716758,0.019716758,0.019716758,0.019716758,0.019716758,0.019716758,0.019716758,0.053595703,0.019716758,0.019716758,0.019716758,0.019716758,0.019716758
0.019716758,0.019716758,0.019716758,0.019716758,0.019716758,0.019716758,0.019716758,0.019716758,0.019716758,0.019716758,0.019716758,0.019716758,0.053595703,0.019716758,0.019716758,0.019716758,0.019716758,0.019716758,0.019716758,0.019716758,0.019716758,0.019716758,0.019716758,0.019716758,0.019716758,0.019716758,0.019716758,0.019716758,0.019716758,0.019716758,0.019716758,0.019716758,0.019716758,0.019716758,0.019716758,0.019716758,0.019716758,0.019716758,0.019716758,0.019716758,0.019716758,0.019716758,0.019716758,0.019716758,0.019716758,0.019716758,0.019716758,0.019716758,0.019716758
0.019716758,0.019716758,0.019716758,0.019716758,0.019716758,0.019716758,0.019716758,0.019716758,0.019716758,0.019716758,0.019716758,0.019716758,0.053595703,0.019716758,0.019716758,0.019716758,0.019716758,0.019716758,0.019716758,0.019716758,0.019716758,0.019716758,0.019716758,0.019716758,0.019716758,0.019716758,0.019716758,0.019716758,0.019716758,0.019716758,0.019716758,0.019716758,0.019716758,0.019716758,0.019716758,0.019716758,0.019716758,0.019716758,0.019716758,0.019716758,0.019716758,0.019716758,0.019716758,0.019716758,0.019716758,0.019716758,0.019716758,0.019716758,0.019716758
0.019716758,0.019716758,0.019716758,0.019716758,0.019716758,0.019716758,0.019716758,0.019716758,0.019716758,0.019716758,0.019716758,0.019716758,0.053595703,0.019716758,0.019716758,0.019716758,0.019716758,0.019716758,0.019716758,0.019716758,0.019716758,0.019716758,0.019716758,0.019716758,0.019716758,0.019716758,0.019716758,0.019716758,0.019716758,0.019716758,0.019716758,0.019716758,0.019716758,0.019716758,0.019716758,0.019716758,0.019716758,0.019716758,0.019716758,0.019716758,0.019716758,0.019716758,0.019716758,0.019716758,0.019716758,0.019716758,0.019716758,0.019716758,0.019716758
0.019716758,0.019716758,0.019716758,0.019716758,0.019716758,0.019716758,0.019716758,0.019716758,0.019716758,0.019716758,0.019716758,0.019716758,0.019716758,0.053595703,0.019716758,0.019716758,0.019716758,0.019716758,0.019716758,0.019716758,0.019716758,0.019716758,0.019716758,0.019716758,0.019716758,0.019716758,0.019716758,0.019716758,0.019716758,0.019716758,0.019716758,0.019716758,0.019716758,0.019716758,0.019716758,0.019716758,0.019716758,0.019716758,0.019716758,0.019716758,0.019716758,0.019716758,0.019716758,0.019716758,0.019716758,0.019716758,0.019716758,0.019716758,0.019716758
0.019716758,0.019716758,0.019716758,0.019716758,0.019716758,0.019716758,0.019716758,0.019716758,0.019716758,0.019716758,0.019716758,0.019716758,0.019716758,0.053595703,0.019716758,0.019716758,0.019716758,0.019716758,0.019716758,0.019716758,0.019716758,0.019716758,0.019716758,0.019716758,0.019716758,0.019716758,0.019716758,0.019716758,0.019716758,0.019716758,0.019716758,0.019716758,0.019716758,0.019716758,0.019716758,0.019716758,0.019716758,0.019716758,0.019716758,0.019716758,0.019716758,0.019716758,0.019716758,0.019716758,0.019716758,0.019716758,0.019716758,0.019716758,0.019716758
0.019716758,0.019716758,0.019716758,0.019716758,0.019716758,0.019716758,0.019716758,0.019716758,0.019716758,0.019716758,0.019716758,0.019716758,0.019716758,0.053595703,0.019716758,0.019716758,0.019716758,0.019716758,0.019716758,0.019716758,0.019716758,0.019716758,0.019716758,0.019716758,0.019716758,0.019716758,0.019716758,0.019716758,0.019716758,0.019716758,0.019716758,0.019716758,0.019716758,0.019716758,0.019716758,0.019716758,0.019716758,0.019716758,0.019716758,0.019716758,0.019716758,0.019716758,0.019716758,0.019716758,0.019716758,0.019716758,0.019716758,0.019716758,0.019716758
0.019716758,0.019716758,0.019716758,0.019716758,0.019716758,0.019716758,0.019716758,0.019716758,0.019716758,0.019716758,0.019716758,0.019716758,0.019716758,0.053595703,0.019716758,0.019716758,0.019716758,0.019716758,0.019716758,0.019716758,0.019716758,0.019716758,0.019716758,0.019716758,0.019716758,0.019716758,0.019716758,0.019716758,0.019716758,0.019716758,0.019716758,0.019716758,0.019716758,0.019716758,0.019716758,0.019716758,0.019716758,0.019716758,0.019716758,0.019716758,0.019716758,0.019716758,0.019716758,0.019716758,0.019716758,0.019716758,0.019716758,0.019716758,0.019716758
0.019716758,0.019716758,0.019716758,0.019716758,0.019716758,0.019716758,0.019716758,0.019716758,0.019716758,0.019716758,0.019716758,0.019716758,0.019716758,0.053595703,0.019716758,0.019716758,0.019716758,0.019716758,0.019716758,0.019716758,0.019716758,0.019716758,0.019716758,0.019716758,0.019716758,0.019716758,0.019716758,0.019716758,0.019716758,0.019716758,0.019716758,0.019716758,0.019716758,0.019716758,0.019716758,0.019716758,0.019716758,0.019716758,0.019716758,0.019716758,0.019716758,0.019716758,0.019716758,0.019716758,0.019716758,0.019716758,0.019716758,0.019716758,0.019716758
0.019716758,0.019716758,0.019716758,0.019716758,0.019716758,0.019716758,0.019716758,0.019716758,0.019716758,0.019716758,0.019716758,0.019716758,0.019716758,0.019716758,0.019716758,0.019716758,0.019716758,0.019716758,0.019716758,0.019716758,0.019716758,0.019716758,0.019716758,0.019716758,0.019716758,0.019716758,0.019716758,0.019716758,0.019716758,0.019716758,0.019716758,0.019716758,0.019716758,0.019716758,0.019716758,0.053595703,0.019716758,0.019716758,0.019716758,0.019716758,0.019716758,0.019716758,0.019716758,0.019716758,0.019716758,0.019716758,0.019716758,0.019716758,0.019716758
0.019716758,0.019716758,0.019716758,0.019716758,0.019716758,0.019716758,0.019716758,0.019716758,0.019716758,0.019716758,0.019716758,0.019716758,0.019716758,0.053595703,0.019716758,0.019716758,0.019716758,0.019716758,0.019716758,0.019716758,0.019716758,0.019716758,0.019716758,0.019716758,0.019716758,0.019716758,0.019716758,0.019716758,0.019716758,0.019716758,0.019716758,0.019716758,0.019716758,0.019716758,0.019716758,0.019716758,0.019716758,0.019716758,0.019716758,0.019716758,0.019716758,0.019716758,0.019716758,0.019716758,0.019716758,0.019716758,0.019716758,0.019716758,0.019716758
0.019716758,0.019716758,0.019716758,0.019716758,0.019716758,0.019716758,0.019716758,0.019716758,0.019716758,0.019716758,0.019716758,0.019716758,0.019716758,0.053595703,0.019716758,0.019716758,0.019716758,0.019716758,0.019716758,0.019716758,0.019716758,0.019716758,0.019716758,0.019716758,0.019716758,0.019716758,0.019716758,0.019716758,0.019716758,0.019716758,0.019716758,0.019716758,0.019716758,0.019716758,0.019716758,0.019716758,0.019716758,0.019716758,0.019716758,0.019716758,0.019716758,0.019716758,0.019716758,0.019716758,0.019716758,0.019716758,0.019716758,0.019716758,0.019716758
0.019716758,0.019716758,0.019716758,0.019716758,0.019716758,0.019716758,0.019716758,0.019716758,0.019716758,0.019716758,0.019716758,0.019716758,0.019716758,0.053595703,0.019716758,0.019716758,0.019716758,0.019716758,0.019716758,0.019716758,0.019716758,0.019716758,0.019716758,0.019716758,0.019716758,0.019716758,0.019716758,0.019716758,0.019716758,0.019716758,0.019716758,0.019716758,0.019716758,0.019716758,0.019716758,0.019716758,0.019716758,0.019716758,0.019716758,0.019716758,0.019716758,0.019716758,0.019716758,0.019716758,0.019716758,0.019716758,0.019716758,0.019716758,0.019716758
0.019716758,0.019716758,0.019716758,0.019716758,0.019716758,0.019716758,0.019716758,0.019716758,0.019716758,0.019716758,0.019716758,0.019716758,0.019716758,0.053595703,0.019716758,0.019716758,0.019716758,0.019716758,0.019716758,0.019716758,0.019716758,0.019716758,0.019716758,0.019716758,0.019716758,0.019716758,0.019716758,0.019716758,0.019716758,0.019716758,0.019716758,0.019716758,0.019716758,0.019716758,0.019716758,0.019716758,0.019716758,0.019716758,0.019716758,0.019716758,0.019716758,0.019716758,0.019716758,0.019716758,0.019716758,0.019716758,0.019716758,0.019716758,0.019716758
0.019716758,0.019716758,0.019716758,0.019716758,0.019716758,0.019716758,0.019716758,0.019716758,0.019716758,0.019716758,0.019716758,0.019716758,0.019716758,0.019716758,0.053595703,0.019716758,0.019716758,0.019716758,0.019716758,0.019716758,0.019716758,0.019716758,0.019716758,0.019716758,0.019716758,0.019716758,0.019716758,0.019716758,0.019716758,0.019716758,0.019716758,0.019716758,0.019716758,0.019716758,0.019716758,0.019716758,0.019716758,0.019716758,0.019716758,0.019716758,0.019716758,0.019716758,0.019716758,0.019716758,0.019716758,0.019716758,0.019716758,0.019716758,0.019716758
0.019716758,0.019716758,0.019716758,0.019716758,0.019716758,0.019716758,0.019716758,0.019716758,0.019716758,0.019716758,0.019716758,0.019716758,0.019716758,0.019716758,0.053595703,0.019716758,0.019716758,0.019716758,0.019716758,0.019716758,0.019716758,0.019716758,0.019716758,0.019716758,0.019716758,0.019716758,0.019716758,0.019716758,0.019716758,0.019716758,0.019716758,0.019716758,0.019716758,0.019716758,0.019716758,0.019716758,0.019716758,0.019716758,0.019716758,0.019716758,0.019716758,0.019716758,0.019716758,0.019716758,0.019716758,0.019716758,0.019716758,0.019716758,0.019716758
0.019716758,0.019716758,0.019716758,0.019716758,0.019716758,0.019716758,0.019716758,0.019716758,0.019716758,0.019716758,0.019716758,0.019716758,0.019716758,0.019716758,0.053595703,0.019716758,0.019716758,0.019716758,0.019716758,0.019716758,0.019716758,0.019716758,0.019716758,0.019716758,0.019716758,0.019716758,0.019716758,0.019716758,0.019716758,0.019716758,0.019716758,0.019716758,0.019716758,0.019716758,0.019716758,0.019716758,0.019716758,0.019716758,0.019716758,0.019716758,0.019716758,0.019716758,0.019716758,0.019716758,0.019716758,0.019716758,0.019716758,0.019716758,0.019716758
0.019716758,0.019716758,0.019716758,0.019716758,0.019716758,0.019716758,0.019716758,0.019716758,0.019716758,0.019716758,0.019716758,0.019716758,0.019716758,0.019716758,0.053595703,0.019716758,0.019716758,0.019716758,0.019716758,0.019716758,0.019716758,0.019716758,0.019716758,0.019716758,0.019716758,0.019716758,0.019716758,0.019716758,0.019716758,0.019716758,0.019716758,0.019716758,0.019716758,0.019716758,0.019716758,0.019716758,0.019716758,0.019716758,0.019716758,0.019716758,0.019716758,0.019716758,0.019716758,0.019716758,0.019716758,0.019716758,0.019716758,0.019716758,0.019716758
0.019716758,0.019716758,0.019716758,0.019716758,0.019716758,0.019716758,0.019716758,0.019716758,0.019716758,0.019716758,0.019716758,0.019716758,0.019716758,0.019716758,0.053595703,0.019716758,0.019716758,0.019716758,0.019716758,0.019716758,0.019716758,0.019716758,0.019716758,0.019716758,0.019716758,0.019716758,0.019716758,0.019716758,0.019716758,0.019716758,0.019716758,0.019716758,0.019716758,0.019716758,0.019716758,0.019716758,0.019716758,0.019716758,0.019716758,0.019716758,0.019716758,0.019716758,0.019716758,0.019716758,0.019716758,0.019716758,0.019716758,0.019716758,0.019716758
0.019716758,0.019716758,0.053595703,0.019716758,0.019716758,0.019716758,0.019716758,0.019716758,0.019716758,0.019716758,0.019716758,0.019716758,0.019716758,0.019716758,0.019716758,0.019716758,0.019716758,0.019716758,0.019716758,0.019716758,0.019716758,0.019716758,0.019716758,0.019716758,0.019716758,0.019716758,0.019716758,0.019716758,0.019716758,0.019716758,0.019716758,0.019716758,0.019716758,0.019716758,0.019716758,0.019716758,0.019716758,0.019716758,0.019716758,0.019716758,0.019716758,0.019716758,0.019716758,0.019716758,0.019716758,0.019716758,0.019716758,0.019716758,0.019716758
0.019716758,0.019716758,0.019716758,0.019716758,0.019716758,0.019716758,0.019716758,0.019716758,0.019716758,0.019716758,0.053595703,0.019716758,0.019716758,0.019716758,0.019716758,0.019716758,0.019716758,0.019716758,0.019716758,0.019716758,0.019716758,0.019716758,0.019716758,0.019716758,0.019716758,0.019716758,0.019716758,0.019716758,0.019716758,0.019716758,0.019716758,0.019716758,0.019716758,0.019716758,0.019716758,0.019716758,0.019716758,0.019716758,0.019716758,0.019716758,0.019716758,0.019716758,0.019716758,0.019716758,0.019716758,0.019716758,0.019716758,0.019716758,0.019716758
0.019716758,0.019716758,0.019716758,0.019716758,0.019716758,0.019716758,0.019716758,0.019716758,0.019716758,0.019716758,0.019716758,0.019716758,0.019716758,0.053595703,0.019716758,0.019716758,0.019716758,0.019716758,0.019716758,0.019716758,0.019716758,0.019716758,0.019716758,0.019716758,0.019716758,0.019716758,0.019716758,0.019716758,0.019716758,0.019716758,0.019716758,0.019716758,0.019716758,0.019716758,0.019716758,0.019716758,0.019716758,0.019716758,0.019716758,0.019716758,0.019716758,0.019716758,0.019716758,0.019716758,0.019716758,0.019716758,0.019716758,0.019716758,0.019716758
0.019716758,0.019716758,0.019716758,0.019716758,0.019716758,0.019716758,0.019716758,0.019716758,0.019716758,0.019716758,0.019716758,0.019716758,0.019716758,0.019716758,0.019716758,0.019716758,0.019716758,0.019716758,0.019716758,0.053595703,0.019716758,0.019716758,0.019716758,0.019716758,0.019716758,0.019716758,0.019716758,0.019716758,0.019716758,0.019716758,0.019716758,0.019716758,0.019716758,0.019716758,0.019716758,0.019716758,0.019716758,0.019716758,0.019716758,0.019716758,0.019716758,0.019716758,0.019716758,0.019716758,0.019716758,0.019716758,0.019716758,0.019716758,0.019716758
0.019716758,0.019716758,0.019716758,0.019716758,0.019716758,0.019716758,0.019716758,0.019716758,0.019716758,0.019716758,0.019716758,0.019716758,0.019716758,0.019716758,0.053595703,0.019716758,0.019716758,0.019716758,0.019716758,0.019716758,0.019716758,0.019716758,0.019716758,0.019716758,0.019716758,0.019716758,0.019716758,0.019716758,0.019716758,0.019716758,0.019716758,0.019716758,0.019716758,0.019716758,0.019716758,0.019716758,0.019716758,0.019716758,0.019716758,0.019716758,0.019716758,0.019716758,0.019716758,0.019716758,0.019716758,0.019716758,0.019716758,0.019716758,0.019716758
0.019716758,0.019716758,0.019716758,0.019716758,0.019716758,0.019716758,0.019716758,0.019716758,0.019716758,0.019716758,0.019716758,0.019716758,0.053595703,0.019716758,0.019716758,0.019716758,0.019716758,0.019716758,0.019716758,0.019716758,0.019716758,0.019716758,0.019716758,0.019716758,0.019716758,0.019716758,0.019716758,0.019716758,0.019716758,0.019716758,0.019716758,0.019716758,0.019716758,0.019716758,0.019716758,0.019716758,0.019716758,0.019716758,0.019716758,0.019716758,0.019716758,0.019716758,0.019716758,0.019716758,0.019716758,0.019716758,0.019716758,0.019716758,0.019716758
0.019716758,0.019716758,0.019716758,0.019716758,0.019716758,0.019716758,0.019716758,0.019716758,0.019716758,0.019716758,0.019716758,0.019716758,0.019716758,0.019716758,0.019716758,0.053595707,0.019716758,0.019716758,0.019716758,0.019716758,0.019716758,0.019716758,0.019716758,0.019716758,0.019716758,0.019716758,0.019716758,0.019716758,0.019716758,0.019716758,0.019716758,0.019716758,0.019716758,0.019716758,0.019716758,0.019716758,0.019716758,0.019716758,0.019716758,0.019716758,0.019716758,0.019716758,0.019716758,0.019716758,0.019716758,0.019716758,0.019716758,0.019716758,0.019716758
0.019716758,0.019716758,0.019716758,0.019716758,0.019716758,0.019716758,0.053595703,0.019716758,0.019716758,0.019716758,0.019716758,0.019716758,0.019716758,0.019716758,0.019716758,0.019716758,0.019716758,0.019716758,0.019716758,0.019716758,0.019716758,0.019716758,0.019716758,0.019716758,0.019716758,0.019716758,0.019716758,0.019716758,0.019716758,0.019716758,0.019716758,0.019716758,0.019716758,0.019716758,0.019716758,0.019716758,0.019716758,0.019716758,0.019716758,0.019716758,0.019716758,0.019716758,0.019716758,0.019716758,0.019716758,0.019716758,0.019716758,0.019716758,0.019716758
0.019716758,0.019716758,0.019716758,0.019716758,0.019716758,0.019716758,0.019716758,0.019716758,0.019716758,0.019716758,0.053595703,0.019716758,0.019716758,0.019716758,0.019716758,0.019716758,0.019716758,0.019716758,0.019716758,0.019716758,0.019716758,0.019716758,0.019716758,0.019716758,0.019716758,0.019716758,0.019716758,0.019716758,0.019716758,0.019716758,0.019716758,0.019716758,0.019716758,0.019716758,0.019716758,0.019716758,0.019716758,0.019716758,0.019716758,0.019716758,0.019716758,0.019716758,0.019716758,0.019716758,0.019716758,0.019716758,0.019716758,0.019716758,0.019716758
0.019716758,0.019716758,0.019716758,0.019716758,0.019716758,0.019716758,0.019716758,0.019716758,0.019716758,0.019716758,0.019716758,0.019716758,0.019716758,0.019716758,0.019716758,0.019716758,0.019716758,0.019716758,0.019716758,0.053595703,0.019716758,0.019716758,0.019716758,0.019716758,0.019716758,0.019716758,0.019716758,0.019716758,0.019716758,0.019716758,0.019716758,0.019716758,0.019716758,0.019716758,0.019716758,0.019716758,0.019716758,0.019716758,0.019716758,0.019716758,0.019716758,0.019716758,0.019716758,0.019716758,0.019716758,0.019716758,0.019716758,0.019716758,0.019716758
0.019716758,0.019716758,0.019716758,0.019716758,0.019716758,0.019716758,0.019716758,0.019716758,0.019716758,0.019716758,0.019716758,0.019716758,0.019716758,0.019716758,0.019716758,0.053595707,0.019716758,0.019716758,0.019716758,0.019716758,0.019716758,0.019716758,0.019716758,0.019716758,0.019716758,0.019716758,0.019716758,0.019716758,0.019716758,0.019716758,0.019716758,0.019716758,0.019716758,0.019716758,0.019716758,0.019716758,0.019716758,0.019716758,0.019716758,0.019716758,0.019716758,0.019716758,0.019716758,0.019716758,0.019716758,0.019716758,0.019716758,0.019716758,0.019716758
0.019716758,0.019716758,0.019716758,0.019716758,0.019716758,0.019716758,0.019716758,0.019716758,0.019716758,0.019716758,0.019716758,0.019716758,0.019716758,0.019716758,0.019716758,0.053595707,0.019716758,0.019716758,0.019716758,0.019716758,0.019716758,0.019716758,0.019716758,0.019716758,0.019716758,0.019716758,0.019716758,0.019716758,0.019716758,0.019716758,0.019716758,0.019716758,0.019716758,0.019716758,0.019716758,0.019716758,0.019716758,0.019716758,0.019716758,0.019716758,0.019716758,0.019716758,0.019716758,0.019716758,0.019716758,0.019716758,0.019716758,0.019716758,0.019716758
0.019716758,0.019716758,0.019716758,0.019716758,0.019716758,0.019716758,0.019716758,0.019716758,0.019716758,0.019716758,0.019716758,0.019716758,0.019716758,0.019716758,0.019716758,0.019716758,0.019716758,0.019716758,0.019716758,0.019716758,0.019716758,0.019716758,0.019716758,0.019716758,0.019716758,0.019716758,0.019716758,0.019716758,0.019716758,0.019716758,0.019716758,0.019716758,0.019716758,0.019716758,0.019716758,0.019716758,0.019716758,0.019716758,0.019716758,0.019716758,0.019716758,0.019716758,0.053595703,0.019716758,0.019716758,0.019716758,0.019716758,0.019716758,0.019716758
0.019716758,0.019716758,0.019716758,0.019716758,0.019716758,0.019716758,0.019716758,0.019716758,0.019716758,0.019716758,0.019716758,0.019716758,0.019716758,0.019716758,0.019716758,0.019716758,0.019716758,0.019716758,0.053595703,0.019716758,0.019716758,0.019716758,0.019716758,0.019716758,0.019716758,0.019716758,0.019716758,0.019716758,0.019716758,0.019716758,0.019716758,0.019716758,0.019716758,0.019716758,0.019716758,0.019716758,0.019716758,0.019716758,0.019716758,0.019716758,0.019716758,0.019716758,0.019716758,0.019716758,0.019716758,0.019716758,0.019716758,0.019716758,0.019716758
0.019716758,0.019716758,0.019716758,0.019716758,0.019716758,0.019716758,0.019716758,0.019716758,0.019716758,0.019716758,0.019716758,0.019716758,0.019716758,0.019716758,0.019716758,0.019716758,0.019716758,0.019716758,0.019716758,0.019716758,0.019716758,0.019716758,0.019716758,0.019716758,0.019716758,0.019716758,0.019716758,0.019716758,0.019716758,0.019716758,0.019716758,0.019716758,0.019716758,0.019716758,0.019716758,0.019716758,0.019716758,0.019716758,0.019716758,0.019716758,0.019716758,0.019716758,0.019716758,0.019716758,0.019716758,0.053595703,0.019716758,0.019716758,0.019716758
0.019716758,0.019716758,0.019716758,0.019716758,0.019716758,0.019716758,0.019716758,0.019716758,0.019716758,0.019716758,0.019716758,0.019716758,0.019716758,0.019716758,0.019716758,0.019716758,0.053595703,0.019716758,0.019716758,0.019716758,0.019716758,0.019716758,0.019716758,0.019716758,0.019716758,0.019716758,0.019716758,0.019716758,0.019716758,0.019716758,0.019716758,0.019716758,0.019716758,0.019716758,0.019716758,0.019716758,0.019716758,0.019716758,0.019716758,0.019716758,0.019716758,0.019716758,0.019716758,0.019716758,0.019716758,0.019716758,0.019716758,0.019716758,0.019716758
0.019716758,0.019716758,0.019716758,0.019716758,0.019716758,0.019716758,0.019716758,0.019716758,0.019716758,0.019716758,0.019716758,0.019716758,0.019716758,0.019716758,0.019716758,0.019716758,0.053595703,0.019716758,0.019716758,0.019716758,0.019716758,0.019716758,0.019716758,0.019716758,0.019716758,0.019716758,0.019716758,0.019716758,0.019716758,0.019716758,0.019716758,0.019716758,0.019716758,0.019716758,0.019716758,0.019716758,0.019716758,0.019716758,0.019716758,0.019716758,0.019716758,0.019716758,0.019716758,0.019716758,0.019716758,0.019716758,0.019716758,0.019716758,0.019716758
0.019716758,0.019716758,0.019716758,0.019716758,0.019716758,0.019716758,0.019716758,0.019716758,0.019716758,0.019716758,0.019716758,0.019716758,0.019716758,0.019716758,0.019716758,0.019716758,0.053595703,0.019716758,0.019716758,0.019716758,0.019716758,0.019716758,0.019716758,0.019716758,0.019716758,0.019716758,0.019716758,0.019716758,0.019716758,0.019716758,0.019716758,0.019716758,0.019716758,0.019716758,0.019716758,0.019716758,0.019716758,0.019716758,0.019716758,0.019716758,0.019716758,0.019716758,0.019716758,0.019716758,0.019716758,0.019716758,0.019716758,0.019716758,0.019716758
0.019716758,0.019716758,0.019716758,0.019716758,0.053595703,0.019716758,0.019716758,0.019716758,0.019716758,0.019716758,0.019716758,0.019716758,0.019716758,0.019716758,0.019716758,0.019716758,0.019716758,0.019716758,0.019716758,0.019716758,0.019716758,0.019716758,0.019716758,0.019716758,0.019716758,0.019716758,0.019716758,0.019716758,0.019716758,0.019716758,0.019716758,0.019716758,0.019716758,0.019716758,0.019716758,0.019716758,0.019716758,0.019716758,0.019716758,0.019716758,0.019716758,0.019716758,0.019716758,0.019716758,0.019716758,0.019716758,0.019716758,0.019716758,0.019716758
0.019716758,0.019716758,0.019716758,0.019716758,0.019716758,0.019716758,0.019716758,0.019716758,0.019716758,0.019716758,0.019716758,0.019716758,0.019716758,0.019716758,0.019716758,0.019716758,0.053595703,0.019716758,0.019716758,0.019716758,0.019716758,0.019716758,0.019716758,0.019716758,0.019716758,0.019716758,0.019716758,0.019716758,0.019716758,0.019716758,0.019716758,0.019716758,0.019716758,0.019716758,0.019716758,0.019716758,0.019716758,0.019716758,0.019716758,0.019716758,0.019716758,0.019716758,0.019716758,0.019716758,0.019716758,0.019716758,0.019716758,0.019716758,0.019716758
0.019716758,0.019716758,0.019716758,0.019716758,0.019716758,0.019716758,0.019716758,0.019716758,0.019716758,0.019716758,0.019716758,0.019716758,0.019716758,0.019716758,0.019716758,0.019716758,0.053595703,0.019716758,0.019716758,0.019716758,0.019716758,0.019716758,0.019716758,0.019716758,0.019716758,0.019716758,0.019716758,0.019716758,0.019716758,0.019716758,0.019716758,0.019716758,0.019716758,0.019716758,0.019716758,0.019716758,0.019716758,0.019716758,0.019716758,0.019716758,0.019716758,0.019716758,0.019716758,0.019716758,0.019716758,0.019716758,0.019716758,0.019716758,0.019716758
0.019716758,0.019716758,0.019716758,0.019716758,0.019716758,0.019716758,0.019716758,0.019716758,0.019716758,0.019716758,0.019716758,0.019716758,0.019716758,0.019716758,0.019716758,0.019716758,0.053595703,0.019716758,0.019716758,0.019716758,0.019716758,0.019716758,0.019716758,0.019716758,0.019716758,0.019716758,0.019716758,0.019716758,0.019716758,0.019716758,0.019716758,0.019716758,0.019716758,0.019716758,0.019716758,0.019716758,0.019716758,0.019716758,0.019716758,0.019716758,0.019716758,0.019716758,0.019716758,0.019716758,0.019716758,0.019716758,0.019716758,0.019716758,0.019716758
0.053595703,0.019716758,0.019716758,0.019716758,0.019716758,0.019716758,0.019716758,0.019716758,0.019716758,0.019716758,0.019716758,0.019716758,0.019716758,0.019716758,0.019716758,0.019716758,0.019716758,0.019716758,0.019716758,0.019716758,0.019716758,0.019716758,0.019716758,0.019716758,0.019716758,0.019716758,0.019716758,0.019716758,0.019716758,0.019716758,0.019716758,0.019716758,0.019716758,0.019716758,0.019716758,0.019716758,0.019716758,0.019716758,0.019716758,0.019716758,0.019716758,0.019716758,0.019716758,0.019716758,0.019716758,0.019716758,0.019716758,0.019716758,0.019716758
0.019716758,0.019716758,0.019716758,0.019716758,0.019716758,0.019716758,0.019716758,0.019716758,0.019716758,0.019716758,0.019716758,0.019716758,0.019716758,0.019716758,0.019716758,0.019716758,0.019716758,0.019716758,0.019716758,0.019716758,0.019716758,0.019716758,0.019716758,0.019716758,0.019716758,0.019716758,0.019716758,0.019716758,0.019716758,0.019716758,0.019716758,0.019716758,0.019716758,0.019716758,0.053595703,0.019716758,0.019716758,0.019716758,0.019716758,0.019716758,0.019716758,0.019716758,0.019716758,0.019716758,0.019716758,0.019716758,0.019716758,0.019716758,0.019716758
0.019716758,0.019716758,0.019716758,0.019716758,0.019716758,0.019716758,0.019716758,0.019716758,0.019716758,0.019716758,0.019716758,0.019716758,0.019716758,0.019716758,0.019716758,0.019716758,0.053595703,0.019716758,0.019716758,0.019716758,0.019716758,0.019716758,0.019716758,0.019716758,0.019716758,0.019716758,0.019716758,0.019716758,0.019716758,0.019716758,0.019716758,0.019716758,0.019716758,0.019716758,0.019716758,0.019716758,0.019716758,0.019716758,0.019716758,0.019716758,0.019716758,0.019716758,0.019716758,0.019716758,0.019716758,0.019716758,0.019716758,0.019716758,0.019716758
0.01971984,0.01971984,0.01971984,0.01971984,0.01971984,0.01971984,0.01971984,0.01971984,0.01971984,0.01971984,0.01971984,0.01971984,0.01971984,0.01971984,0.01971984,0.01971984,0.01971984,0.053355884,0.01971984,0.01971984,0.01971984,0.01971984,0.01971984,0.01971984,0.01971984,0.01971984,0.01971984,0.01971984,0.01971984,0.01971984,0.01971984,0.01971984,0.01971984,0.01971984,0.01971984,0.01971984,0.01971984,0.01971984,0.01971984,0.01971984,0.01971984,0.019811573,0.01971984,0.01971984,0.01971984,0.01971984,0.01971984,0.01971984,0.01971984
0.019716758,0.019716758,0.019716758,0.019716758,0.019716758,0.019716758,0.019716758,0.019716758,0.019716758,0.019716758,0.019716758,0.019716758,0.019716758,0.019716758,0.019716758,0.019716758,0.019716758,0.053595703,0.019716758,0.019716758,0.019716758,0.019716758,0.019716758,0.019716758,0.019716758,0.019716758,0.019716758,0.019716758,0.019716758,0.019716758,0.019716758,0.019716758,0.019716758,0.019716758,0.019716758,0.019716758,0.019716758,0.019716758,0.019716758,0.019716758,0.019716758,0.019716758,0.019716758,0.019716758,0.019716758,0.019716758,0.019716758,0.019716758,0.019716758
0.019716758,0.019716758,0.019716758,0.019716758,0.019716758,0.019716758,0.019716758,0.019716758,0.019716758,0.019716758,0.019716758,0.019716758,0.019716758,0.019716758,0.019716758,0.019716758,0.019716758,0.019716758,0.019716758,0.019716758,0.019716758,0.019716758,0.019716758,0.019716758,0.019716758,0.019716758,0.019716758,0.019716758,0.019716758,0.019716758,0.019716758,0.019716758,0.019716758,0.019716758,0.019716758,0.019716758,0.019716758,0.019716758,0.019716758,0.053595707,0.019716758,0.019716758,0.019716758,0.019716758,0.019716758,0.019716758,0.019716758,0.019716758,0.019716758
0.019716758,0.019716758,0.019716758,0.019716758,0.019716758,0.019716758,0.019716758,0.019716758,0.019716758,0.019716758,0.019716758,0.019716758,0.019716758,0.019716758,0.019716758,0.019716758,0.019716758,0.019716758,0.019716758,0.019716758,0.019716758,0.019716758,0.019716758,0.019716758,0.053595703,0.019716758,0.019716758,0.019716758,0.019716758,0.019716758,0.019716758,0.019716758,0.019716758,0.019716758,0.019716758,0.019716758,0.019716758,0.019716758,0.019716758,0.019716758,0.019716758,0.019716758,0.019716758,0.019716758,0.019716758,0.019716758,0.019716758,0.019716758,0.019716758
0.019716758,0.019716758,0.019716758,0.019716758,0.019716758,0.019716758,0.019716758,0.019716758,0.019716758,0.019716758,0.019716758,0.019716758,0.019716758,0.019716758,0.019716758,0.019716758,0.019716758,0.053595703,0.019716758,0.019716758,0.019716758,0.019716758,0.019716758,0.019716758,0.019716758,0.019716758,0.019716758,0.019716758,0.019716758,0.019716758,0.019716758,0.019716758,0.019716758,0.019716758,0.019716758,0.019716758,0.019716758,0.019716758,0.019716758,0.019716758,0.019716758,0.019716758,0.019716758,0.019716758,0.019716758,0.019716758,0.019716758,0.019716758,0.019716758
0.019716758,0.019716758,0.019716758,0.019716758,0.019716758,0.019716758,0.019716758,0.019716758,0.019716758,0.019716758,0.019716758,0.019716758,0.019716758,0.019716758,0.019716758,0.019716758,0.019716758,0.019716758,0.019716758,0.019716758,0.019716758,0.019716758,0.019716758,0.019716758,0.019716758,0.019716758,0.019716758,0.019716758,0.019716758,0.019716758,0.019716758,0.019716758,0.019716758,0.019716758,0.019716758,0.019716758,0.019716758,0.019716758,0.019716758,0.053595707,0.019716758,0.019716758,0.019716758,0.019716758,0.019716758,0.019716758,0.019716758,0.019716758,0.019716758
0.019731795,0.019731795,0.019731795,0.019731795,0.019731795,0.019731795,0.019731795,0.019731795,0.019731795,0.019731795,0.019731795,0.019731795,0.019731795,0.020192314,0.019731795,0.019731795,0.019731795,0.019731795,0.052413296,0.019731795,0.019731795,0.019731795,0.019731795,0.019731795,0.019731795,0.019731795,0.019731795,0.019731795,0.019731795,0.019731795,0.019731795,0.019731795,0.019731795,0.019731795,0.019731795,0.019731795,0.019731795,0.019731795,0.019731795,0.019731795,0.019731795,0.019731795,0.019731795,0.019731795,0.0197318,0.019731795,0.019731795,0.019731795,0.019731795
0.019716758,0.019716758,0.019716758,0.019716758,0.019716758,0.019716758,0.019716758,0.019716758,0.019716758,0.019716758,0.019716758,0.019716758,0.019716758,0.019716758,0.019716758,0.019716758,0.019716758,0.053595703,0.019716758,0.019716758,0.019716758,0.019716758,0.019716758,0.019716758,0.019716758,0.019716758,0.019716758,0.019716758,0.019716758,0.019716758,0.019716758,0.019716758,0.019716758,0.019716758,0.019716758,0.019716758,0.019716758,0.019716758,0.019716758,0.019716758,0.019716758,0.019716758,0.019716758,0.019716758,0.019716758,0.019716758,0.019716758,0.019716758,0.019716758
0.053595692,0.019716756,0.019716756,0.019716756,0.019716756,0.019716756,0.019716756,0.019716756,0.019716756,0.019716756,0.019716756,0.019716756,0.019716756,0.019716756,0.019716756,0.019716756,0.019716756,0.019716764,0.019716756,0.019716756,0.019716756,0.019716756,0.019716756,0.019716756,0.019716756,0.019716756,0.019716756,0.019716756,0.019716756,0.019716756,0.019716756,0.019716756,0.019716756,0.019716756,0.019716756,0.019716756,0.019716756,0.019716756,0.019716756,0.019716756,0.019716756,0.019716756,0.019716756,0.019716756,0.019716756,0.019716756,0.019716756,0.019716756,0.019716756
0.019716758,0.019716758,0.019716758,0.019716758,0.019716758,0.019716758,0.019716758,0.019716758,0.019716758,0.019716758,0.019716758,0.019716758,0.019716758,0.019716758,0.019716758,0.019716758,0.019716758,0.053595703,0.019716758,0.019716758,0.019716758,0.019716758,0.019716758,0.019716758,0.019716758,0.019716758,0.019716758,0.019716758,0.019716758,0.019716758,0.019716758,0.019716758,0.019716758,0.019716758,0.019716758,0.019716758,0.019716758,0.019716758,0.019716758,0.019716758,0.019716758,0.019716758,0.019716758,0.019716758,0.019716758,0.019716758,0.019716758,0.019716758,0.019716758
0.019716758,0.019716758,0.019716758,0.019716758,0.019716758,0.019716758,0.019716758,0.053595707,0.019716758,0.019716758,0.019716758,0.019716758,0.019716758,0.019716758,0.019716758,0.019716758,0.019716758,0.019716758,0.019716758,0.019716758,0.019716758,0.019716758,0.019716758,0.019716758,0.019716758,0.019716758,0.019716758,0.019716758,0.019716758,0.019716758,0.019716758,0.019716758,0.019716758,0.019716758,0.019716758,0.019716758,0.019716758,0.019716758,0.019716758,0.019716758,0.019716758,0.019716758,0.019716758,0.019716758,0.019716758,0.019716758,0.019716758,0.019716758,0.019716758
0.019716758,0.019716758,0.019716758,0.019716758,0.019716758,0.019716758,0.019716758,0.019716758,0.019716758,0.019716758,0.019716758,0.019716758,0.019716758,0.019716758,0.019716758,0.019716758,0.019716758,0.019716758,0.019716758,0.019716758,0.019716758,0.019716758,0.019716758,0.019716758,0.019716758,0.019716758,0.019716758,0.019716758,0.019716758,0.019716758,0.019716758,0.019716758,0.019716758,0.019716758,0.053595703,0.019716758,0.019716758,0.019716758,0.019716758,0.019716758,0.019716758,0.019716758,0.019716758,0.019716758,0.019716758,0.019716758,0.019716758,0.019716758,0.019716758
0.019716758,0.019716758,0.019716758,0.019716758,0.019716758,0.019716758,0.019716758,0.019716758,0.019716758,0.019716758,0.019716758,0.019716758,0.019716758,0.019716758,0.019716758,0.019716758,0.019716758,0.019716758,0.053595703,0.019716758,0.019716758,0.019716758,0.019716758,0.019716758,0.019716758,0.019716758,0.019716758,0.019716758,0.019716758,0.019716758,0.019716758,0.019716758,0.019716758,0.019716758,0.019716758,0.019716758,0.019716758,0.019716758,0.019716758,0.019716758,0.019716758,0.019716758,0.019716758,0.019716758,0.019716758,0.019716758,0.019716758,0.019716758,0.019716758
0.019716758,0.019716758,0.019716758,0.019716758,0.019716758,0.019716758,0.019716758,0.019716758,0.019716758,0.019716758,0.019716758,0.019716758,0.019716758,0.019716758,0.019716758,0.019716758,0.019716758,0.019716758,0.053595703,0.019716758,0.019716758,0.019716758,0.019716758,0.019716758,0.019716758,0.019716758,0.019716758,0.019716758,0.019716758,0.019716758,0.019716758,0.019716758,0.019716758,0.019716758,0.019716758,0.019716758,0.019716758,0.019716758,0.019716758,0.019716758,0.019716758,0.019716758,0.019716758,0.019716758,0.019716758,0.019716758,0.019716758,0.019716758,0.019716758
0.019716758,0.019716758,0.019716758,0.019716758,0.019716758,0.019716758,0.019716758,0.019716758,0.019716758,0.019716758,0.019716758,0.019716758,0.019716758,0.019716758,0.019716758,0.019716758,0.019716758,0.019716758,0.053595703,0.019716758,0.019716758,0.019716758,0.019716758,0.019716758,0.019716758,0.019716758,0.019716758,0.019716758,0.019716758,0.019716758,0.019716758,0.019716758,0.019716758,0.019716758,0.019716758,0.019716758,0.019716758,0.019716758,0.019716758,0.019716758,0.019716758,0.019716758,0.019716758,0.019716758,0.019716758,0.019716758,0.019716758,0.019716758,0.019716758
0.019716758,0.019716758,0.019716758,0.019716758,0.019716758,0.019716758,0.019716758,0.019716758,0.019716758,0.019716758,0.019716758,0.019716758,0.019716758,0.019716758,0.019716758,0.019716758,0.019716758,0.019716758,0.053595703,0.019716758,0.019716758,0.019716758,0.019716758,0.019716758,0.019716758,0.019716758,0.019716758,0.019716758,0.019716758,0.019716758,0.019716758,0.019716758,0.019716758,0.019716758,0.019716758,0.019716758,0.019716758,0.019716758,0.019716758,0.019716758,0.019716758,0.019716758,0.019716758,0.019716758,0.019716758,0.019716758,0.019716758,0.019716758,0.019716758
0.019716758,0.019716758,0.019716758,0.019716758,0.019716758,0.019716758,0.019716758,0.019716758,0.019716758,0.019716758,0.019716758,0.053595703,0.019716758,0.019716758,0.019716758,0.019716758,0.019716758,0.019716758,0.019716758,0.019716758,0.019716758,0.019716758,0.019716758,0.019716758,0.019716758,0.019716758,0.019716758,0.019716758,0.019716758,0.019716758,0.019716758,0.019716758,0.019716758,0.019716758,0.019716758,0.019716758,0.019716758,0.019716758,0.019716758,0.019716758,0.019716758,0.019716758,0.019716758,0.019716758,0.019716758,0.019716758,0.019716758,0.019716758,0.019716758
0.019716758,0.019716758,0.019716758,0.019716758,0.019716758,0.019716758,0.019716758,0.019716758,0.019716758,0.019716758,0.019716758,0.019716758,0.019716758,0.019716758,0.019716758,0.019716758,0.019716758,0.019716758,0.019716758,0.019716758,0.019716758,0.019716758,0.019716758,0.019716758,0.019716758,0.019716758,0.019716758,0.019716758,0.019716758,0.019716758,0.019716758,0.053595707,0.019716758,0.019716758,0.019716758,0.019716758,0.019716758,0.019716758,0.019716758,0.019716758,0.019716758,0.019716758,0.019716758,0.019716758,0.019716758,0.019716758,0.019716758,0.019716758,0.019716758
0.019716758,0.019716758,0.019716758,0.019716758,0.019716758,0.019716758,0.019716758,0.019716758,0.019716758,0.019716758,0.019716758,0.019716758,0.019716758,0.019716758,0.019716758,0.019716758,0.019716758,0.019716758,0.053595703,0.019716758,0.019716758,0.019716758,0.019716758,0.019716758,0.019716758,0.019716758,0.019716758,0.019716758,0.019716758,0.019716758,0.019716758,0.019716758,0.019716758,0.019716758,0.019716758,0.019716758,0.019716758,0.019716758,0.019716758,0.019716758,0.019716758,0.019716758,0.019716758,0.019716758,0.019716758,0.019716758,0.019716758,0.019716758,0.019716758
0.019716758,0.019716758,0.019716758,0.019716758,0.019716758,0.019716758,0.019716758,0.019716758,0.019716758,0.019716758,0.019716758,0.019716758,0.019716758,0.019716758,0.019716758,0.019716758,0.019716758,0.019716758,0.053595703,0.019716758,0.019716758,0.019716758,0.019716758,0.019716758,0.019716758,0.019716758,0.019716758,0.019716758,0.019716758,0.019716758,0.019716758,0.019716758,0.019716758,0.019716758,0.019716758,0.019716758,0.019716758,0.019716758,0.019716758,0.019716758,0.019716758,0.019716758,0.019716758,0.019716758,0.019716758,0.019716758,0.019716758,0.019716758,0.019716758
0.019716758,0.019716758,0.019716758,0.019716758,0.019716758,0.019716758,0.019716758,0.019716758,0.019716758,0.019716758,0.019716758,0.019716758,0.019716758,0.019716758,0.019716758,0.019716758,0.019716758,0.019716758,0.019716758,0.053595703,0.019716758,0.019716758,0.019716758,0.019716758,0.019716758,0.019716758,0.019716758,0.019716758,0.019716758,0.019716758,0.019716758,0.019716758,0.019716758,0.019716758,0.019716758,0.019716758,0.019716758,0.019716758,0.019716758,0.019716758,0.019716758,0.019716758,0.019716758,0.019716758,0.019716758,0.019716758,0.019716758,0.019716758,0.019716758
0.019716758,0.019716758,0.019716758,0.019716758,0.019716758,0.019716758,0.019716758,0.019716758,0.019716758,0.019716758,0.019716758,0.019716758,0.019716758,0.019716758,0.019716758,0.019716758,0.019716758,0.019716758,0.019716758,0.053595703,0.019716758,0.019716758,0.019716758,0.019716758,0.019716758,0.019716758,0.019716758,0.019716758,0.019716758,0.019716758,0.019716758,0.019716758,0.019716758,0.019716758,0.019716758,0.019716758,0.019716758,0.019716758,0.019716758,0.019716758,0.019716758,0.019716758,0.019716758,0.019716758,0.019716758,0.019716758,0.019716758,0.019716758,0.019716758
0.019716758,0.019716758,0.019716758,0.019716758,0.019716758,0.019716758,0.019716758,0.019716758,0.019716758,0.019716758,0.019716758,0.019716758,0.019716758,0.019716758,0.019716758,0.019716758,0.019716758,0.019716758,0.019716758,0.053595703,0.019716758,0.019716758,0.019716758,0.019716758,0.019716758,0.019716758,0.019716758,0.019716758,0.019716758,0.019716758,0.019716758,0.019716758,0.019716758,0.019716758,0.019716758,0.019716758,0.019716758,0.019716758,0.019716758,0.019716758,0.019716758,0.019716758,0.019716758,0.019716758,0.019716758,0.019716758,0.019716758,0.019716758,0.019716758
0.019716758,0.019716758,0.019716758,0.019716758,0.019716758,0.019716758,0.019716758,0.019716758,0.019716758,0.019716758,0.019716758,0.019716758,0.019716758,0.019716758,0.019716758,0.019716758,0.019716758,0.019716758,0.019716758,0.053595703,0.019716758,0.019716758,0.019716758,0.019716758,0.019716758,0.019716758,0.019716758,0.019716758,0.019716758,0.019716758,0.019716758,0.019716758,0.019716758,0.019716758,0.019716758,0.019716758,0.019716758,0.019716758,0.019716758,0.019716758,0.019716758,0.019716758,0.019716758,0.019716758,0.019716758,0.019716758,0.019716758,0.019716758,0.019716758
0.019716758,0.019716758,0.019716758,0.019716758,0.019716758,0.019716758,0.019716758,0.019716758,0.019716758,0.019716758,0.019716758,0.019716758,0.019716758,0.019716758,0.019716758,0.019716758,0.019716758,0.019716758,0.019716758,0.019716758,0.019716758,0.019716758,0.019716758,0.019716758,0.019716758,0.019716758,0.019716758,0.019716758,0.019716758,0.019716758,0.019716758,0.019716758,0.019716758,0.019716758,0.019716758,0.019716758,0.019716758,0.019716758,0.019716758,0.019716758,0.019716758,0.019716758,0.019716758,0.019716758,0.019716758,0.019716758,0.053595703,0.019716758,0.019716758
0.019716758,0.019716758,0.019716758,0.019716758,0.019716758,0.019716758,0.019716758,0.019716758,0.019716758,0.019716758,0.019716758,0.019716758,0.019716758,0.019716758,0.019716758,0.019716758,0.019716758,0.019716758,0.019716758,0.053595703,0.019716758,0.019716758,0.019716758,0.019716758,0.019716758,0.019716758,0.019716758,0.019716758,0.019716758,0.019716758,0.019716758,0.019716758,0.019716758,0.019716758,0.019716758,0.019716758,0.019716758,0.019716758,0.019716758,0.019716758,0.019716758,0.019716758,0.019716758,0.019716758,0.019716758,0.019716758,0.019716758,0.019716758,0.019716758
0.019716758,0.019716758,0.019716758,0.019716758,0.019716758,0.019716758,0.019716758,0.019716758,0.019716758,0.019716758,0.019716758,0.019716758,0.019716758,0.019716758,0.019716758,0.019716758,0.019716758,0.019716758,0.019716758,0.053595703,0.019716758,0.019716758,0.019716758,0.019716758,0.019716758,0.019716758,0.019716758,0.019716758,0.019716758,0.019716758,0.019716758,0.019716758,0.019716758,0.019716758,0.019716758,0.019716758,0.019716758,0.019716758,0.019716758,0.019716758,0.019716758,0.019716758,0.019716758,0.019716758,0.019716758,0.019716758,0.019716758,0.019716758,0.019716758
0.019716758,0.019716758,0.019716758,0.019716758,0.019716758,0.019716758,0.019716758,0.019716758,0.019716758,0.019716758,0.019716758,0.019716758,0.019716758,0.019716758,0.019716758,0.019716758,0.019716758,0.019716758,0.019716758,0.053595703,0.019716758,0.019716758,0.019716758,0.019716758,0.019716758,0.019716758,0.019716758,0.019716758,0.019716758,0.019716758,0.019716758,0.019716758,0.019716758,0.019716758,0.019716758,0.019716758,0.019716758,0.019716758,0.019716758,0.019716758,0.019716758,0.019716758,0.019716758,0.019716758,0.019716758,0.019716758,0.019716758,0.019716758,0.019716758
0.019716758,0.019716758,0.019716758,0.019716758,0.019716758,0.019716758,0.019716758,0.019716758,0.019716758,0.019716758,0.019716758,0.019716758,0.019716758,0.019716758,0.019716758,0.019716758,0.019716758,0.019716758,0.019716758,0.053595703,0.019716758,0.019716758,0.019716758,0.019716758,0.019716758,0.019716758,0.019716758,0.019716758,0.019716758,0.019716758,0.019716758,0.019716758,0.019716758,0.019716758,0.019716758,0.019716758,0.019716758,0.019716758,0.019716758,0.019716758,0.019716758,0.019716758,0.019716758,0.019716758,0.019716758,0.019716758,0.019716758,0.019716758,0.019716758
0.019716758,0.019716758,0.019716758,0.019716758,0.019716758,0.019716758,0.019716758,0.019716758,0.019716758,0.019716758,0.019716758,0.019716758,0.019716758,0.019716758,0.019716758,0.019716758,0.019716758,0.019716758,0.019716758,0.019716758,0.019716758,0.019716758,0.019716758,0.019716758,0.019716758,0.019716758,0.019716758,0.019716758,0.019716758,0.019716758,0.019716758,0.019716758,0.019716758,0.019716758,0.053595703,0.019716758,0.019716758,0.019716758,0.019716758,0.019716758,0.019716758,0.019716758,0.019716758,0.019716758,0.019716758,0.019716758,0.019716758,0.019716758,0.019716758
0.019716758,0.019716758,0.019716758,0.019716758,0.019716758,0.019716758,0.019716758,0.019716758,0.019716758,0.019716758,0.019716758,0.019716758,0.019716758,0.019716758,0.019716758,0.019716758,0.019716758,0.019716758,0.019716758,0.019716758,0.053595703,0.019716758,0.019716758,0.019716758,0.019716758,0.019716758,0.019716758,0.019716758,0.019716758,0.019716758,0.019716758,0.019716758,0.019716758,0.019716758,0.019716758,0.019716758,0.019716758,0.019716758,0.019716758,0.019716758,0.019716758,0.019716758,0.019716758,0.019716758,0.019716758,0.019716758,0.019716758,0.019716758,0.019716758
0.019716758,0.019716758,0.019716758,0.019716758,0.019716758,0.019716758,0.019716758,0.019716758,0.019716758,0.019716758,0.019716758,0.019716758,0.019716758,0.019716758,0.019716758,0.019716758,0.019716758,0.019716758,0.019716758,0.019716758,0.019716758,0.019716758,0.019716758,0.019716758,0.019716758,0.019716758,0.053595703,0.019716758,0.019716758,0.019716758,0.019716758,0.019716758,0.019716758,0.019716758,0.019716758,0.019716758,0.019716758,0.019716758,0.019716758,0.019716758,0.019716758,0.019716758,0.019716758,0.019716758,0.019716758,0.019716758,0.019716758,0.019716758,0.019716758
0.019716758,0.019716758,0.019716758,0.019716758,0.019716758,0.019716758,0.019716758,0.019716758,0.019716758,0.019716758,0.019716758,0.019716758,0.019716758,0.019716758,0.019716758,0.019716758,0.019716758,0.019716758,0.019716758,0.019716758,0.019716758,0.019716758,0.019716758,0.019716758,0.019716758,0.019716758,0.019716758,0.019716758,0.019716758,0.019716758,0.019716758,0.019716758,0.019716758,0.019716758,0.019716758,0.019716758,0.019716758,0.019716758,0.019716758,0.019716758,0.019716758,0.019716758,0.019716758,0.019716758,0.019716758,0.019716758,0.053595703,0.019716758,0.019716758
0.019716758,0.019716758,0.019716758,0.019716758,0.019716758,0.019716758,0.019716758,0.019716758,0.019716758,0.019716758,0.019716758,0.019716758,0.019716758,0.019716758,0.019716758,0.019716758,0.019716758,0.019716758,0.019716758,0.019716758,0.019716758,0.019716758,0.019716758,0.019716758,0.019716758,0.019716758,0.019716758,0.019716758,0.053595703,0.019716758,0.019716758,0.019716758,0.019716758,0.019716758,0.019716758,0.019716758,0.019716758,0.019716758,0.019716758,0.019716758,0.019716758,0.019716758,0.019716758,0.019716758,0.019716758,0.019716758,0.019716758,0.019716758,0.019716758
0.019716758,0.019716758,0.019716758,0.019716758,0.019716758,0.019716758,0.019716758,0.019716758,0.019716758,0.019716758,0.019716758,0.019716758,0.019716758,0.019716758,0.019716758,0.019716758,0.019716758,0.019716758,0.019716758,0.019716758,0.053595703,0.019716758,0.019716758,0.019716758,0.019716758,0.019716758,0.019716758,0.019716758,0.019716758,0.019716758,0.019716758,0.019716758,0.019716758,0.019716758,0.019716758,0.019716758,0.019716758,0.019716758,0.019716758,0.019716758,0.019716758,0.019716758,0.019716758,0.019716758,0.019716758,0.019716758,0.019716758,0.019716758,0.019716758
0.019716758,0.019716758,0.019716758,0.019716758,0.019716758,0.019716758,0.019716758,0.019716758,0.019716758,0.019716758,0.019716758,0.019716758,0.019716758,0.019716758,0.019716758,0.019716758,0.019716758,0.019716758,0.019716758,0.019716758,0.053595703,0.019716758,0.019716758,0.019716758,0.019716758,0.019716758,0.019716758,0.019716758,0.019716758,0.019716758,0.019716758,0.019716758,0.019716758,0.019716758,0.019716758,0.019716758,0.019716758,0.019716758,0.019716758,0.019716758,0.019716758,0.019716758,0.019716758,0.019716758,0.019716758,0.019716758,0.019716758,0.019716758,0.019716758
0.019716758,0.019716758,0.019716758,0.019716758,0.019716758,0.019716758,0.019716758,0.019716758,0.019716758,0.019716758,0.019716758,0.019716758,0.019716758,0.019716758,0.019716758,0.019716758,0.019716758,0.019716758,0.019716758,0.019716758,0.053595703,0.019716758,0.019716758,0.019716758,0.019716758,0.019716758,0.019716758,0.019716758,0.019716758,0.019716758,0.019716758,0.019716758,0.019716758,0.019716758,0.019716758,0.019716758,0.019716758,0.019716758,0.019716758,0.019716758,0.019716758,0.019716758,0.019716758,0.019716758,0.019716758,0.019716758,0.019716758,0.019716758,0.019716758
0.019716758,0.019716758,0.019716758,0.019716758,0.019716758,0.019716758,0.019716758,0.019716758,0.019716758,0.019716758,0.019716758,0.019716758,0.019716758,0.019716758,0.019716758,0.019716758,0.019716758,0.019716758,0.019716758,0.019716758,0.053595703,0.019716758,0.019716758,0.019716758,0.019716758,0.019716758,0.019716758,0.019716758,0.019716758,0.019716758,0.019716758,0.019716758,0.019716758,0.019716758,0.019716758,0.019716758,0.019716758,0.019716758,0.019716758,0.019716758,0.019716758,0.019716758,0.019716758,0.019716758,0.019716758,0.019716758,0.019716758,0.019716758,0.019716758
0.019716758,0.019716758,0.019716758,0.019716758,0.019716758,0.019716758,0.019716758,0.019716758,0.019716758,0.019716758,0.019716758,0.019716758,0.019716758,0.019716758,0.019716758,0.019716758,0.019716758,0.019716758,0.019716758,0.019716758,0.053595703,0.019716758,0.019716758,0.019716758,0.019716758,0.019716758,0.019716758,0.019716758,0.019716758,0.019716758,0.019716758,0.019716758,0.019716758,0.019716758,0.019716758,0.019716758,0.019716758,0.019716758,0.019716758,0.019716758,0.019716758,0.019716758,0.019716758,0.019716758,0.019716758,0.019716758,0.019716758,0.019716758,0.019716758
0.019716758,0.053595703,0.019716758,0.019716758,0.019716758,0.019716758,0.019716758,0.019716758,0.019716758,0.019716758,0.019716758,0.019716758,0.019716758,0.019716758,0.019716758,0.019716758,0.019716758,0.019716758,0.019716758,0.019716758,0.019716758,0.019716758,0.019716758,0.019716758,0.019716758,0.019716758,0.019716758,0.019716758,0.019716758,0.019716758,0.019716758,0.019716758,0.019716758,0.019716758,0.019716758,0.019716758,0.019716758,0.019716758,0.019716758,0.019716758,0.019716758,0.019716758,0.019716758,0.019716758,0.019716758,0.019716758,0.019716758,0.019716758,0.019716758
0.019716758,0.019716758,0.019716758,0.019716758,0.019716758,0.019716758,0.019716758,0.019716758,0.019716758,0.019716758,0.019716758,0.019716758,0.019716758,0.019716758,0.019716758,0.019716758,0.019716758,0.019716758,0.019716758,0.019716758,0.019716758,0.019716758,0.019716758,0.019716758,0.019716758,0.019716758,0.019716758,0.019716758,0.019716758,0.019716758,0.019716758,0.019716758,0.019716758,0.019716758,0.019716758,0.019716758,0.053595703,0.019716758,0.019716758,0.019716758,0.019716758,0.019716758,0.019716758,0.019716758,0.019716758,0.019716758,0.019716758,0.019716758,0.019716758
0.01971676,0.01971676,0.01971676,0.01971676,0.01971676,0.01971676,0.01971676,0.01971676,0.01971676,0.01971676,0.01971676,0.01971676,0.01971676,0.01971676,0.01971676,0.01971676,0.01971676,0.01971676,0.01971676,0.01971676,0.01971676,0.01971676,0.01971676,0.01971676,0.01971676,0.01971676,0.01971676,0.01971676,0.01971676,0.01971676,0.01971676,0.01971676,0.01971676,0.01971676,0.01971676,0.01971676,0.01971676,0.01971676,0.01971676,0.01971676,0.019716853,0.05359546,0.01971676,0.01971676,0.01971676,0.01971676,0.01971676,0.01971676,0.01971676
0.019716758,0.019716758,0.019716758,0.019716758,0.019716758,0.019716758,0.019716758,0.019716758,0.019716758,0.019716758,0.019716758,0.019716758,0.019716758,0.019716758,0.019716758,0.019716758,0.019716758,0.019716758,0.019716758,0.019716758,0.019716758,0.053595703,0.019716758,0.019716758,0.019716758,0.019716758,0.019716758,0.019716758,0.019716758,0.019716758,0.019716758,0.019716758,0.019716758,0.019716758,0.019716758,0.019716758,0.019716758,0.019716758,0.019716758,0.019716758,0.019716758,0.019716758,0.019716758,0.019716758,0.019716758,0.019716758,0.019716758,0.019716758,0.019716758
0.019716758,0.019716758,0.019716758,0.019716758,0.019716758,0.019716758,0.019716758,0.019716758,0.019716758,0.019716758,0.019716758,0.019716758,0.019716758,0.019716758,0.019716758,0.019716758,0.019716758,0.019716758,0.019716758,0.019716758,0.019716758,0.019716758,0.019716758,0.019716758,0.019716758,0.019716758,0.019716758,0.019716758,0.019716758,0.019716758,0.019716758,0.019716758,0.019716758,0.019716758,0.019716758,0.019716758,0.019716758,0.019716758,0.053595703,0.019716758,0.019716758,0.019716758,0.019716758,0.019716758,0.019716758,0.019716758,0.019716758,0.019716758,0.019716758
0.019716758,0.019716758,0.019716758,0.019716758,0.019716758,0.019716758,0.019716758,0.019716758,0.019716758,0.019716758,0.019716758,0.019716758,0.019716758,0.019716758,0.019716758,0.019716758,0.019716758,0.019716758,0.019716758,0.019716758,0.019716758,0.053595703,0.019716758,0.019716758,0.019716758,0.019716758,0.019716758,0.019716758,0.019716758,0.019716758,0.019716758,0.019716758,0.019716758,0.019716758,0.019716758,0.019716758,0.019716758,0.019716758,0.019716758,0.019716758,0.019716758,0.019716758,0.019716758,0.019716758,0.019716758,0.019716758,0.019716758,0.019716758,0.019716758
0.019716758,0.019716758,0.019716758,0.019716758,0.019716758,0.019716758,0.019716758,0.019716758,0.019716758,0.019716758,0.019716758,0.019716758,0.019716758,0.019716758,0.019716758,0.019716758,0.019716758,0.019716758,0.019716758,0.019716758,0.019716758,0.019716758,0.019716758,0.019716758,0.019716758,0.019716758,0.019716758,0.053595703,0.019716758,0.019716758,0.019716758,0.019716758,0.019716758,0.019716758,0.019716758,0.019716758,0.019716758,0.019716758,0.019716758,0.019716758,0.019716758,0.019716758,0.019716758,0.019716758,0.019716758,0.019716758,0.019716758,0.019716758,0.019716758
0.019716758,0.019716758,0.019716758,0.019716758,0.019716758,0.019716758,0.019716758,0.019716758,0.019716758,0.019716758,0.019716758,0.053595703,0.019716758,0.019716758,0.019716758,0.019716758,0.019716758,0.019716758,0.019716758,0.019716758,0.019716758,0.019716758,0.019716758,0.019716758,0.019716758,0.019716758,0.019716758,0.019716758,0.019716758,0.019716758,0.019716758,0.019716758,0.019716758,0.019716758,0.019716758,0.019716758,0.019716758,0.019716758,0.019716758,0.019716758,0.019716758,0.019716758,0.019716758,0.019716758,0.019716758,0.019716758,0.019716758,0.019716758,0.019716758
0.019716758,0.019716758,0.019716758,0.019716758,0.019716758,0.019716758,0.019716758,0.019716758,0.019716758,0.019716758,0.019716758,0.019716758,0.019716758,0.019716758,0.019716758,0.019716758,0.019716758,0.019716758,0.019716758,0.019716758,0.019716758,0.019716758,0.019716758,0.019716758,0.019716758,0.019716758,0.019716758,0.053595703,0.019716758,0.019716758,0.019716758,0.019716758,0.019716758,0.019716758,0.019716758,0.019716758,0.019716758,0.019716758,0.019716758,0.019716758,0.019716758,0.019716758,0.019716758,0.019716758,0.019716758,0.019716758,0.019716758,0.019716758,0.019716758
0.019716758,0.019716758,0.019716758,0.019716758,0.019716758,0.019716758,0.019716758,0.019716758,0.019716758,0.019716758,0.019716758,0.019716758,0.019716758,0.019716758,0.053595703,0.019716758,0.019716758,0.019716758,0.019716758,0.019716758,0.019716758,0.019716758,0.019716758,0.019716758,0.019716758,0.019716758,0.019716758,0.019716758,0.019716758,0.019716758,0.019716758,0.019716758,0.019716758,0.019716758,0.019716758,0.019716758,0.019716758,0.019716758,0.019716758,0.019716758,0.019716758,0.019716758,0.019716758,0.019716758,0.019716758,0.019716758,0.019716758,0.019716758,0.019716758
0.019716758,0.019716758,0.019716758,0.019716758,0.019716758,0.019716758,0.019716758,0.019716758,0.019716758,0.019716758,0.019716758,0.019716758,0.019716758,0.019716758,0.019716758,0.019716758,0.019716758,0.019716758,0.019716758,0.019716758,0.019716758,0.053595703,0.019716758,0.019716758,0.019716758,0.019716758,0.019716758,0.019716758,0.019716758,0.019716758,0.019716758,0.019716758,0.019716758,0.019716758,0.019716758,0.019716758,0.019716758,0.019716758,0.019716758,0.019716758,0.019716758,0.019716758,0.019716758,0.019716758,0.019716758,0.019716758,0.019716758,0.019716758,0.019716758
0.019716758,0.019716758,0.019716758,0.019716758,0.019716758,0.019716758,0.019716758,0.019716758,0.019716758,0.019716758,0.019716758,0.019716758,0.019716758,0.019716758,0.019716758,0.019716758,0.019716758,0.019716758,0.019716758,0.019716758,0.019716758,0.019716758,0.053595703,0.019716758,0.019716758,0.019716758,0.019716758,0.019716758,0.019716758,0.019716758,0.019716758,0.019716758,0.019716758,0.019716758,0.019716758,0.019716758,0.019716758,0.019716758,0.019716758,0.019716758,0.019716758,0.019716758,0.019716758,0.019716758,0.019716758,0.019716758,0.019716758,0.019716758,0.019716758
0.019716758,0.019716758,0.019716758,0.019716758,0.019716758,0.019716758,0.019716758,0.019716758,0.019716758,0.019716758,0.019716758,0.019716758,0.019716758,0.019716758,0.019716758,0.019716758,0.019716758,0.019716758,0.019716758,0.019716758,0.019716758,0.019716758,0.053595703,0.019716758,0.019716758,0.019716758,0.019716758,0.019716758,0.019716758,0.019716758,0.019716758,0.019716758,0.019716758,0.019716758,0.019716758,0.019716758,0.019716758,0.019716758,0.019716758,0.019716758,0.019716758,0.019716758,0.019716758,0.019716758,0.019716758,0.019716758,0.019716758,0.019716758,0.019716758
0.019716758,0.019716758,0.019716758,0.019716758,0.019716758,0.019716758,0.019716758,0.019716758,0.019716758,0.019716758,0.019716758,0.019716758,0.019716758,0.019716758,0.019716758,0.019716758,0.019716758,0.019716758,0.019716758,0.019716758,0.019716758,0.019716758,0.053595703,0.019716758,0.019716758,0.019716758,0.019716758,0.019716758,0.019716758,0.019716758,0.019716758,0.019716758,0.019716758,0.019716758,0.019716758,0.019716758,0.019716758,0.019716758,0.019716758,0.019716758,0.019716758,0.019716758,0.019716758,0.019716758,0.019716758,0.019716758,0.019716758,0.019716758,0.019716758
0.019716758,0.019716758,0.019716758,0.019716758,0.019716758,0.019716758,0.019716758,0.019716758,0.019716758,0.019716758,0.019716758,0.019716758,0.019716758,0.019716758,0.019716758,0.019716758,0.019716758,0.019716758,0.019716758,0.019716758,0.019716758,0.019716758,0.053595703,0.019716758,0.019716758,0.019716758,0.019716758,0.019716758,0.019716758,0.019716758,0.019716758,0.019716758,0.019716758,0.019716758,0.019716758,0.019716758,0.019716758,0.019716758,0.019716758,0.019716758,0.019716758,0.019716758,0.019716758,0.019716758,0.019716758,0.019716758,0.019716758,0.019716758,0.019716758
0.019716758,0.019716758,0.019716758,0.019716758,0.019716758,0.019716758,0.019716758,0.019716758,0.019716758,0.019716758,0.019716758,0.019716758,0.019716758,0.019716758,0.019716758,0.019716758,0.019716758,0.019716758,0.019716758,0.019716758,0.019716758,0.019716758,0.053595703,0.019716758,0.019716758,0.019716758,0.019716758,0.019716758,0.019716758,0.019716758,0.019716758,0.019716758,0.019716758,0.019716758,0.019716758,0.019716758,0.019716758,0.019716758,0.019716758,0.019716758,0.019716758,0.019716758,0.019716758,0.019716758,0.019716758,0.019716758,0.019716758,0.019716758,0.019716758
0.019716758,0.019716758,0.019716758,0.019716758,0.019716758,0.019716758,0.019716758,0.019716758,0.019716758,0.019716758,0.019716758,0.019716758,0.019716758,0.019716758,0.019716758,0.019716758,0.019716758,0.019716758,0.019716758,0.019716758,0.019716758,0.019716758,0.053595703,0.019716758,0.019716758,0.019716758,0.019716758,0.019716758,0.019716758,0.019716758,0.019716758,0.019716758,0.019716758,0.019716758,0.019716758,0.019716758,0.019716758,0.019716758,0.019716758,0.019716758,0.019716758,0.019716758,0.019716758,0.019716758,0.019716758,0.019716758,0.019716758,0.019716758,0.019716758
0.019716758,0.019716758,0.019716758,0.019716758,0.019716758,0.019716758,0.019716758,0.019716758,0.019716758,0.019716758,0.019716758,0.019716758,0.019716758,0.019716758,0.019716758,0.019716758,0.019716758,0.019716758,0.019716758,0.019716758,0.019716758,0.019716758,0.053595703,0.019716758,0.019716758,0.019716758,0.019716758,0.019716758,0.019716758,0.019716758,0.019716758,0.019716758,0.019716758,0.019716758,0.019716758,0.019716758,0.019716758,0.019716758,0.019716758,0.019716758,0.019716758,0.019716758,0.019716758,0.019716758,0.019716758,0.019716758,0.019716758,0.019716758,0.019716758
0.019716758,0.019716758,0.019716758,0.019716758,0.019716758,0.019716758,0.019716758,0.019716758,0.019716758,0.019716758,0.019716758,0.019716758,0.019716758,0.019716758,0.019716758,0.019716758,0.019716758,0.019716758,0.019716758,0.019716758,0.019716758,0.019716758,0.053595703,0.019716758,0.019716758,0.019716758,0.019716758,0.019716758,0.019716758,0.019716758,0.019716758,0.019716758,0.019716758,0.019716758,0.019716758,0.019716758,0.019716758,0.019716758,0.019716758,0.019716758,0.019716758,0.019716758,0.019716758,0.019716758,0.019716758,0.019716758,0.019716758,0.019716758,0.019716758
0.019716758,0.019716758,0.019716758,0.019716758,0.019716758,0.019716758,0.019716758,0.019716758,0.019716758,0.019716758,0.019716758,0.019716758,0.019716758,0.019716758,0.019716758,0.019716758,0.019716758,0.019716758,0.019716758,0.019716758,0.019716758,0.019716758,0.053595703,0.019716758,0.019716758,0.019716758,0.019716758,0.019716758,0.019716758,0.019716758,0.019716758,0.019716758,0.019716758,0.019716758,0.019716758,0.019716758,0.019716758,0.019716758,0.019716758,0.019716758,0.019716758,0.019716758,0.019716758,0.019716758,0.019716758,0.019716758,0.019716758,0.019716758,0.019716758
0.019716758,0.019716758,0.019716758,0.019716758,0.019716758,0.019716758,0.019716758,0.019716758,0.019716758,0.019716758,0.019716758,0.019716758,0.019716758,0.019716758,0.019716758,0.019716758,0.019716758,0.019716758,0.019716758,0.019716758,0.019716758,0.019716758,0.053595703,0.019716758,0.019716758,0.019716758,0.019716758,0.019716758,0.019716758,0.019716758,0.019716758,0.019716758,0.019716758,0.019716758,0.019716758,0.019716758,0.019716758,0.019716758,0.019716758,0.019716758,0.019716758,0.019716758,0.019716758,0.019716758,0.019716758,0.019716758,0.019716758,0.019716758,0.019716758
0.019716758,0.019716758,0.019716758,0.019716758,0.019716758,0.019716758,0.019716758,0.019716758,0.019716758,0.019716758,0.019716758,0.019716758,0.019716758,0.019716758,0.019716758,0.019716758,0.019716758,0.019716758,0.019716758,0.019716758,0.019716758,0.019716758,0.019716758,0.019716758,0.019716758,0.019716758,0.019716758,0.019716758,0.019716758,0.019716758,0.019716758,0.019716758,0.053595703,0.019716758,0.019716758,0.019716758,0.019716758,0.019716758,0.019716758,0.019716758,0.019716758,0.019716758,0.019716758,0.019716758,0.019716758,0.019716758,0.019716758,0.019716758,0.019716758
0.019716758,0.019716758,0.019716758,0.019716758,0.019716758,0.019716758,0.019716758,0.019716758,0.019716758,0.019716758,0.019716758,0.019716758,0.019716758,0.019716758,0.019716758,0.019716758,0.019716758,0.019716758,0.019716758,0.019716758,0.019716758,0.019716758,0.019716758,0.053595707,0.019716758,0.019716758,0.019716758,0.019716758,0.019716758,0.019716758,0.019716758,0.019716758,0.019716758,0.019716758,0.019716758,0.019716758,0.019716758,0.019716758,0.019716758,0.019716758,0.019716758,0.019716758,0.019716758,0.019716758,0.019716758,0.019716758,0.019716758,0.019716758,0.019716758
0.019716758,0.019716758,0.019716758,0.019716758,0.019716758,0.019716758,0.019716758,0.019716758,0.019716758,0.019716758,0.019716758,0.019716758,0.019716758,0.019716758,0.019716758,0.019716758,0.019716758,0.019716758,0.019716758,0.019716758,0.019716758,0.019716758,0.019716758,0.019716758,0.019716758,0.019716758,0.019716758,0.019716758,0.019716758,0.019716758,0.019716758,0.019716758,0.019716758,0.019716758,0.019716758,0.019716758,0.019716758,0.019716758,0.019716758,0.019716758,0.019716758,0.019716758,0.019716758,0.019716758,0.053595703,0.019716758,0.019716758,0.019716758,0.019716758
0.019716758,0.019716758,0.019716758,0.019716758,0.019716758,0.019716758,0.019716758,0.019716758,0.019716758,0.019716758,0.019716758,0.019716758,0.019716758,0.019716758,0.019716758,0.019716758,0.019716758,0.019716758,0.019716758,0.019716758,0.019716758,0.019716758,0.019716758,0.053595707,0.019716758,0.019716758,0.019716758,0.019716758,0.019716758,0.019716758,0.019716758,0.019716758,0.019716758,0.019716758,0.019716758,0.019716758,0.019716758,0.019716758,0.019716758,0.019716758,0.019716758,0.019716758,0.019716758,0.019716758,0.019716758,0.019716758,0.019716758,0.019716758,0.019716758
0.019716758,0.019716758,0.019716758,0.019716758,0.019716758,0.019716758,0.019716758,0.019716758,0.019716758,0.019716758,0.019716758,0.019716758,0.019716758,0.019716758,0.019716758,0.019716758,0.019716758,0.019716758,0.019716758,0.019716758,0.019716758,0.019716758,0.019716758,0.053595707,0.019716758,0.019716758,0.019716758,0.019716758,0.019716758,0.019716758,0.019716758,0.019716758,0.019716758,0.019716758,0.019716758,0.019716758,0.019716758,0.019716758,0.019716758,0.019716758,0.019716758,0.019716758,0.019716758,0.019716758,0.019716758,0.019716758,0.019716758,0.019716758,0.019716758
0.019716758,0.019716758,0.019716758,0.019716758,0.019716758,0.019716758,0.019716758,0.019716758,0.019716758,0.019716758,0.019716758,0.019716758,0.019716758,0.019716758,0.019716758,0.019716758,0.019716758,0.019716758,0.019716758,0.019716758,0.019716758,0.019716758,0.019716758,0.053595707,0.019716758,0.019716758,0.019716758,0.019716758,0.019716758,0.019716758,0.019716758,0.019716758,0.019716758,0.019716758,0.019716758,0.019716758,0.019716758,0.019716758,0.019716758,0.019716758,0.019716758,0.019716758,0.019716758,0.019716758,0.019716758,0.019716758,0.019716758,0.019716758,0.019716758
0.019716758,0.019716758,0.019716758,0.019716758,0.019716758,0.019716758,0.019716758,0.019716758,0.019716758,0.019716758,0.019716758,0.019716758,0.019716758,0.019716758,0.019716758,0.019716758,0.019716758,0.019716758,0.019716758,0.019716758,0.019716758,0.019716758,0.053595703,0.019716758,0.019716758,0.019716758,0.019716758,0.019716758,0.019716758,0.019716758,0.019716758,0.019716758,0.019716758,0.019716758,0.019716758,0.019716758,0.019716758,0.019716758,0.019716758,0.019716758,0.019716758,0.019716758,0.019716758,0.019716758,0.019716758,0.019716758,0.019716758,0.019716758,0.019716758
0.019716758,0.019716758,0.019716758,0.019716758,0.019716758,0.019716758,0.019716758,0.019716758,0.019716758,0.019716758,0.019716758,0.019716758,0.019716758,0.019716758,0.019716758,0.019716758,0.019716758,0.019716758,0.019716758,0.019716758,0.019716758,0.019716758,0.019716758,0.019716758,0.019716758,0.019716758,0.019716758,0.019716758,0.019716758,0.019716758,0.019716758,0.019716758,0.019716758,0.019716758,0.019716758,0.019716758,0.019716758,0.019716758,0.019716758,0.019716758,0.019716758,0.019716758,0.019716758,0.019716758,0.019716758,0.019716758,0.053595703,0.019716758,0.019716758
0.019716758,0.019716758,0.019716758,0.019716758,0.019716758,0.019716758,0.019716758,0.019716758,0.019716758,0.019716758,0.019716758,0.019716758,0.019716758,0.019716758,0.019716758,0.019716758,0.019716758,0.019716758,0.019716758,0.019716758,0.019716758,0.019716758,0.019716758,0.053595707,0.019716758,0.019716758,0.019716758,0.019716758,0.019716758,0.019716758,0.019716758,0.019716758,0.019716758,0.019716758,0.019716758,0.019716758,0.019716758,0.019716758,0.019716758,0.019716758,0.019716758,0.019716758,0.019716758,0.019716758,0.019716758,0.019716758,0.019716758,0.019716758,0.019716758
0.019716758,0.019716758,0.019716758,0.019716758,0.019716758,0.019716758,0.019716758,0.019716758,0.019716758,0.019716758,0.019716758,0.019716758,0.019716758,0.019716758,0.019716758,0.019716758,0.019716758,0.019716758,0.019716758,0.019716758,0.019716758,0.019716758,0.019716758,0.053595707,0.019716758,0.019716758,0.019716758,0.019716758,0.019716758,0.019716758,0.019716758,0.019716758,0.019716758,0.019716758,0.019716758,0.019716758,0.019716758,0.019716758,0.019716758,0.019716758,0.019716758,0.019716758,0.019716758,0.019716758,0.019716758,0.019716758,0.019716758,0.019716758,0.019716758
0.019716758,0.019716758,0.019716758,0.019716758,0.019716758,0.019716758,0.019716758,0.019716758,0.019716758,0.019716758,0.019716758,0.019716758,0.019716758,0.019716758,0.019716758,0.019716758,0.019716758,0.019716758,0.019716758,0.019716758,0.019716758,0.019716758,0.019716758,0.019716758,0.053595703,0.019716758,0.019716758,0.019716758,0.019716758,0.019716758,0.019716758,0.019716758,0.019716758,0.019716758,0.019716758,0.019716758,0.019716758,0.019716758,0.019716758,0.019716758,0.019716758,0.019716758,0.019716758,0.019716758,0.019716758,0.019716758,0.019716758,0.019716758,0.019716758
0.019716758,0.019716758,0.019716758,0.019716758,0.019716758,0.019716758,0.019716758,0.019716758,0.019716758,0.019716758,0.019716758,0.019716758,0.019716758,0.019716758,0.019716758,0.019716758,0.019716758,0.019716758,0.019716758,0.019716758,0.019716758,0.019716758,0.019716758,0.019716758,0.053595703,0.019716758,0.019716758,0.019716758,0.019716758,0.019716758,0.019716758,0.019716758,0.019716758,0.019716758,0.019716758,0.019716758,0.019716758,0.019716758,0.019716758,0.019716758,0.019716758,0.019716758,0.019716758,0.019716758,0.019716758,0.019716758,0.019716758,0.019716758,0.019716758
0.019716758,0.019716758,0.019716758,0.019716758,0.019716758,0.019716758,0.019716758,0.019716758,0.019716758,0.019716758,0.019716758,0.019716758,0.019716758,0.019716758,0.019716758,0.019716758,0.019716758,0.019716758,0.019716758,0.019716758,0.019716758,0.019716758,0.019716758,0.019716758,0.019716758,0.019716758,0.019716758,0.019716758,0.019716758,0.019716758,0.019716758,0.019716758,0.019716758,0.019716758,0.019716758,0.019716758,0.019716758,0.019716758,0.019716758,0.019716758,0.019716758,0.019716758,0.019716758,0.053595703,0.019716758,0.019716758,0.019716758,0.019716758,0.019716758
0.019716758,0.019716758,0.019716758,0.019716758,0.019716758,0.019716758,0.019716758,0.019716758,0.019716758,0.019716758,0.053595703,0.019716758,0.019716758,0.019716758,0.019716758,0.019716758,0.019716758,0.019716758,0.019716758,0.019716758,0.019716758,0.019716758,0.019716758,0.019716758,0.019716758,0.019716758,0.019716758,0.019716758,0.019716758,0.019716758,0.019716758,0.019716758,0.019716758,0.019716758,0.019716758,0.019716758,0.019716758,0.019716758,0.019716758,0.019716758,0.019716758,0.019716758,0.019716758,0.019716758,0.019716758,0.019716758,0.019716758,0.019716758,0.019716758
0.019716758,0.019716758,0.019716758,0.019716758,0.019716758,0.019716758,0.019716758,0.019716758,0.019716758,0.019716758,0.019716758,0.019716758,0.019716758,0.019716758,0.019716758,0.019716758,0.019716758,0.019716758,0.019716758,0.019716758,0.019716758,0.019716758,0.019716758,0.019716758,0.019716758,0.019716758,0.019716758,0.053595703,0.019716758,0.019716758,0.019716758,0.019716758,0.019716758,0.019716758,0.019716758,0.019716758,0.019716758,0.019716758,0.019716758,0.019716758,0.019716758,0.019716758,0.019716758,0.019716758,0.019716758,0.019716758,0.019716758,0.019716758,0.019716758
0.019716758,0.019716758,0.019716758,0.019716758,0.019716758,0.019716758,0.019716758,0.019716758,0.019716758,0.019716758,0.019716758,0.019716758,0.019716758,0.019716758,0.019716758,0.019716758,0.019716758,0.019716758,0.019716758,0.019716758,0.019716758,0.019716758,0.019716758,0.019716758,0.053595703,0.019716758,0.019716758,0.019716758,0.019716758,0.019716758,0.019716758,0.019716758,0.019716758,0.019716758,0.019716758,0.019716758,0.019716758,0.019716758,0.019716758,0.019716758,0.019716758,0.019716758,0.019716758,0.019716758,0.019716758,0.019716758,0.019716758,0.019716758,0.019716758
0.019716758,0.019716758,0.019716758,0.019716758,0.019716758,0.019716758,0.019716758,0.019716758,0.019716758,0.019716758,0.019716758,0.019716758,0.019716758,0.019716758,0.019716758,0.019716758,0.019716758,0.019716758,0.019716758,0.019716758,0.019716758,0.019716758,0.019716758,0.053595707,0.019716758,0.019716758,0.019716758,0.019716758,0.019716758,0.019716758,0.019716758,0.019716758,0.019716758,0.019716758,0.019716758,0.019716758,0.019716758,0.019716758,0.019716758,0.019716758,0.019716758,0.019716758,0.019716758,0.019716758,0.019716758,0.019716758,0.019716758,0.019716758,0.019716758
0.019716758,0.019716758,0.019716758,0.019716758,0.019716758,0.019716758,0.019716758,0.019716758,0.019716758,0.019716758,0.019716758,0.019716758,0.019716758,0.019716758,0.019716758,0.019716758,0.019716758,0.019716758,0.019716758,0.019716758,0.019716758,0.019716758,0.019716758,0.019716758,0.053595703,0.019716758,0.019716758,0.019716758,0.019716758,0.019716758,0.019716758,0.019716758,0.019716758,0.019716758,0.019716758,0.019716758,0.019716758,0.019716758,0.019716758,0.019716758,0.019716758,0.019716758,0.019716758,0.019716758,0.019716758,0.019716758,0.019716758,0.019716758,0.019716758
0.019716758,0.019716758,0.019716758,0.019716758,0.019716758,0.019716758,0.019716758,0.019716758,0.019716758,0.019716758,0.019716758,0.019716758,0.019716758,0.019716758,0.019716758,0.019716758,0.019716758,0.019716758,0.019716758,0.019716758,0.019716758,0.019716758,0.019716758,0.019716758,0.053595703,0.019716758,0.019716758,0.019716758,0.019716758,0.019716758,0.019716758,0.019716758,0.019716758,0.019716758,0.019716758,0.019716758,0.019716758,0.019716758,0.019716758,0.019716758,0.019716758,0.019716758,0.019716758,0.019716758,0.019716758,0.019716758,0.019716758,0.019716758,0.019716758
0.019716758,0.019716758,0.019716758,0.019716758,0.019716758,0.019716758,0.019716758,0.019716758,0.019716758,0.019716758,0.019716758,0.019716758,0.019716758,0.019716758,0.019716758,0.019716758,0.019716758,0.019716758,0.019716758,0.019716758,0.019716758,0.019716758,0.019716758,0.019716758,0.019716758,0.019716758,0.019716758,0.019716758,0.019716758,0.019716758,0.019716758,0.019716758,0.019716758,0.019716758,0.019716758,0.019716758,0.019716758,0.019716758,0.019716758,0.019716758,0.019716758,0.053595703,0.019716758,0.019716758,0.019716758,0.019716758,0.019716758,0.019716758,0.019716758
0.019716758,0.019716758,0.019716758,0.019716758,0.019716758,0.019716758,0.019716758,0.019716758,0.019716758,0.019716758,0.019716758,0.019716758,0.019716758,0.019716758,0.019716758,0.019716758,0.019716758,0.019716758,0.019716758,0.019716758,0.019716758,0.019716758,0.019716758,0.019716758,0.019716758,0.019716758,0.019716758,0.019716758,0.019716758,0.019716758,0.019716758,0.019716758,0.019716758,0.019716758,0.053595703,0.019716758,0.019716758,0.019716758,0.019716758,0.019716758,0.019716758,0.019716758,0.019716758,0.019716758,0.019716758,0.019716758,0.019716758,0.019716758,0.019716758
0.019716758,0.019716758,0.019716758,0.019716758,0.019716758,0.019716758,0.019716758,0.019716758,0.019716758,0.019716758,0.019716758,0.019716758,0.019716758,0.019716758,0.019716758,0.019716758,0.019716758,0.019716758,0.019716758,0.019716758,0.019716758,0.019716758,0.019716758,0.019716758,0.019716758,0.053595703,0.019716758,0.019716758,0.019716758,0.019716758,0.019716758,0.019716758,0.019716758,0.019716758,0.019716758,0.019716758,0.019716758,0.019716758,0.019716758,0.019716758,0.019716758,0.019716758,0.019716758,0.019716758,0.019716758,0.019716758,0.019716758,0.019716758,0.019716758
0.019716758,0.019716758,0.019716758,0.019716758,0.019716758,0.019716758,0.019716758,0.019716758,0.053595703,0.019716758,0.019716758,0.019716758,0.019716758,0.019716758,0.019716758,0.019716758,0.019716758,0.019716758,0.019716758,0.019716758,0.019716758,0.019716758,0.019716758,0.019716758,0.019716758,0.019716758,0.019716758,0.019716758,0.019716758,0.019716758,0.019716758,0.019716758,0.019716758,0.019716758,0.019716758,0.019716758,0.019716758,0.019716758,0.019716758,0.019716758,0.019716758,0.019716758,0.019716758,0.019716758,0.019716758,0.019716758,0.019716758,0.019716758,0.019716758
0.019716758,0.019716758,0.019716758,0.019716758,0.053595703,0.019716758,0.019716758,0.019716758,0.019716758,0.019716758,0.019716758,0.019716758,0.019716758,0.019716758,0.019716758,0.019716758,0.019716758,0.019716758,0.019716758,0.019716758,0.019716758,0.019716758,0.019716758,0.019716758,0.019716758,0.019716758,0.019716758,0.019716758,0.019716758,0.019716758,0.019716758,0.019716758,0.019716758,0.019716758,0.019716758,0.019716758,0.019716758,0.019716758,0.019716758,0.019716758,0.019716758,0.019716758,0.019716758,0.019716758,0.019716758,0.019716758,0.019716758,0.019716758,0.019716758
0.019716758,0.019716758,0.019716758,0.019716758,0.019716758,0.019716758,0.019716758,0.019716758,0.019716758,0.019716758,0.019716758,0.019716758,0.019716758,0.019716758,0.019716758,0.019716758,0.019716758,0.019716758,0.019716758,0.019716758,0.019716758,0.019716758,0.019716758,0.019716758,0.019716758,0.019716758,0.019716758,0.019716758,0.019716758,0.019716758,0.019716758,0.053595707,0.019716758,0.019716758,0.019716758,0.019716758,0.019716758,0.019716758,0.019716758,0.019716758,0.019716758,0.019716758,0.019716758,0.019716758,0.019716758,0.019716758,0.019716758,0.019716758,0.019716758
0.019716758,0.019716758,0.019716758,0.019716758,0.019716758,0.019716758,0.019716758,0.019716758,0.019716758,0.019716758,0.019716758,0.019716758,0.019716758,0.019716758,0.019716758,0.019716758,0.019716758,0.019716758,0.019716758,0.019716758,0.019716758,0.019716758,0.019716758,0.019716758,0.019716758,0.053595703,0.019716758,0.019716758,0.019716758,0.019716758,0.019716758,0.019716758,0.019716758,0.019716758,0.019716758,0.019716758,0.019716758,0.019716758,0.019716758,0.019716758,0.019716758,0.019716758,0.019716758,0.019716758,0.019716758,0.019716758,0.019716758,0.019716758,0.019716758
0.019716758,0.019716758,0.019716758,0.019716758,0.019716758,0.019716758,0.019716758,0.019716758,0.019716758,0.019716758,0.019716758,0.019716758,0.019716758,0.019716758,0.019716758,0.019716758,0.019716758,0.019716758,0.019716758,0.019716758,0.019716758,0.019716758,0.019716758,0.019716758,0.019716758,0.053595703,0.019716758,0.019716758,0.019716758,0.019716758,0.019716758,0.019716758,0.019716758,0.019716758,0.019716758,0.019716758,0.019716758,0.019716758,0.019716758,0.019716758,0.019716758,0.019716758,0.019716758,0.019716758,0.019716758,0.019716758,0.019716758,0.019716758,0.019716758
0.019716758,0.019716758,0.019716758,0.019716758,0.019716758,0.019716758,0.019716758,0.019716758,0.019716758,0.019716758,0.019716758,0.019716758,0.019716758,0.019716758,0.019716758,0.019716758,0.019716758,0.019716758,0.019716758,0.019716758,0.019716758,0.019716758,0.019716758,0.019716758,0.019716758,0.053595703,0.019716758,0.019716758,0.019716758,0.019716758,0.019716758,0.019716758,0.019716758,0.019716758,0.019716758,0.019716758,0.019716758,0.019716758,0.019716758,0.019716758,0.019716758,0.019716758,0.019716758,0.019716758,0.019716758,0.019716758,0.019716758,0.019716758,0.019716758
0.019716758,0.019716758,0.019716758,0.019716758,0.019716758,0.019716758,0.019716758,0.019716758,0.019716758,0.019716758,0.019716758,0.019716758,0.019716758,0.019716758,0.019716758,0.019716758,0.019716758,0.019716758,0.019716758,0.019716758,0.019716758,0.019716758,0.019716758,0.019716758,0.019716758,0.053595703,0.019716758,0.019716758,0.019716758,0.019716758,0.019716758,0.019716758,0.019716758,0.019716758,0.019716758,0.019716758,0.019716758,0.019716758,0.019716758,0.019716758,0.019716758,0.019716758,0.019716758,0.019716758,0.019716758,0.019716758,0.019716758,0.019716758,0.019716758
0.01973841,0.01973841,0.01973841,0.01973841,0.01973841,0.020395866,0.01973841,0.01973841,0.01973841,0.01973841,0.01973841,0.01973841,0.05188276,0.01973841,0.01973841,0.01973841,0.01973841,0.01973841,0.01973841,0.01973841,0.01973841,0.01973841,0.01973841,0.01973841,0.01973841,0.019738412,0.01973841,0.01973841,0.01973841,0.01973841,0.01973841,0.01973841,0.01973841,0.01973841,0.019738412,0.01973841,0.01973841,0.01973841,0.01973841,0.01973841,0.01973841,0.019754488,0.01973841,0.01973841,0.01973841,0.01973841,0.01973841,0.01973841,0.01973841
0.019716758,0.019716758,0.019716758,0.019716758,0.019716758,0.019716758,0.019716758,0.019716758,0.019716758,0.019716758,0.019716758,0.019716758,0.019716758,0.019716758,0.019716758,0.019716758,0.019716758,0.019716758,0.019716758,0.019716758,0.019716758,0.019716758,0.019716758,0.019716758,0.019716758,0.019716758,0.019716758,0.019716758,0.019716758,0.019716758,0.019716758,0.019716758,0.053595703,0.019716758,0.019716758,0.019716758,0.019716758,0.019716758,0.019716758,0.019716758,0.019716758,0.019716758,0.019716758,0.019716758,0.019716758,0.019716758,0.019716758,0.019716758,0.019716758
0.019716758,0.019716758,0.019716758,0.019716758,0.019716758,0.019716758,0.019716758,0.019716758,0.019716758,0.019716758,0.019716758,0.019716758,0.019716758,0.019716758,0.019716758,0.019716758,0.019716758,0.019716758,0.019716758,0.019716758,0.019716758,0.019716758,0.019716758,0.019716758,0.019716758,0.019716758,0.053595703,0.019716758,0.019716758,0.019716758,0.019716758,0.019716758,0.019716758,0.019716758,0.019716758,0.019716758,0.019716758,0.019716758,0.019716758,0.019716758,0.019716758,0.019716758,0.019716758,0.019716758,0.019716758,0.019716758,0.019716758,0.019716758,0.019716758
0.019716758,0.019716758,0.019716758,0.019716758,0.019716758,0.019716758,0.019716758,0.019716758,0.019716758,0.019716758,0.019716758,0.019716758,0.019716758,0.019716758,0.019716758,0.019716758,0.019716758,0.019716758,0.019716758,0.019716758,0.019716758,0.019716758,0.019716758,0.019716758,0.019716758,0.019716758,0.053595703,0.019716758,0.019716758,0.019716758,0.019716758,0.019716758,0.019716758,0.019716758,0.019716758,0.019716758,0.019716758,0.019716758,0.019716758,0.019716758,0.019716758,0.019716758,0.019716758,0.019716758,0.019716758,0.019716758,0.019716758,0.019716758,0.019716758
0.019716758,0.019716758,0.019716758,0.019716758,0.019716758,0.019716758,0.019716758,0.019716758,0.019716758,0.019716758,0.019716758,0.019716758,0.019716758,0.019716758,0.019716758,0.019716758,0.019716758,0.019716758,0.019716758,0.019716758,0.019716758,0.019716758,0.019716758,0.019716758,0.019716758,0.019716758,0.053595703,0.019716758,0.019716758,0.019716758,0.019716758,0.019716758,0.019716758,0.019716758,0.019716758,0.019716758,0.019716758,0.019716758,0.019716758,0.019716758,0.019716758,0.019716758,0.019716758,0.019716758,0.019716758,0.019716758,0.019716758,0.019716758,0.019716758
0.019716758,0.019716758,0.019716758,0.019716758,0.019716758,0.019716758,0.019716758,0.019716758,0.019716758,0.019716758,0.019716758,0.019716758,0.019716758,0.019716758,0.019716758,0.019716758,0.019716758,0.019716758,0.019716758,0.019716758,0.019716758,0.019716758,0.019716758,0.019716758,0.019716758,0.019716758,0.053595703,0.019716758,0.019716758,0.019716758,0.019716758,0.019716758,0.019716758,0.019716758,0.019716758,0.019716758,0.019716758,0.019716758,0.019716758,0.019716758,0.019716758,0.019716758,0.019716758,0.019716758,0.019716758,0.019716758,0.019716758,0.019716758,0.019716758
0.019716758,0.019716758,0.019716758,0.019716758,0.019716758,0.019716758,0.019716758,0.019716758,0.019716758,0.019716758,0.019716758,0.019716758,0.019716758,0.019716758,0.019716758,0.019716758,0.019716758,0.019716758,0.019716758,0.019716758,0.019716758,0.019716758,0.019716758,0.019716758,0.019716758,0.019716758,0.053595703,0.019716758,0.019716758,0.019716758,0.019716758,0.019716758,0.019716758,0.019716758,0.019716758,0.019716758,0.019716758,0.019716758,0.019716758,0.019716758,0.019716758,0.019716758,0.019716758,0.019716758,0.019716758,0.019716758,0.019716758,0.019716758,0.019716758
0.019716758,0.019716758,0.019716758,0.019716758,0.019716758,0.019716758,0.019716758,0.019716758,0.019716758,0.019716758,0.019716758,0.019716758,0.019716758,0.019716758,0.019716758,0.019716758,0.019716758,0.019716758,0.019716758,0.019716758,0.019716758,0.019716758,0.019716758,0.019716758,0.019716758,0.019716758,0.053595703,0.019716758,0.019716758,0.019716758,0.019716758,0.019716758,0.019716758,0.019716758,0.019716758,0.019716758,0.019716758,0.019716758,0.019716758,0.019716758,0.019716758,0.019716758,0.019716758,0.019716758,0.019716758,0.019716758,0.019716758,0.019716758,0.019716758
0.019716758,0.019716758,0.019716758,0.019716758,0.019716758,0.019716758,0.019716758,0.019716758,0.019716758,0.019716758,0.019716758,0.019716758,0.019716758,0.019716758,0.019716758,0.019716758,0.019716758,0.019716758,0.019716758,0.019716758,0.019716758,0.019716758,0.019716758,0.019716758,0.019716758,0.019716758,0.053595703,0.019716758,0.019716758,0.019716758,0.019716758,0.019716758,0.019716758,0.019716758,0.019716758,0.019716758,0.019716758,0.019716758,0.019716758,0.019716758,0.019716758,0.019716758,0.019716758,0.019716758,0.019716758,0.019716758,0.019716758,0.019716758,0.019716758
0.019716758,0.019716758,0.019716758,0.019716758,0.019716758,0.019716758,0.019716758,0.019716758,0.019716758,0.019716758,0.019716758,0.019716758,0.019716758,0.019716758,0.019716758,0.019716758,0.019716758,0.019716758,0.019716758,0.019716758,0.019716758,0.019716758,0.019716758,0.053595707,0.019716758,0.019716758,0.019716758,0.019716758,0.019716758,0.019716758,0.019716758,0.019716758,0.019716758,0.019716758,0.019716758,0.019716758,0.019716758,0.019716758,0.019716758,0.019716758,0.019716758,0.019716758,0.019716758,0.019716758,0.019716758,0.019716758,0.019716758,0.019716758,0.019716758
0.019716758,0.019716758,0.019716758,0.019716758,0.019716758,0.019716758,0.019716758,0.019716758,0.053595703,0.019716758,0.019716758,0.019716758,0.019716758,0.019716758,0.019716758,0.019716758,0.019716758,0.019716758,0.019716758,0.019716758,0.019716758,0.019716758,0.019716758,0.019716758,0.019716758,0.019716758,0.019716758,0.019716758,0.019716758,0.019716758,0.019716758,0.019716758,0.019716758,0.019716758,0.019716758,0.019716758,0.019716758,0.019716758,0.019716758,0.019716758,0.019716758,0.019716758,0.019716758,0.019716758,0.019716758,0.019716758,0.019716758,0.019716758,0.019716758
0.019716758,0.019716758,0.019716758,0.019716758,0.019716758,0.019716758,0.019716758,0.019716758,0.019716758,0.019716758,0.019716758,0.019716758,0.019716758,0.019716758,0.019716758,0.019716758,0.019716758,0.019716758,0.019716758,0.019716758,0.019716758,0.019716758,0.019716758,0.019716758,0.019716758,0.019716758,0.019716758,0.053595703,0.019716758,0.019716758,0.019716758,0.019716758,0.019716758,0.019716758,0.019716758,0.019716758,0.019716758,0.019716758,0.019716758,0.019716758,0.019716758,0.019716758,0.019716758,0.019716758,0.019716758,0.019716758,0.019716758,0.019716758,0.019716758
0.019716758,0.019716758,0.019716758,0.019716758,0.019716758,0.019716758,0.019716758,0.019716758,0.019716758,0.019716758,0.019716758,0.019716758,0.019716758,0.019716758,0.019716758,0.019716758,0.019716758,0.019716758,0.019716758,0.019716758,0.019716758,0.019716758,0.019716758,0.019716758,0.019716758,0.019716758,0.019716758,0.019716758,0.019716758,0.019716758,0.019716758,0.019716758,0.019716758,0.019716758,0.019716758,0.019716758,0.019716758,0.019716758,0.019716758,0.019716758,0.019716758,0.019716758,0.019716758,0.019716758,0.019716758,0.053595703,0.019716758,0.019716758,0.019716758
0.019716758,0.019716758,0.019716758,0.019716758,0.019716758,0.019716758,0.019716758,0.019716758,0.019716758,0.019716758,0.019716758,0.019716758,0.019716758,0.019716758,0.019716758,0.019716758,0.019716758,0.019716758,0.019716758,0.019716758,0.019716758,0.019716758,0.019716758,0.019716758,0.019716758,0.019716758,0.019716758,0.053595703,0.019716758,0.019716758,0.019716758,0.019716758,0.019716758,0.019716758,0.019716758,0.019716758,0.019716758,0.019716758,0.019716758,0.019716758,0.019716758,0.019716758,0.019716758,0.019716758,0.019716758,0.019716758,0.019716758,0.019716758,0.019716758
0.019716758,0.019716758,0.019716758,0.019716758,0.019716758,0.019716758,0.019716758,0.019716758,0.019716758,0.019716758,0.019716758,0.019716758,0.019716758,0.019716758,0.019716758,0.019716758,0.019716758,0.019716758,0.019716758,0.019716758,0.019716758,0.019716758,0.019716758,0.019716758,0.019716758,0.019716758,0.019716758,0.053595703,0.019716758,0.019716758,0.019716758,0.019716758,0.019716758,0.019716758,0.019716758,0.019716758,0.019716758,0.019716758,0.019716758,0.019716758,0.019716758,0.019716758,0.019716758,0.019716758,0.019716758,0.019716758,0.019716758,0.019716758,0.019716758
0.019716758,0.019716758,0.019716758,0.019716758,0.019716758,0.019716758,0.019716758,0.019716758,0.019716758,0.019716758,0.019716758,0.019716758,0.019716758,0.019716758,0.019716758,0.019716758,0.019716758,0.019716758,0.019716758,0.019716758,0.019716758,0.019716758,0.019716758,0.019716758,0.019716758,0.019716758,0.019716758,0.019716758,0.019716758,0.053595703,0.019716758,0.019716758,0.019716758,0.019716758,0.019716758,0.019716758,0.019716758,0.019716758,0.019716758,0.019716758,0.019716758,0.019716758,0.019716758,0.019716758,0.019716758,0.019716758,0.019716758,0.019716758,0.019716758
0.019716758,0.019716758,0.019716758,0.019716758,0.019716758,0.019716758,0.019716758,0.019716758,0.019716758,0.019716758,0.019716758,0.019716758,0.019716758,0.019716758,0.019716758,0.019716758,0.019716758,0.019716758,0.019716758,0.019716758,0.019716758,0.019716758,0.019716758,0.019716758,0.019716758,0.053595703,0.019716758,0.019716758,0.019716758,0.019716758,0.019716758,0.019716758,0.019716758,0.019716758,0.019716758,0.019716758,0.019716758,0.019716758,0.019716758,0.019716758,0.019716758,0.019716758,0.019716758,0.019716758,0.019716758,0.019716758,0.019716758,0.019716758,0.019716758
0.019716758,0.019716758,0.019716758,0.019716758,0.019716758,0.019716758,0.019716758,0.019716758,0.019716758,0.019716758,0.019716758,0.019716758,0.019716758,0.019716758,0.019716758,0.019716758,0.019716758,0.019716758,0.019716758,0.019716758,0.019716758,0.019716758,0.019716758,0.019716758,0.019716758,0.019716758,0.019716758,0.019716758,0.019716758,0.019716758,0.019716758,0.019716758,0.019716758,0.019716758,0.019716758,0.019716758,0.019716758,0.019716758,0.019716758,0.019716758,0.019716758,0.019716758,0.053595703,0.019716758,0.019716758,0.019716758,0.019716758,0.019716758,0.019716758
0.019716758,0.019716758,0.019716758,0.019716758,0.019716758,0.053595703,0.019716758,0.019716758,0.019716758,0.019716758,0.019716758,0.019716758,0.019716758,0.019716758,0.019716758,0.019716758,0.019716758,0.019716758,0.019716758,0.019716758,0.019716758,0.019716758,0.019716758,0.019716758,0.019716758,0.019716758,0.019716758,0.019716758,0.019716758,0.019716758,0.019716758,0.019716758,0.019716758,0.019716758,0.019716758,0.019716758,0.019716758,0.019716758,0.019716758,0.019716758,0.019716758,0.019716758,0.019716758,0.019716758,0.019716758,0.019716758,0.019716758,0.019716758,0.019716758
0.019716758,0.019716758,0.019716758,0.019716758,0.019716758,0.019716758,0.019716758,0.019716758,0.019716758,0.019716758,0.019716758,0.019716758,0.019716758,0.019716758,0.019716758,0.019716758,0.019716758,0.019716758,0.019716758,0.019716758,0.019716758,0.019716758,0.019716758,0.019716758,0.019716758,0.019716758,0.019716758,0.053595703,0.019716758,0.019716758,0.019716758,0.019716758,0.019716758,0.019716758,0.019716758,0.019716758,0.019716758,0.019716758,0.019716758,0.019716758,0.019716758,0.019716758,0.019716758,0.019716758,0.019716758,0.019716758,0.019716758,0.019716758,0.019716758
0.019716758,0.019716758,0.019716758,0.019716758,0.019716758,0.019716758,0.019716758,0.019716758,0.019716758,0.019716758,0.019716758,0.019716758,0.019716758,0.019716758,0.019716758,0.019716758,0.019716758,0.019716758,0.019716758,0.019716758,0.019716758,0.019716758,0.019716758,0.019716758,0.019716758,0.019716758,0.019716758,0.053595703,0.019716758,0.019716758,0.019716758,0.019716758,0.019716758,0.019716758,0.019716758,0.019716758,0.019716758,0.019716758,0.019716758,0.019716758,0.019716758,0.019716758,0.019716758,0.019716758,0.019716758,0.019716758,0.019716758,0.019716758,0.019716758
0.019716758,0.019716758,0.019716758,0.019716758,0.019716758,0.019716758,0.019716758,0.019716758,0.019716758,0.019716758,0.019716758,0.019716758,0.019716758,0.019716758,0.019716758,0.019716758,0.019716758,0.019716758,0.019716758,0.019716758,0.019716758,0.019716758,0.019716758,0.019716758,0.019716758,0.019716758,0.019716758,0.019716758,0.053595703,0.019716758,0.019716758,0.019716758,0.019716758,0.019716758,0.019716758,0.019716758,0.019716758,0.019716758,0.019716758,0.019716758,0.019716758,0.019716758,0.019716758,0.019716758,0.019716758,0.019716758,0.019716758,0.019716758,0.019716758
0.019716758,0.019716758,0.019716758,0.019716758,0.019716758,0.019716758,0.019716758,0.019716758,0.019716758,0.019716758,0.019716758,0.019716758,0.019716758,0.019716758,0.053595703,0.019716758,0.019716758,0.019716758,0.019716758,0.019716758,0.019716758,0.019716758,0.019716758,0.019716758,0.019716758,0.019716758,0.019716758,0.019716758,0.019716758,0.019716758,0.019716758,0.019716758,0.019716758,0.019716758,0.019716758,0.019716758,0.019716758,0.019716758,0.019716758,0.019716758,0.019716758,0.019716758,0.019716758,0.019716758,0.019716758,0.019716758,0.019716758,0.019716758,0.019716758
0.019716758,0.019716758,0.019716758,0.019716758,0.019716758,0.019716758,0.019716758,0.019716758,0.019716758,0.019716758,0.019716758,0.019716758,0.019716758,0.019716758,0.019716758,0.019716758,0.019716758,0.019716758,0.019716758,0.019716758,0.019716758,0.019716758,0.019716758,0.019716758,0.019716758,0.019716758,0.019716758,0.019716758,0.053595703,0.019716758,0.019716758,0.019716758,0.019716758,0.019716758,0.019716758,0.019716758,0.019716758,0.019716758,0.019716758,0.019716758,0.019716758,0.019716758,0.019716758,0.019716758,0.019716758,0.019716758,0.019716758,0.019716758,0.019716758
0.019716758,0.019716758,0.019716758,0.019716758,0.019716758,0.019716758,0.019716758,0.019716758,0.019716758,0.019716758,0.019716758,0.019716758,0.019716758,0.019716758,0.019716758,0.019716758,0.019716758,0.019716758,0.019716758,0.019716758,0.019716758,0.019716758,0.019716758,0.019716758,0.019716758,0.019716758,0.019716758,0.019716758,0.053595703,0.019716758,0.019716758,0.019716758,0.019716758,0.019716758,0.019716758,0.019716758,0.019716758,0.019716758,0.019716758,0.019716758,0.019716758,0.019716758,0.019716758,0.019716758,0.019716758,0.019716758,0.019716758,0.019716758,0.019716758
0.019716758,0.019716758,0.019716758,0.019716758,0.019716758,0.019716758,0.019716758,0.019716758,0.019716758,0.019716758,0.019716758,0.019716758,0.019716758,0.019716758,0.019716758,0.019716758,0.019716758,0.019716758,0.019716758,0.019716758,0.019716758,0.019716758,0.019716758,0.019716758,0.019716758,0.019716758,0.019716758,0.019716758,0.053595703,0.019716758,0.019716758,0.019716758,0.019716758,0.019716758,0.019716758,0.019716758,0.019716758,0.019716758,0.019716758,0.019716758,0.019716758,0.019716758,0.019716758,0.019716758,0.019716758,0.019716758,0.019716758,0.019716758,0.019716758
0.019716758,0.019716758,0.019716758,0.019716758,0.019716758,0.019716758,0.019716758,0.019716758,0.019716758,0.019716758,0.019716758,0.019716758,0.019716758,0.019716758,0.019716758,0.019716758,0.019716758,0.019716758,0.019716758,0.019716758,0.019716758,0.019716758,0.019716758,0.019716758,0.019716758,0.019716758,0.019716758,0.019716758,0.053595703,0.019716758,0.019716758,0.019716758,0.019716758,0.019716758,0.019716758,0.019716758,0.019716758,0.019716758,0.019716758,0.019716758,0.019716758,0.019716758,0.019716758,0.019716758,0.019716758,0.019716758,0.019716758,0.019716758,0.019716758
0.019716758,0.019716758,0.019716758,0.019716758,0.019716758,0.019716758,0.053595703,0.019716758,0.019716758,0.019716758,0.019716758,0.019716758,0.019716758,0.019716758,0.019716758,0.019716758,0.019716758,0.019716758,0.019716758,0.019716758,0.019716758,0.019716758,0.019716758,0.019716758,0.019716758,0.019716758,0.019716758,0.019716758,0.019716758,0.019716758,0.019716758,0.019716758,0.019716758,0.019716758,0.019716758,0.019716758,0.019716758,0.019716758,0.019716758,0.019716758,0.019716758,0.019716758,0.019716758,0.019716758,0.019716758,0.019716758,0.019716758,0.019716758,0.019716758
0.019716758,0.019716758,0.019716758,0.019716758,0.019716758,0.019716758,0.019716758,0.019716758,0.019716758,0.019716758,0.019716758,0.019716758,0.019716758,0.019716758,0.019716758,0.019716758,0.019716758,0.019716758,0.019716758,0.019716758,0.019716758,0.019716758,0.019716758,0.019716758,0.019716758,0.019716758,0.019716758,0.019716758,0.053595703,0.019716758,0.019716758,0.019716758,0.019716758,0.019716758,0.019716758,0.019716758,0.019716758,0.019716758,0.019716758,0.019716758,0.019716758,0.019716758,0.019716758,0.019716758,0.019716758,0.019716758,0.019716758,0.019716758,0.019716758
0.019716758,0.019716758,0.019716758,0.019716758,0.019716758,0.019716758,0.019716758,0.019716758,0.019716758,0.019716758,0.019716758,0.019716758,0.019716758,0.019716758,0.019716758,0.019716758,0.019716758,0.019716758,0.019716758,0.019716758,0.019716758,0.019716758,0.019716758,0.019716758,0.019716758,0.019716758,0.019716758,0.019716758,0.053595703,0.019716758,0.019716758,0.019716758,0.019716758,0.019716758,0.019716758,0.019716758,0.019716758,0.019716758,0.019716758,0.019716758,0.019716758,0.019716758,0.019716758,0.019716758,0.019716758,0.019716758,0.019716758,0.019716758,0.019716758
0.019716758,0.019716758,0.019716758,0.019716758,0.019716758,0.019716758,0.019716758,0.019716758,0.019716758,0.053595703,0.019716758,0.019716758,0.019716758,0.019716758,0.019716758,0.019716758,0.019716758,0.019716758,0.019716758,0.019716758,0.019716758,0.019716758,0.019716758,0.019716758,0.019716758,0.019716758,0.019716758,0.019716758,0.019716758,0.019716758,0.019716758,0.019716758,0.019716758,0.019716758,0.019716758,0.019716758,0.019716758,0.019716758,0.019716758,0.019716758,0.019716758,0.019716758,0.019716758,0.019716758,0.019716758,0.019716758,0.019716758,0.019716758,0.019716758
0.019716758,0.019716758,0.019716758,0.019716758,0.019716758,0.019716758,0.019716758,0.019716758,0.019716758,0.019716758,0.019716758,0.019716758,0.019716758,0.019716758,0.019716758,0.019716758,0.019716758,0.019716758,0.019716758,0.019716758,0.019716758,0.019716758,0.019716758,0.019716758,0.019716758,0.019716758,0.019716758,0.019716758,0.019716758,0.053595703,0.019716758,0.019716758,0.019716758,0.019716758,0.019716758,0.019716758,0.019716758,0.019716758,0.019716758,0.019716758,0.019716758,0.019716758,0.019716758,0.019716758,0.019716758,0.019716758,0.019716758,0.019716758,0.019716758
0.019716758,0.019716758,0.019716758,0.019716758,0.019716758,0.019716758,0.019716758,0.019716758,0.019716758,0.019716758,0.019716758,0.019716758,0.019716758,0.019716758,0.019716758,0.019716758,0.019716758,0.019716758,0.019716758,0.019716758,0.019716758,0.019716758,0.019716758,0.019716758,0.019716758,0.019716758,0.019716758,0.019716758,0.019716758,0.019716758,0.019716758,0.019716758,0.019716758,0.019716758,0.019716758,0.019716758,0.019716758,0.019716758,0.019716758,0.019716758,0.019716758,0.019716758,0.053595703,0.019716758,0.019716758,0.019716758,0.019716758,0.019716758,0.019716758
0.019716758,0.019716758,0.019716758,0.019716758,0.019716758,0.019716758,0.019716758,0.019716758,0.019716758,0.019716758,0.019716758,0.019716758,0.019716758,0.019716758,0.019716758,0.019716758,0.019716758,0.019716758,0.019716758,0.019716758,0.019716758,0.019716758,0.019716758,0.019716758,0.019716758,0.019716758,0.019716758,0.019716758,0.019716758,0.053595703,0.019716758,0.019716758,0.019716758,0.019716758,0.019716758,0.019716758,0.019716758,0.019716758,0.019716758,0.019716758,0.019716758,0.019716758,0.019716758,0.019716758,0.019716758,0.019716758,0.019716758,0.019716758,0.019716758
0.019716758,0.019716758,0.019716758,0.019716758,0.019716758,0.019716758,0.019716758,0.019716758,0.019716758,0.019716758,0.019716758,0.019716758,0.019716758,0.019716758,0.019716758,0.019716758,0.053595703,0.019716758,0.019716758,0.019716758,0.019716758,0.019716758,0.019716758,0.019716758,0.019716758,0.019716758,0.019716758,0.019716758,0.019716758,0.019716758,0.019716758,0.019716758,0.019716758,0.019716758,0.019716758,0.019716758,0.019716758,0.019716758,0.019716758,0.019716758,0.019716758,0.019716758,0.019716758,0.019716758,0.019716758,0.019716758,0.019716758,0.019716758,0.019716758
0.019716758,0.019716758,0.019716758,0.019716758,0.019716758,0.019716758,0.019716758,0.019716758,0.019716758,0.019716758,0.019716758,0.019716758,0.019716758,0.019716758,0.053595703,0.019716758,0.019716758,0.019716758,0.019716758,0.019716758,0.019716758,0.019716758,0.019716758,0.019716758,0.019716758,0.019716758,0.019716758,0.019716758,0.019716758,0.019716758,0.019716758,0.019716758,0.019716758,0.019716758,0.019716758,0.019716758,0.019716758,0.019716758,0.019716758,0.019716758,0.019716758,0.019716758,0.019716758,0.019716758,0.019716758,0.019716758,0.019716758,0.019716758,0.019716758
0.019716758,0.019716758,0.019716758,0.019716758,0.019716758,0.019716758,0.019716758,0.019716758,0.019716758,0.019716758,0.019716758,0.019716758,0.019716758,0.019716758,0.019716758,0.019716758,0.019716758,0.019716758,0.019716758,0.019716758,0.053595703,0.019716758,0.019716758,0.019716758,0.019716758,0.019716758,0.019716758,0.019716758,0.019716758,0.019716758,0.019716758,0.019716758,0.019716758,0.019716758,0.019716758,0.019716758,0.019716758,0.019716758,0.019716758,0.019716758,0.019716758,0.019716758,0.019716758,0.019716758,0.019716758,0.019716758,0.019716758,0.019716758,0.019716758
0.019716758,0.019716758,0.019716758,0.019716758,0.019716758,0.019716758,0.019716758,0.019716758,0.019716758,0.019716758,0.019716758,0.019716758,0.019716758,0.019716758,0.019716758,0.019716758,0.019716758,0.019716758,0.019716758,0.019716758,0.019716758,0.053595703,0.019716758,0.019716758,0.019716758,0.019716758,0.019716758,0.019716758,0.019716758,0.019716758,0.019716758,0.019716758,0.019716758,0.019716758,0.019716758,0.019716758,0.019716758,0.019716758,0.019716758,0.019716758,0.019716758,0.019716758,0.019716758,0.019716758,0.019716758,0.019716758,0.019716758,0.019716758,0.019716758
0.019716758,0.019716758,0.019716758,0.019716758,0.019716758,0.019716758,0.019716758,0.019716758,0.019716758,0.019716758,0.019716758,0.019716758,0.019716758,0.019716758,0.019716758,0.019716758,0.053595703,0.019716758,0.019716758,0.019716758,0.019716758,0.019716758,0.019716758,0.019716758,0.019716758,0.019716758,0.019716758,0.019716758,0.019716758,0.019716758,0.019716758,0.019716758,0.019716758,0.019716758,0.019716758,0.019716758,0.019716758,0.019716758,0.019716758,0.019716758,0.019716758,0.019716758,0.019716758,0.019716758,0.019716758,0.019716758,0.019716758,0.019716758,0.019716758
0.019716758,0.019716758,0.019716758,0.019716758,0.019716758,0.019716758,0.019716758,0.019716758,0.019716758,0.019716758,0.019716758,0.019716758,0.019716758,0.019716758,0.019716758,0.019716758,0.019716758,0.019716758,0.019716758,0.019716758,0.019716758,0.019716758,0.019716758,0.019716758,0.019716758,0.019716758,0.019716758,0.019716758,0.019716758,0.053595703,0.019716758,0.019716758,0.019716758,0.019716758,0.019716758,0.019716758,0.019716758,0.019716758,0.019716758,0.019716758,0.019716758,0.019716758,0.019716758,0.019716758,0.019716758,0.019716758,0.019716758,0.019716758,0.019716758
0.019716762,0.019716762,0.019716762,0.019716762,0.019716762,0.019716762,0.019716762,0.019716762,0.019716762,0.019716762,0.019716762,0.019716762,0.019716762,0.019716762,0.019716762,0.019716762,0.019716762,0.019716762,0.019716762,0.019716762,0.019716762,0.019716762,0.019716762,0.019716762,0.019716762,0.019716762,0.019716762,0.019716762,0.019716762,0.019716902,0.019716762,0.019716762,0.019716762,0.019716762,0.019716762,0.05359533,0.019716762,0.019716762,0.019716762,0.019716762,0.019716762,0.019716762,0.019716762,0.019716762,0.019716762,0.019716762,0.019716762,0.019716762,0.019716762
0.019716758,0.019716758,0.019716758,0.019716758,0.019716758,0.019716758,0.019716758,0.019716758,0.019716758,0.019716758,0.019716758,0.019716758,0.053595703,0.019716758,0.019716758,0.019716758,0.019716758,0.019716758,0.019716758,0.019716758,0.019716758,0.019716758,0.019716758,0.019716758,0.019716758,0.019716758,0.019716758,0.019716758,0.019716758,0.019716758,0.019716758,0.019716758,0.019716758,0.019716758,0.019716758,0.019716758,0.019716758,0.019716758,0.019716758,0.019716758,0.019716758,0.019716758,0.019716758,0.019716758,0.019716758,0.019716758,0.019716758,0.019716758,0.019716758
0.019716758,0.019716758,0.019716758,0.019716758,0.019716758,0.019716758,0.019716758,0.019716758,0.019716758,0.019716758,0.019716758,0.019716758,0.019716758,0.019716758,0.019716758,0.019716758,0.019716758,0.019716758,0.019716758,0.019716758,0.019716758,0.019716758,0.019716758,0.019716758,0.019716758,0.019716758,0.019716758,0.019716758,0.019716758,0.019716758,0.053595703,0.019716758,0.019716758,0.019716758,0.019716758,0.019716758,0.019716758,0.019716758,0.019716758,0.019716758,0.019716758,0.019716758,0.019716758,0.019716758,0.019716758,0.019716758,0.019716758,0.019716758,0.019716758
0.019716758,0.019716758,0.019716758,0.019716758,0.019716758,0.019716758,0.019716758,0.019716758,0.019716758,0.019716758,0.019716758,0.019716758,0.019716758,0.019716758,0.019716758,0.019716758,0.019716758,0.019716758,0.019716758,0.019716758,0.019716758,0.019716758,0.019716758,0.019716758,0.019716758,0.019716758,0.019716758,0.019716758,0.019716758,0.019716758,0.053595703,0.019716758,0.019716758,0.019716758,0.019716758,0.019716758,0.019716758,0.019716758,0.019716758,0.019716758,0.019716758,0.019716758,0.019716758,0.019716758,0.019716758,0.019716758,0.019716758,0.019716758,0.019716758
0.019716758,0.019716758,0.019716758,0.019716758,0.019716758,0.019716758,0.019716758,0.019716758,0.019716758,0.019716758,0.019716758,0.019716758,0.019716758,0.019716758,0.019716758,0.019716758,0.019716758,0.019716758,0.019716758,0.019716758,0.019716758,0.019716758,0.019716758,0.019716758,0.019716758,0.019716758,0.019716758,0.019716758,0.019716758,0.019716758,0.053595703,0.019716758,0.019716758,0.019716758,0.019716758,0.019716758,0.019716758,0.019716758,0.019716758,0.019716758,0.019716758,0.019716758,0.019716758,0.019716758,0.019716758,0.019716758,0.019716758,0.019716758,0.019716758
0.019716758,0.019716758,0.019716758,0.019716758,0.019716758,0.019716758,0.019716758,0.019716758,0.019716758,0.019716758,0.019716758,0.019716758,0.019716758,0.019716758,0.019716758,0.019716758,0.019716758,0.019716758,0.019716758,0.019716758,0.019716758,0.019716758,0.019716758,0.019716758,0.019716758,0.019716758,0.019716758,0.019716758,0.019716758,0.019716758,0.019716758,0.019716758,0.019716758,0.019716758,0.019716758,0.019716758,0.019716758,0.019716758,0.019716758,0.019716758,0.019716758,0.019716758,0.019716758,0.053595703,0.019716758,0.019716758,0.019716758,0.019716758,0.019716758
0.019716758,0.019716758,0.019716758,0.019716758,0.019716758,0.019716758,0.019716758,0.019716758,0.019716758,0.019716758,0.019716758,0.019716758,0.019716758,0.019716758,0.019716758,0.019716758,0.019716758,0.019716758,0.019716758,0.019716758,0.019716758,0.019716758,0.019716758,0.019716758,0.019716758,0.019716758,0.019716758,0.019716758,0.019716758,0.019716758,0.053595703,0.019716758,0.019716758,0.019716758,0.019716758,0.019716758,0.019716758,0.019716758,0.019716758,0.019716758,0.019716758,0.019716758,0.019716758,0.019716758,0.019716758,0.019716758,0.019716758,0.019716758,0.019716758
0.019716758,0.019716758,0.019716758,0.019716758,0.019716758,0.019716758,0.019716758,0.019716758,0.019716758,0.019716758,0.019716758,0.019716758,0.019716758,0.019716758,0.019716758,0.019716758,0.019716758,0.019716758,0.019716758,0.019716758,0.019716758,0.019716758,0.019716758,0.019716758,0.019716758,0.019716758,0.019716758,0.019716758,0.019716758,0.019716758,0.053595703,0.019716758,0.019716758,0.019716758,0.019716758,0.019716758,0.019716758,0.019716758,0.019716758,0.019716758,0.019716758,0.019716758,0.019716758,0.019716758,0.019716758,0.019716758,0.019716758,0.019716758,0.019716758
0.019716758,0.019716758,0.019716758,0.019716758,0.019716758,0.019716758,0.019716758,0.019716758,0.019716758,0.019716758,0.019716758,0.019716758,0.019716758,0.019716758,0.019716758,0.019716758,0.019716758,0.019716758,0.019716758,0.019716758,0.019716758,0.019716758,0.019716758,0.019716758,0.019716758,0.019716758,0.019716758,0.019716758,0.019716758,0.019716758,0.053595703,0.019716758,0.019716758,0.019716758,0.019716758,0.019716758,0.019716758,0.019716758,0.019716758,0.019716758,0.019716758,0.019716758,0.019716758,0.019716758,0.019716758,0.019716758,0.019716758,0.019716758,0.019716758
0.019716758,0.019716758,0.019716758,0.019716758,0.019716758,0.019716758,0.019716758,0.019716758,0.019716758,0.019716758,0.019716758,0.019716758,0.019716758,0.019716758,0.019716758,0.019716758,0.019716758,0.019716758,0.019716758,0.019716758,0.019716758,0.019716758,0.019716758,0.019716758,0.019716758,0.019716758,0.019716758,0.019716758,0.019716758,0.019716758,0.019716758,0.019716758,0.019716758,0.019716758,0.019716758,0.019716758,0.053595703,0.019716758,0.019716758,0.019716758,0.019716758,0.019716758,0.019716758,0.019716758,0.019716758,0.019716758,0.019716758,0.019716758,0.019716758
0.019716758,0.019716758,0.019716758,0.019716758,0.019716758,0.019716758,0.019716758,0.019716758,0.019716758,0.019716758,0.019716758,0.019716758,0.019716758,0.019716758,0.053595703,0.019716758,0.019716758,0.019716758,0.019716758,0.019716758,0.019716758,0.019716758,0.019716758,0.019716758,0.019716758,0.019716758,0.019716758,0.019716758,0.019716758,0.019716758,0.019716758,0.019716758,0.019716758,0.019716758,0.019716758,0.019716758,0.019716758,0.019716758,0.019716758,0.019716758,0.019716758,0.019716758,0.019716758,0.019716758,0.019716758,0.019716758,0.019716758,0.019716758,0.019716758
0.019716758,0.019716758,0.019716758,0.019716758,0.019716758,0.019716758,0.019716758,0.019716758,0.019716758,0.019716758,0.019716758,0.019716758,0.019716758,0.019716758,0.019716758,0.019716758,0.019716758,0.019716758,0.019716758,0.019716758,0.019716758,0.019716758,0.019716758,0.019716758,0.019716758,0.019716758,0.019716758,0.019716758,0.019716758,0.019716758,0.019716758,0.053595707,0.019716758,0.019716758,0.019716758,0.019716758,0.019716758,0.019716758,0.019716758,0.019716758,0.019716758,0.019716758,0.019716758,0.019716758,0.019716758,0.019716758,0.019716758,0.019716758,0.019716758
0.019716758,0.019716758,0.019716758,0.019716758,0.019716758,0.019716758,0.019716758,0.019716758,0.019716758,0.019716758,0.019716758,0.019716758,0.019716758,0.019716758,0.019716758,0.019716758,0.019716758,0.019716758,0.019716758,0.019716758,0.019716758,0.019716758,0.019716758,0.019716758,0.019716758,0.019716758,0.019716758,0.019716758,0.019716758,0.019716758,0.019716758,0.053595707,0.019716758,0.019716758,0.019716758,0.019716758,0.019716758,0.019716758,0.019716758,0.019716758,0.019716758,0.019716758,0.019716758,0.019716758,0.019716758,0.019716758,0.019716758,0.019716758,0.019716758
0.019716758,0.019716758,0.019716758,0.019716758,0.019716758,0.019716758,0.019716758,0.019716758,0.019716758,0.019716758,0.019716758,0.019716758,0.019716758,0.019716758,0.019716758,0.019716758,0.019716758,0.019716758,0.019716758,0.019716758,0.019716758,0.019716758,0.019716758,0.019716758,0.019716758,0.019716758,0.019716758,0.019716758,0.019716758,0.019716758,0.019716758,0.019716758,0.019716758,0.019716758,0.019716758,0.019716758,0.019716758,0.019716758,0.019716758,0.019716758,0.019716758,0.019716758,0.053595703,0.019716758,0.019716758,0.019716758,0.019716758,0.019716758,0.019716758
0.019716758,0.019716758,0.019716758,0.019716758,0.019716758,0.019716758,0.019716758,0.019716758,0.019716758,0.019716758,0.019716758,0.019716758,0.019716758,0.019716758,0.019716758,0.019716758,0.019716758,0.019716758,0.019716758,0.019716758,0.019716758,0.019716758,0.019716758,0.019716758,0.019716758,0.019716758,0.019716758,0.019716758,0.019716758,0.019716758,0.019716758,0.053595707,0.019716758,0.019716758,0.019716758,0.019716758,0.019716758,0.019716758,0.019716758,0.019716758,0.019716758,0.019716758,0.019716758,0.019716758,0.019716758,0.019716758,0.019716758,0.019716758,0.019716758
0.019716758,0.019716758,0.019716758,0.019716758,0.019716758,0.019716758,0.019716758,0.019716758,0.019716758,0.019716758,0.019716758,0.019716758,0.019716758,0.019716758,0.019716758,0.019716758,0.019716758,0.019716758,0.019716758,0.019716758,0.019716758,0.019716758,0.019716758,0.019716758,0.019716758,0.019716758,0.019716758,0.019716758,0.019716758,0.019716758,0.019716758,0.053595707,0.019716758,0.019716758,0.019716758,0.019716758,0.019716758,0.019716758,0.019716758,0.019716758,0.019716758,0.019716758,0.019716758,0.019716758,0.019716758,0.019716758,0.019716758,0.019716758,0.019716758
0.019716758,0.019716758,0.019716758,0.019716758,0.019716758,0.019716758,0.019716758,0.019716758,0.019716758,0.019716758,0.019716758,0.019716758,0.019716758,0.019716758,0.019716758,0.019716758,0.019716758,0.019716758,0.019716758,0.019716758,0.019716758,0.019716758,0.019716758,0.019716758,0.019716758,0.019716758,0.019716758,0.019716758,0.019716758,0.019716758,0.019716758,0.019716758,0.019716758,0.019716758,0.019716758,0.019716758,0.019716758,0.019716758,0.019716758,0.019716758,0.019716758,0.019716758,0.019716758,0.019716758,0.019716758,0.019716758,0.019716758,0.019716758,0.053595703
0.019716758,0.019716758,0.019716758,0.019716758,0.019716758,0.019716758,0.019716758,0.019716758,0.019716758,0.019716758,0.019716758,0.019716758,0.019716758,0.019716758,0.019716758,0.019716758,0.019716758,0.019716758,0.019716758,0.019716758,0.019716758,0.019716758,0.019716758,0.019716758,0.019716758,0.019716758,0.019716758,0.019716758,0.019716758,0.019716758,0.019716758,0.053595707,0.019716758,0.019716758,0.019716758,0.019716758,0.019716758,0.019716758,0.019716758,0.019716758,0.019716758,0.019716758,0.019716758,0.019716758,0.019716758,0.019716758,0.019716758,0.019716758,0.019716758
0.019716758,0.019716758,0.019716758,0.019716758,0.019716758,0.019716758,0.019716758,0.019716758,0.019716758,0.019716758,0.019716758,0.019716758,0.019716758,0.019716758,0.053595703,0.019716758,0.019716758,0.019716758,0.019716758,0.019716758,0.019716758,0.019716758,0.019716758,0.019716758,0.019716758,0.019716758,0.019716758,0.019716758,0.019716758,0.019716758,0.019716758,0.019716758,0.019716758,0.019716758,0.019716758,0.019716758,0.019716758,0.019716758,0.019716758,0.019716758,0.019716758,0.019716758,0.019716758,0.019716758,0.019716758,0.019716758,0.019716758,0.019716758,0.019716758
0.019716758,0.019716758,0.019716758,0.019716758,0.019716758,0.019716758,0.019716758,0.019716758,0.019716758,0.019716758,0.019716758,0.019716758,0.019716758,0.019716758,0.019716758,0.019716758,0.019716758,0.019716758,0.019716758,0.019716758,0.019716758,0.019716758,0.019716758,0.019716758,0.019716758,0.019716758,0.019716758,0.019716758,0.019716758,0.019716758,0.019716758,0.053595707,0.019716758,0.019716758,0.019716758,0.019716758,0.019716758,0.019716758,0.019716758,0.019716758,0.019716758,0.019716758,0.019716758,0.019716758,0.019716758,0.019716758,0.019716758,0.019716758,0.019716758
0.019716758,0.019716758,0.019716758,0.019716758,0.019716758,0.019716758,0.019716758,0.019716758,0.019716758,0.019716758,0.019716758,0.019716758,0.019716758,0.019716758,0.019716758,0.019716758,0.019716758,0.019716758,0.019716758,0.019716758,0.019716758,0.019716758,0.019716758,0.019716758,0.019716758,0.019716758,0.019716758,0.019716758,0.019716758,0.019716758,0.019716758,0.053595707,0.019716758,0.019716758,0.019716758,0.019716758,0.019716758,0.019716758,0.019716758,0.019716758,0.019716758,0.019716758,0.019716758,0.019716758,0.019716758,0.019716758,0.019716758,0.019716758,0.019716758
0.019716758,0.019716758,0.019716758,0.019716758,0.019716758,0.019716758,0.019716758,0.019716758,0.019716758,0.019716758,0.019716758,0.019716758,0.019716758,0.019716758,0.019716758,0.019716758,0.019716758,0.019716758,0.019716758,0.019716758,0.019716758,0.019716758,0.019716758,0.019716758,0.019716758,0.019716758,0.019716758,0.019716758,0.019716758,0.019716758,0.019716758,0.019716758,0.053595703,0.019716758,0.019716758,0.019716758,0.019716758,0.019716758,0.019716758,0.019716758,0.019716758,0.019716758,0.019716758,0.019716758,0.019716758,0.019716758,0.019716758,0.019716758,0.019716758
0.019716758,0.019716758,0.019716758,0.019716758,0.019716758,0.019716758,0.019716758,0.019716758,0.019716758,0.019716758,0.019716758,0.019716758,0.019716758,0.019716758,0.019716758,0.019716758,0.019716758,0.019716758,0.019716758,0.019716758,0.019716758,0.019716758,0.019716758,0.019716758,0.019716758,0.019716758,0.019716758,0.019716758,0.019716758,0.019716758,0.019716758,0.019716758,0.053595703,0.019716758,0.019716758,0.019716758,0.019716758,0.019716758,0.019716758,0.019716758,0.019716758,0.019716758,0.019716758,0.019716758,0.019716758,0.019716758,0.019716758,0.019716758,0.019716758
0.019716758,0.019716758,0.019716758,0.019716758,0.019716758,0.019716758,0.019716758,0.019716758,0.019716758,0.019716758,0.019716758,0.019716758,0.019716758,0.019716758,0.019716758,0.019716758,0.019716758,0.019716758,0.019716758,0.019716758,0.019716758,0.019716758,0.019716758,0.053595707,0.019716758,0.019716758,0.019716758,0.019716758,0.019716758,0.019716758,0.019716758,0.019716758,0.019716758,0.019716758,0.019716758,0.019716758,0.019716758,0.019716758,0.019716758,0.019716758,0.019716758,0.019716758,0.019716758,0.019716758,0.019716758,0.019716758,0.019716758,0.019716758,0.019716758
0.019716758,0.019716758,0.019716758,0.019716758,0.019716758,0.019716758,0.019716758,0.019716758,0.019716758,0.019716758,0.019716758,0.019716758,0.019716758,0.019716758,0.019716758,0.019716758,0.019716758,0.019716758,0.019716758,0.019716758,0.053595703,0.019716758,0.019716758,0.019716758,0.019716758,0.019716758,0.019716758,0.019716758,0.019716758,0.019716758,0.019716758,0.019716758,0.019716758,0.019716758,0.019716758,0.019716758,0.019716758,0.019716758,0.019716758,0.019716758,0.019716758,0.019716758,0.019716758,0.019716758,0.019716758,0.019716758,0.019716758,0.019716758,0.019716758
0.019716758,0.019716758,0.019716758,0.019716758,0.019716758,0.019716758,0.019716758,0.019716758,0.019716758,0.019716758,0.019716758,0.019716758,0.019716758,0.019716758,0.019716758,0.019716758,0.019716758,0.019716758,0.019716758,0.019716758,0.019716758,0.019716758,0.019716758,0.019716758,0.019716758,0.019716758,0.019716758,0.019716758,0.019716758,0.019716758,0.019716758,0.019716758,0.053595703,0.019716758,0.019716758,0.019716758,0.019716758,0.019716758,0.019716758,0.019716758,0.019716758,0.019716758,0.019716758,0.019716758,0.019716758,0.019716758,0.019716758,0.019716758,0.019716758
0.019716758,0.019716758,0.019716758,0.019716758,0.019716758,0.019716758,0.019716758,0.019716758,0.019716758,0.019716758,0.019716758,0.019716758,0.019716758,0.019716758,0.019716758,0.019716758,0.019716758,0.019716758,0.019716758,0.019716758,0.019716758,0.019716758,0.019716758,0.019716758,0.019716758,0.019716758,0.019716758,0.019716758,0.019716758,0.019716758,0.019716758,0.019716758,0.053595703,0.019716758,0.019716758,0.019716758,0.019716758,0.019716758,0.019716758,0.019716758,0.019716758,0.019716758,0.019716758,0.019716758,0.019716758,0.019716758,0.019716758,0.019716758,0.019716758
0.019716758,0.019716758,0.019716758,0.019716758,0.019716758,0.019716758,0.019716758,0.019716758,0.019716758,0.019716758,0.019716758,0.019716758,0.019716758,0.019716758,0.019716758,0.019716758,0.019716758,0.019716758,0.019716758,0.019716758,0.019716758,0.019716758,0.019716758,0.019716758,0.019716758,0.019716758,0.019716758,0.019716758,0.019716758,0.019716758,0.019716758,0.019716758,0.053595703,0.019716758,0.019716758,0.019716758,0.019716758,0.019716758,0.019716758,0.019716758,0.019716758,0.019716758,0.019716758,0.019716758,0.019716758,0.019716758,0.019716758,0.019716758,0.019716758
0.019716758,0.019716758,0.019716758,0.019716758,0.019716758,0.019716758,0.019716758,0.019716758,0.019716758,0.019716758,0.019716758,0.019716758,0.019716758,0.019716758,0.019716758,0.019716758,0.019716758,0.019716758,0.019716758,0.019716758,0.019716758,0.019716758,0.019716758,0.053595707,0.019716758,0.019716758,0.019716758,0.019716758,0.019716758,0.019716758,0.019716758,0.019716758,0.019716758,0.019716758,0.019716758,0.019716758,0.019716758,0.019716758,0.019716758,0.019716758,0.019716758,0.019716758,0.019716758,0.019716758,0.019716758,0.019716758,0.019716758,0.019716758,0.019716758
0.019716758,0.019716758,0.019716758,0.019716758,0.019716758,0.019716758,0.019716758,0.019716758,0.019716758,0.019716758,0.019716758,0.019716758,0.019716758,0.019716758,0.019716758,0.019716758,0.019716758,0.019716758,0.019716758,0.019716758,0.019716758,0.019716758,0.019716758,0.019716758,0.019716758,0.019716758,0.019716758,0.019716758,0.019716758,0.019716758,0.019716758,0.019716758,0.053595703,0.019716758,0.019716758,0.019716758,0.019716758,0.019716758,0.019716758,0.019716758,0.019716758,0.019716758,0.019716758,0.019716758,0.019716758,0.019716758,0.019716758,0.019716758,0.019716758
0.019716758,0.019716758,0.019716758,0.019716758,0.019716758,0.019716758,0.019716758,0.019716758,0.019716758,0.019716758,0.019716758,0.019716758,0.019716758,0.019716758,0.019716758,0.019716758,0.019716758,0.019716758,0.019716758,0.019716758,0.019716758,0.019716758,0.019716758,0.019716758,0.019716758,0.019716758,0.053595703,0.019716758,0.019716758,0.019716758,0.019716758,0.019716758,0.019716758,0.019716758,0.019716758,0.019716758,0.019716758,0.019716758,0.019716758,0.019716758,0.019716758,0.019716758,0.019716758,0.019716758,0.019716758,0.019716758,0.019716758,0.019716758,0.019716758
0.019716758,0.019716758,0.019716758,0.019716758,0.019716758,0.019716758,0.019716758,0.019716758,0.019716758,0.019716758,0.019716758,0.019716758,0.019716758,0.019716758,0.019716758,0.019716758,0.019716758,0.019716758,0.019716758,0.019716758,0.019716758,0.019716758,0.019716758,0.019716758,0.019716758,0.019716758,0.019716758,0.019716758,0.019716758,0.019716758,0.019716758,0.019716758,0.019716758,0.019716758,0.019716758,0.019716758,0.019716758,0.019716758,0.019716758,0.053595707,0.019716758,0.019716758,0.019716758,0.019716758,0.019716758,0.019716758,0.019716758,0.019716758,0.019716758
0.019716758,0.019716758,0.019716758,0.019716758,0.019716758,0.019716758,0.019716758,0.019716758,0.019716758,0.019716758,0.019716758,0.019716758,0.019716758,0.019716758,0.019716758,0.019716758,0.019716758,0.019716758,0.019716758,0.019716758,0.019716758,0.019716758,0.019716758,0.019716758,0.019716758,0.019716758,0.019716758,0.019716758,0.019716758,0.019716758,0.019716758,0.019716758,0.019716758,0.053595703,0.019716758,0.019716758,0.019716758,0.019716758,0.019716758,0.019716758,0.019716758,0.019716758,0.019716758,0.019716758,0.019716758,0.019716758,0.019716758,0.019716758,0.019716758
0.019716758,0.019716758,0.019716758,0.019716758,0.019716758,0.019716758,0.019716758,0.019716758,0.019716758,0.019716758,0.019716758,0.019716758,0.019716758,0.019716758,0.019716758,0.019716758,0.019716758,0.019716758,0.019716758,0.019716758,0.019716758,0.019716758,0.019716758,0.019716758,0.019716758,0.019716758,0.019716758,0.019716758,0.019716758,0.019716758,0.019716758,0.019716758,0.019716758,0.053595703,0.019716758,0.019716758,0.019716758,0.019716758,0.019716758,0.019716758,0.019716758,0.019716758,0.019716758,0.019716758,0.019716758,0.019716758,0.019716758,0.019716758,0.019716758
0.019716758,0.019716758,0.019716758,0.019716758,0.019716758,0.019716758,0.019716758,0.019716758,0.019716758,0.019716758,0.019716758,0.019716758,0.019716758,0.019716758,0.019716758,0.019716758,0.019716758,0.019716758,0.019716758,0.019716758,0.019716758,0.019716758,0.019716758,0.019716758,0.019716758,0.019716758,0.019716758,0.019716758,0.019716758,0.019716758,0.019716758,0.019716758,0.019716758,0.053595703,0.019716758,0.019716758,0.019716758,0.019716758,0.019716758,0.019716758,0.019716758,0.019716758,0.019716758,0.019716758,0.019716758,0.019716758,0.019716758,0.019716758,0.019716758
0.019716758,0.019716758,0.019716758,0.019716758,0.019716758,0.019716758,0.019716758,0.019716758,0.019716758,0.019716758,0.019716758,0.019716758,0.019716758,0.019716758,0.019716758,0.019716758,0.019716758,0.019716758,0.019716758,0.019716758,0.019716758,0.019716758,0.019716758,0.019716758,0.019716758,0.019716758,0.019716758,0.019716758,0.019716758,0.019716758,0.019716758,0.019716758,0.019716758,0.053595703,0.019716758,0.019716758,0.019716758,0.019716758,0.019716758,0.019716758,0.019716758,0.019716758,0.019716758,0.019716758,0.019716758,0.019716758,0.019716758,0.019716758,0.019716758
0.053595703,0.019716758,0.019716758,0.019716758,0.019716758,0.019716758,0.019716758,0.019716758,0.019716758,0.019716758,0.019716758,0.019716758,0.019716758,0.019716758,0.019716758,0.019716758,0.019716758,0.019716758,0.019716758,0.019716758,0.019716758,0.019716758,0.019716758,0.019716758,0.019716758,0.019716758,0.019716758,0.019716758,0.019716758,0.019716758,0.019716758,0.019716758,0.019716758,0.019716758,0.019716758,0.019716758,0.019716758,0.019716758,0.019716758,0.019716758,0.019716758,0.019716758,0.019716758,0.019716758,0.019716758,0.019716758,0.019716758,0.019716758,0.019716758
0.019716758,0.019716758,0.019716758,0.019716758,0.019716758,0.019716758,0.019716758,0.019716758,0.019716758,0.019716758,0.019716758,0.019716758,0.019716758,0.019716758,0.019716758,0.019716758,0.019716758,0.019716758,0.019716758,0.019716758,0.019716758,0.019716758,0.019716758,0.019716758,0.019716758,0.019716758,0.019716758,0.019716758,0.019716758,0.019716758,0.019716758,0.019716758,0.019716758,0.053595703,0.019716758,0.019716758,0.019716758,0.019716758,0.019716758,0.019716758,0.019716758,0.019716758,0.019716758,0.019716758,0.019716758,0.019716758,0.019716758,0.019716758,0.019716758
0.019716758,0.019716758,0.019716758,0.019716758,0.019716758,0.019716758,0.019716758,0.019716758,0.019716758,0.019716758,0.019716758,0.019716758,0.019716758,0.019716758,0.019716758,0.019716758,0.019716758,0.019716758,0.019716758,0.019716758,0.019716758,0.019716758,0.019716758,0.019716758,0.019716758,0.019716758,0.019716758,0.019716758,0.019716758,0.019716758,0.019716758,0.019716758,0.019716758,0.053595703,0.019716758,0.019716758,0.019716758,0.019716758,0.019716758,0.019716758,0.019716758,0.019716758,0.019716758,0.019716758,0.019716758,0.019716758,0.019716758,0.019716758,0.019716758
0.019716758,0.019716758,0.019716758,0.019716758,0.019716758,0.019716758,0.019716758,0.019716758,0.019716758,0.019716758,0.019716758,0.019716758,0.019716758,0.019716758,0.019716758,0.019716758,0.019716758,0.019716758,0.019716758,0.019716758,0.019716758,0.019716758,0.019716758,0.019716758,0.019716758,0.019716758,0.019716758,0.019716758,0.019716758,0.019716758,0.019716758,0.019716758,0.019716758,0.053595703,0.019716758,0.019716758,0.019716758,0.019716758,0.019716758,0.019716758,0.019716758,0.019716758,0.019716758,0.019716758,0.019716758,0.019716758,0.019716758,0.019716758,0.019716758
0.019716758,0.019716758,0.019716758,0.019716758,0.019716758,0.019716758,0.019716758,0.019716758,0.019716758,0.019716758,0.019716758,0.019716758,0.019716758,0.019716758,0.019716758,0.019716758,0.019716758,0.019716758,0.019716758,0.019716758,0.019716758,0.019716758,0.019716758,0.019716758,0.019716758,0.019716758,0.019716758,0.019716758,0.019716758,0.019716758,0.019716758,0.019716758,0.019716758,0.053595703,0.019716758,0.019716758,0.019716758,0.019716758,0.019716758,0.019716758,0.019716758,0.019716758,0.019716758,0.019716758,0.019716758,0.019716758,0.019716758,0.019716758,0.019716758
0.019716758,0.019716758,0.019716758,0.019716758,0.019716758,0.019716758,0.019716758,0.019716758,0.019716758,0.019716758,0.019716758,0.019716758,0.019716758,0.019716758,0.019716758,0.019716758,0.019716758,0.019716758,0.019716758,0.019716758,0.019716758,0.019716758,0.019716758,0.019716758,0.019716758,0.019716758,0.019716758,0.019716758,0.019716758,0.019716758,0.019716758,0.019716758,0.019716758,0.019716758,0.053595703,0.019716758,0.019716758,0.019716758,0.019716758,0.019716758,0.019716758,0.019716758,0.019716758,0.019716758,0.019716758,0.019716758,0.019716758,0.019716758,0.019716758
0.019716758,0.019716758,0.019716758,0.019716758,0.019716758,0.019716758,0.019716758,0.019716758,0.019716758,0.019716758,0.019716758,0.019716758,0.019716758,0.019716758,0.019716758,0.019716758,0.019716758,0.019716758,0.019716758,0.019716758,0.019716758,0.019716758,0.019716758,0.019716758,0.019716758,0.019716758,0.019716758,0.019716758,0.019716758,0.019716758,0.019716758,0.019716758,0.019716758,0.019716758,0.053595703,0.019716758,0.019716758,0.019716758,0.019716758,0.019716758,0.019716758,0.019716758,0.019716758,0.019716758,0.019716758,0.019716758,0.019716758,0.019716758,0.019716758
0.019716758,0.019716758,0.019716758,0.019716758,0.019716758,0.019716758,0.019716758,0.019716758,0.019716758,0.019716758,0.019716758,0.019716758,0.019716758,0.019716758,0.019716758,0.019716758,0.019716758,0.019716758,0.019716758,0.053595703,0.019716758,0.019716758,0.019716758,0.019716758,0.019716758,0.019716758,0.019716758,0.019716758,0.019716758,0.019716758,0.019716758,0.019716758,0.019716758,0.019716758,0.019716758,0.019716758,0.019716758,0.019716758,0.019716758,0.019716758,0.019716758,0.019716758,0.019716758,0.019716758,0.019716758,0.019716758,0.019716758,0.019716758,0.019716758
0.019716758,0.019716758,0.019716758,0.019716758,0.019716758,0.019716758,0.019716758,0.019716758,0.019716758,0.019716758,0.019716758,0.019716758,0.019716758,0.019716758,0.019716758,0.019716758,0.019716758,0.019716758,0.019716758,0.019716758,0.019716758,0.019716758,0.019716758,0.019716758,0.019716758,0.019716758,0.019716758,0.019716758,0.019716758,0.019716758,0.019716758,0.053595707,0.019716758,0.019716758,0.019716758,0.019716758,0.019716758,0.019716758,0.019716758,0.019716758,0.019716758,0.019716758,0.019716758,0.019716758,0.019716758,0.019716758,0.019716758,0.019716758,0.019716758
0.019716758,0.019716758,0.019716758,0.019716758,0.019716758,0.019716758,0.019716758,0.019716758,0.019716758,0.019716758,0.019716758,0.053595703,0.019716758,0.019716758,0.019716758,0.019716758,0.019716758,0.019716758,0.019716758,0.019716758,0.019716758,0.019716758,0.019716758,0.019716758,0.019716758,0.019716758,0.019716758,0.019716758,0.019716758,0.019716758,0.019716758,0.019716758,0.019716758,0.019716758,0.019716758,0.019716758,0.019716758,0.019716758,0.019716758,0.019716758,0.019716758,0.019716758,0.019716758,0.019716758,0.019716758,0.019716758,0.019716758,0.019716758,0.019716758
0.019716758,0.019716758,0.019716758,0.019716758,0.019716758,0.019716758,0.019716758,0.019716758,0.019716758,0.053595703,0.019716758,0.019716758,0.019716758,0.019716758,0.019716758,0.019716758,0.019716758,0.019716758,0.019716758,0.019716758,0.019716758,0.019716758,0.019716758,0.019716758,0.019716758,0.019716758,0.019716758,0.019716758,0.019716758,0.019716758,0.019716758,0.019716758,0.019716758,0.019716758,0.019716758,0.019716758,0.019716758,0.019716758,0.019716758,0.019716758,0.019716758,0.019716758,0.019716758,0.019716758,0.019716758,0.019716758,0.019716758,0.019716758,0.019716758
0.019716805,0.019716805,0.019716805,0.019716805,0.019716805,0.019716805,0.019716805,0.019716805,0.019716805,0.019716805,0.019718308,0.019716805,0.019716805,0.019716805,0.019716805,0.019716805,0.019716805,0.019716805,0.019716805,0.019716805,0.019716805,0.019716805,0.019716805,0.019716805,0.019716805,0.019716805,0.019716805,0.019716805,0.019716805,0.019716805,0.019716805,0.019716805,0.019716805,0.019716805,0.019716805,0.019716805,0.019716805,0.019716805,0.019716805,0.05359175,0.019716805,0.019716805,0.019716805,0.019716805,0.019716805,0.019716805,0.019716805,0.019716805,0.019716805
0.019716758,0.019716758,0.019716758,0.019716758,0.019716758,0.053595703,0.019716758,0.019716758,0.019716758,0.019716758,0.019716758,0.019716758,0.019716758,0.019716758,0.019716758,0.019716758,0.019716758,0.019716758,0.019716758,0.019716758,0.019716758,0.019716758,0.019716758,0.019716758,0.019716758,0.019716758,0.019716758,0.019716758,0.019716758,0.019716758,0.019716758,0.019716758,0.019716758,0.019716758,0.019716758,0.019716758,0.019716758,0.019716758,0.019716758,0.019716758,0.019716758,0.019716758,0.019716758,0.019716758,0.019716758,0.019716758,0.019716758,0.019716758,0.019716758
0.019716758,0.019716758,0.019716758,0.019716758,0.019716758,0.019716758,0.019716758,0.019716758,0.019716758,0.019716758,0.019716758,0.019716758,0.019716758,0.019716758,0.019716758,0.019716758,0.019716758,0.019716758,0.019716758,0.019716758,0.019716758,0.019716758,0.019716758,0.019716758,0.019716758,0.019716758,0.019716758,0.019716758,0.019716758,0.019716758,0.019716758,0.019716758,0.019716758,0.019716758,0.053595703,0.019716758,0.019716758,0.019716758,0.019716758,0.019716758,0.019716758,0.019716758,0.019716758,0.019716758,0.019716758,0.019716758,0.019716758,0.019716758,0.019716758
0.019716758,0.019716758,0.019716758,0.019716758,0.019716758,0.019716758,0.019716758,0.019716758,0.019716758,0.019716758,0.019716758,0.019716758,0.019716758,0.019716758,0.019716758,0.019716758,0.019716758,0.019716758,0.019716758,0.019716758,0.019716758,0.019716758,0.019716758,0.019716758,0.019716758,0.019716758,0.019716758,0.019716758,0.019716758,0.019716758,0.019716758,0.019716758,0.019716758,0.019716758,0.053595703,0.019716758,0.019716758,0.019716758,0.019716758,0.019716758,0.019716758,0.019716758,0.019716758,0.019716758,0.019716758,0.019716758,0.019716758,0.019716758,0.019716758
0.019716758,0.019716758,0.019716758,0.019716758,0.053595703,0.019716758,0.019716758,0.019716758,0.019716758,0.019716758,0.019716758,0.019716758,0.019716758,0.019716758,0.019716758,0.019716758,0.019716758,0.019716758,0.019716758,0.019716758,0.019716758,0.019716758,0.019716758,0.019716758,0.019716758,0.019716758,0.019716758,0.019716758,0.019716758,0.019716758,0.019716758,0.019716758,0.019716758,0.019716758,0.019716758,0.019716758,0.019716758,0.019716758,0.019716758,0.019716758,0.019716758,0.019716758,0.019716758,0.019716758,0.019716758,0.019716758,0.019716758,0.019716758,0.019716758
0.019716758,0.019716758,0.019716758,0.019716758,0.019716758,0.019716758,0.019716758,0.019716758,0.019716758,0.019716758,0.019716758,0.019716758,0.019716758,0.019716758,0.019716758,0.019716758,0.019716758,0.019716758,0.019716758,0.019716758,0.019716758,0.019716758,0.019716758,0.019716758,0.019716758,0.019716758,0.019716758,0.019716758,0.019716758,0.019716758,0.019716758,0.019716758,0.019716758,0.019716758,0.019716758,0.053595703,0.019716758,0.019716758,0.019716758,0.019716758,0.019716758,0.019716758,0.019716758,0.019716758,0.019716758,0.019716758,0.019716758,0.019716758,0.019716758
0.019716758,0.019716758,0.019716758,0.019716758,0.019716758,0.019716758,0.019716758,0.019716758,0.019716758,0.019716758,0.019716758,0.019716758,0.019716758,0.019716758,0.019716758,0.019716758,0.019716758,0.019716758,0.019716758,0.019716758,0.019716758,0.019716758,0.019716758,0.019716758,0.019716758,0.019716758,0.019716758,0.019716758,0.053595703,0.019716758,0.019716758,0.019716758,0.019716758,0.019716758,0.019716758,0.019716758,0.019716758,0.019716758,0.019716758,0.019716758,0.019716758,0.019716758,0.019716758,0.019716758,0.019716758,0.019716758,0.019716758,0.019716758,0.019716758
0.019716758,0.019716758,0.019716758,0.019716758,0.019716758,0.019716758,0.019716758,0.019716758,0.019716758,0.019716758,0.019716758,0.019716758,0.019716758,0.019716758,0.019716758,0.019716758,0.019716758,0.019716758,0.019716758,0.019716758,0.019716758,0.019716758,0.019716758,0.019716758,0.019716758,0.019716758,0.019716758,0.019716758,0.019716758,0.019716758,0.019716758,0.019716758,0.019716758,0.019716758,0.019716758,0.053595703,0.019716758,0.019716758,0.019716758,0.019716758,0.019716758,0.019716758,0.019716758,0.019716758,0.019716758,0.019716758,0.019716758,0.019716758,0.019716758
0.019716758,0.019716758,0.019716758,0.019716758,0.019716758,0.019716758,0.019716758,0.019716758,0.019716758,0.019716758,0.019716758,0.019716758,0.019716758,0.019716758,0.019716758,0.019716758,0.019716758,0.019716758,0.019716758,0.019716758,0.019716758,0.019716758,0.019716758,0.019716758,0.019716758,0.019716758,0.019716758,0.019716758,0.053595703,0.019716758,0.019716758,0.019716758,0.019716758,0.019716758,0.019716758,0.019716758,0.019716758,0.019716758,0.019716758,0.019716758,0.019716758,0.019716758,0.019716758,0.019716758,0.019716758,0.019716758,0.019716758,0.019716758,0.019716758
0.019716758,0.019716758,0.019716758,0.019716758,0.019716758,0.019716758,0.019716758,0.019716758,0.019716758,0.019716758,0.019716758,0.019716758,0.019716758,0.019716758,0.019716758,0.019716758,0.019716758,0.019716758,0.019716758,0.019716758,0.019716758,0.019716758,0.019716758,0.019716758,0.019716758,0.019716758,0.019716758,0.019716758,0.019716758,0.019716758,0.019716758,0.019716758,0.019716758,0.019716758,0.019716758,0.053595703,0.019716758,0.019716758,0.019716758,0.019716758,0.019716758,0.019716758,0.019716758,0.019716758,0.019716758,0.019716758,0.019716758,0.019716758,0.019716758
0.019716758,0.019716758,0.019716758,0.019716758,0.019716758,0.019716758,0.019716758,0.019716758,0.019716758,0.019716758,0.019716758,0.019716758,0.019716758,0.019716758,0.019716758,0.019716758,0.019716758,0.019716758,0.019716758,0.019716758,0.053595703,0.019716758,0.019716758,0.019716758,0.019716758,0.019716758,0.019716758,0.019716758,0.019716758,0.019716758,0.019716758,0.019716758,0.019716758,0.019716758,0.019716758,0.019716758,0.019716758,0.019716758,0.019716758,0.019716758,0.019716758,0.019716758,0.019716758,0.019716758,0.019716758,0.019716758,0.019716758,0.019716758,0.019716758
0.019716758,0.019716758,0.019716758,0.019716758,0.019716758,0.019716758,0.019716758,0.019716758,0.019716758,0.019716758,0.019716758,0.019716758,0.019716758,0.019716758,0.019716758,0.019716758,0.019716758,0.019716758,0.019716758,0.019716758,0.019716758,0.019716758,0.019716758,0.019716758,0.019716758,0.019716758,0.019716758,0.019716758,0.019716758,0.019716758,0.019716758,0.019716758,0.019716758,0.019716758,0.019716758,0.053595703,0.019716758,0.019716758,0.019716758,0.019716758,0.019716758,0.019716758,0.019716758,0.019716758,0.019716758,0.019716758,0.019716758,0.019716758,0.019716758
0.019716758,0.019716758,0.019716758,0.019716758,0.019716758,0.019716758,0.019716758,0.019716758,0.019716758,0.019716758,0.019716758,0.019716758,0.019716758,0.019716758,0.019716758,0.019716758,0.019716758,0.019716758,0.019716758,0.019716758,0.019716758,0.019716758,0.019716758,0.019716758,0.019716758,0.019716758,0.019716758,0.019716758,0.019716758,0.019716758,0.019716758,0.019716758,0.019716758,0.019716758,0.019716758,0.053595703,0.019716758,0.019716758,0.019716758,0.019716758,0.019716758,0.019716758,0.019716758,0.019716758,0.019716758,0.019716758,0.019716758,0.019716758,0.019716758
0.019716758,0.019716758,0.019716758,0.019716758,0.019716758,0.019716758,0.019716758,0.019716758,0.019716758,0.019716758,0.019716758,0.019716758,0.019716758,0.019716758,0.019716758,0.019716758,0.019716758,0.019716758,0.019716758,0.019716758,0.019716758,0.019716758,0.019716758,0.019716758,0.019716758,0.019716758,0.019716758,0.019716758,0.019716758,0.019716758,0.019716758,0.019716758,0.019716758,0.019716758,0.019716758,0.053595703,0.019716758,0.019716758,0.019716758,0.019716758,0.019716758,0.019716758,0.019716758,0.019716758,0.019716758,0.019716758,0.019716758,0.019716758,0.019716758
0.019716758,0.019716758,0.019716758,0.019716758,0.019716758,0.019716758,0.019716758,0.019716758,0.019716758,0.019716758,0.019716758,0.019716758,0.019716758,0.019716758,0.019716758,0.019716758,0.019716758,0.019716758,0.019716758,0.019716758,0.019716758,0.019716758,0.019716758,0.019716758,0.019716758,0.019716758,0.019716758,0.019716758,0.019716758,0.019716758,0.019716758,0.019716758,0.019716758,0.019716758,0.019716758,0.019716758,0.053595703,0.019716758,0.019716758,0.019716758,0.019716758,0.019716758,0.019716758,0.019716758,0.019716758,0.019716758,0.019716758,0.019716758,0.019716758
0.019716758,0.019716758,0.019716758,0.019716758,0.019716758,0.019716758,0.019716758,0.019716758,0.019716758,0.019716758,0.019716758,0.019716758,0.019716758,0.019716758,0.019716758,0.019716758,0.019716758,0.019716758,0.019716758,0.019716758,0.019716758,0.019716758,0.019716758,0.019716758,0.019716758,0.019716758,0.019716758,0.019716758,0.019716758,0.019716758,0.019716758,0.019716758,0.019716758,0.053595703,0.019716758,0.019716758,0.019716758,0.019716758,0.019716758,0.019716758,0.019716758,0.019716758,0.019716758,0.019716758,0.019716758,0.019716758,0.019716758,0.019716758,0.019716758
0.019716758,0.019716758,0.019716758,0.019716758,0.019716758,0.019716758,0.019716758,0.019716758,0.019716758,0.019716758,0.019716758,0.019716758,0.019716758,0.019716758,0.019716758,0.019716758,0.019716758,0.019716758,0.019716758,0.019716758,0.019716758,0.019716758,0.019716758,0.019716758,0.019716758,0.019716758,0.019716758,0.019716758,0.019716758,0.019716758,0.019716758,0.019716758,0.019716758,0.019716758,0.019716758,0.019716758,0.053595703,0.019716758,0.019716758,0.019716758,0.019716758,0.019716758,0.019716758,0.019716758,0.019716758,0.019716758,0.019716758,0.019716758,0.019716758
0.019716758,0.019716758,0.019716758,0.019716758,0.019716758,0.053595703,0.019716758,0.019716758,0.019716758,0.019716758,0.019716758,0.019716758,0.019716758,0.019716758,0.019716758,0.019716758,0.019716758,0.019716758,0.019716758,0.019716758,0.019716758,0.019716758,0.019716758,0.019716758,0.019716758,0.019716758,0.019716758,0.019716758,0.019716758,0.019716758,0.019716758,0.019716758,0.019716758,0.019716758,0.019716758,0.019716758,0.019716758,0.019716758,0.019716758,0.019716758,0.019716758,0.019716758,0.019716758,0.019716758,0.019716758,0.019716758,0.019716758,0.019716758,0.019716758
0.019716758,0.019716758,0.019716758,0.019716758,0.019716758,0.019716758,0.019716758,0.019716758,0.019716758,0.019716758,0.019716758,0.019716758,0.019716758,0.019716758,0.019716758,0.019716758,0.019716758,0.019716758,0.019716758,0.019716758,0.019716758,0.019716758,0.019716758,0.019716758,0.019716758,0.019716758,0.019716758,0.019716758,0.019716758,0.019716758,0.019716758,0.019716758,0.019716758,0.019716758,0.019716758,0.019716758,0.053595703,0.019716758,0.019716758,0.019716758,0.019716758,0.019716758,0.019716758,0.019716758,0.019716758,0.019716758,0.019716758,0.019716758,0.019716758
0.019716758,0.019716758,0.019716758,0.019716758,0.019716758,0.019716758,0.019716758,0.019716758,0.019716758,0.019716758,0.019716758,0.019716758,0.019716758,0.019716758,0.019716758,0.019716758,0.019716758,0.053595703,0.019716758,0.019716758,0.019716758,0.019716758,0.019716758,0.019716758,0.019716758,0.019716758,0.019716758,0.019716758,0.019716758,0.019716758,0.019716758,0.019716758,0.019716758,0.019716758,0.019716758,0.019716758,0.019716758,0.019716758,0.019716758,0.019716758,0.019716758,0.019716758,0.019716758,0.019716758,0.019716758,0.019716758,0.019716758,0.019716758,0.019716758
0.019716758,0.019716758,0.019716758,0.019716758,0.019716758,0.019716758,0.019716758,0.019716758,0.019716758,0.019716758,0.019716758,0.019716758,0.019716758,0.019716758,0.019716758,0.019716758,0.019716758,0.019716758,0.019716758,0.019716758,0.019716758,0.019716758,0.019716758,0.019716758,0.019716758,0.019716758,0.019716758,0.019716758,0.019716758,0.019716758,0.019716758,0.019716758,0.019716758,0.019716758,0.019716758,0.019716758,0.053595703,0.019716758,0.019716758,0.019716758,0.019716758,0.019716758,0.019716758,0.019716758,0.019716758,0.019716758,0.019716758,0.019716758,0.019716758
0.019716758,0.019716758,0.019716758,0.019716758,0.019716758,0.019716758,0.019716758,0.019716758,0.019716758,0.019716758,0.019716758,0.019716758,0.019716758,0.019716758,0.019716758,0.053595707,0.019716758,0.019716758,0.019716758,0.019716758,0.019716758,0.019716758,0.019716758,0.019716758,0.019716758,0.019716758,0.019716758,0.019716758,0.019716758,0.019716758,0.019716758,0.019716758,0.019716758,0.019716758,0.019716758,0.019716758,0.019716758,0.019716758,0.019716758,0.019716758,0.019716758,0.019716758,0.019716758,0.019716758,0.019716758,0.019716758,0.019716758,0.019716758,0.019716758
0.019716758,0.019716758,0.019716758,0.019716758,0.019716758,0.019716758,0.019716758,0.019716758,0.019716758,0.019716758,0.019716758,0.019716758,0.019716758,0.019716758,0.019716758,0.019716758,0.019716758,0.019716758,0.019716758,0.019716758,0.019716758,0.019716758,0.019716758,0.019716758,0.019716758,0.019716758,0.019716758,0.019716758,0.019716758,0.019716758,0.019716758,0.019716758,0.019716758,0.053595703,0.019716758,0.019716758,0.019716758,0.019716758,0.019716758,0.019716758,0.019716758,0.019716758,0.019716758,0.019716758,0.019716758,0.019716758,0.019716758,0.019716758,0.019716758
0.019716758,0.019716758,0.019716758,0.019716758,0.019716758,0.019716758,0.019716758,0.019716758,0.019716758,0.019716758,0.019716758,0.019716758,0.019716758,0.019716758,0.019716758,0.019716758,0.019716758,0.019716758,0.019716758,0.019716758,0.019716758,0.019716758,0.019716758,0.019716758,0.019716758,0.019716758,0.019716758,0.019716758,0.019716758,0.019716758,0.019716758,0.019716758,0.019716758,0.019716758,0.019716758,0.019716758,0.053595703,0.019716758,0.019716758,0.019716758,0.019716758,0.019716758,0.019716758,0.019716758,0.019716758,0.019716758,0.019716758,0.019716758,0.019716758
0.019716758,0.019716758,0.019716758,0.019716758,0.019716758,0.019716758,0.019716758,0.019716758,0.019716758,0.019716758,0.019716758,0.019716758,0.019716758,0.019716758,0.019716758,0.019716758,0.019716758,0.019716758,0.019716758,0.019716758,0.019716758,0.019716758,0.019716758,0.019716758,0.019716758,0.019716758,0.019716758,0.019716758,0.019716758,0.019716758,0.019716758,0.053595707,0.019716758,0.019716758,0.019716758,0.019716758,0.019716758,0.019716758,0.019716758,0.019716758,0.019716758,0.019716758,0.019716758,0.019716758,0.019716758,0.019716758,0.019716758,0.019716758,0.019716758
0.019716758,0.019716758,0.019716758,0.019716758,0.019716758,0.019716758,0.019716758,0.019716758,0.019716758,0.019716758,0.019716758,0.019716758,0.019716758,0.019716758,0.019716758,0.019716758,0.019716758,0.019716758,0.019716758,0.019716758,0.019716758,0.019716758,0.019716758,0.019716758,0.019716758,0.019716758,0.019716758,0.019716758,0.019716758,0.019716758,0.019716758,0.019716758,0.019716758,0.019716758,0.019716758,0.019716758,0.019716758,0.053595703,0.019716758,0.019716758,0.019716758,0.019716758,0.019716758,0.019716758,0.019716758,0.019716758,0.019716758,0.019716758,0.019716758
0.019716758,0.019716758,0.019716758,0.019716758,0.019716758,0.019716758,0.019716758,0.019716758,0.019716758,0.019716758,0.019716758,0.019716758,0.019716758,0.019716758,0.019716758,0.019716758,0.019716758,0.019716758,0.019716758,0.019716758,0.019716758,0.019716758,0.019716758,0.019716758,0.019716758,0.019716758,0.019716758,0.019716758,0.019716758,0.019716758,0.019716758,0.019716758,0.019716758,0.019716758,0.019716758,0.019716758,0.019716758,0.053595703,0.019716758,0.019716758,0.019716758,0.019716758,0.019716758,0.019716758,0.019716758,0.019716758,0.019716758,0.019716758,0.019716758
0.019716758,0.019716758,0.019716758,0.019716758,0.019716758,0.019716758,0.019716758,0.019716758,0.019716758,0.019716758,0.019716758,0.019716758,0.019716758,0.019716758,0.019716758,0.019716758,0.019716758,0.019716758,0.019716758,0.019716758,0.019716758,0.019716758,0.019716758,0.019716758,0.019716758,0.019716758,0.019716758,0.019716758,0.019716758,0.019716758,0.019716758,0.019716758,0.019716758,0.019716758,0.019716758,0.019716758,0.019716758,0.053595703,0.019716758,0.019716758,0.019716758,0.019716758,0.019716758,0.019716758,0.019716758,0.019716758,0.019716758,0.019716758,0.019716758
0.019716758,0.019716758,0.019716758,0.019716758,0.019716758,0.019716758,0.019716758,0.019716758,0.019716758,0.019716758,0.019716758,0.019716758,0.019716758,0.019716758,0.019716758,0.019716758,0.019716758,0.019716758,0.019716758,0.019716758,0.019716758,0.019716758,0.019716758,0.019716758,0.019716758,0.019716758,0.019716758,0.019716758,0.019716758,0.019716758,0.019716758,0.019716758,0.019716758,0.019716758,0.019716758,0.019716758,0.019716758,0.053595703,0.019716758,0.019716758,0.019716758,0.019716758,0.019716758,0.019716758,0.019716758,0.019716758,0.019716758,0.019716758,0.019716758
0.019716758,0.019716758,0.019716758,0.019716758,0.019716758,0.019716758,0.019716758,0.019716758,0.019716758,0.019716758,0.019716758,0.019716758,0.019716758,0.019716758,0.019716758,0.019716758,0.019716758,0.019716758,0.019716758,0.019716758,0.019716758,0.019716758,0.019716758,0.019716758,0.019716758,0.019716758,0.019716758,0.019716758,0.019716758,0.019716758,0.019716758,0.019716758,0.019716758,0.019716758,0.019716758,0.019716758,0.019716758,0.053595703,0.019716758,0.019716758,0.019716758,0.019716758,0.019716758,0.019716758,0.019716758,0.019716758,0.019716758,0.019716758,0.019716758
0.019716758,0.019716758,0.019716758,0.019716758,0.019716758,0.019716758,0.019716758,0.019716758,0.019716758,0.019716758,0.019716758,0.019716758,0.019716758,0.019716758,0.019716758,0.019716758,0.019716758,0.019716758,0.019716758,0.019716758,0.019716758,0.019716758,0.019716758,0.019716758,0.019716758,0.019716758,0.019716758,0.019716758,0.019716758,0.019716758,0.019716758,0.019716758,0.019716758,0.019716758,0.019716758,0.019716758,0.019716758,0.053595703,0.019716758,0.019716758,0.019716758,0.019716758,0.019716758,0.019716758,0.019716758,0.019716758,0.019716758,0.019716758,0.019716758
0.019716758,0.019716758,0.019716758,0.019716758,0.019716758,0.019716758,0.019716758,0.019716758,0.019716758,0.019716758,0.019716758,0.019716758,0.019716758,0.019716758,0.019716758,0.019716758,0.019716758,0.019716758,0.019716758,0.019716758,0.019716758,0.019716758,0.019716758,0.019716758,0.019716758,0.019716758,0.019716758,0.019716758,0.019716758,0.019716758,0.019716758,0.019716758,0.019716758,0.019716758,0.019716758,0.019716758,0.019716758,0.053595703,0.019716758,0.019716758,0.019716758,0.019716758,0.019716758,0.019716758,0.019716758,0.019716758,0.019716758,0.019716758,0.019716758
0.019716758,0.019716758,0.019716758,0.019716758,0.019716758,0.019716758,0.019716758,0.019716758,0.019716758,0.019716758,0.019716758,0.019716758,0.019716758,0.019716758,0.019716758,0.019716758,0.019716758,0.019716758,0.019716758,0.019716758,0.019716758,0.019716758,0.019716758,0.019716758,0.019716758,0.019716758,0.019716758,0.019716758,0.019716758,0.019716758,0.019716758,0.019716758,0.019716758,0.019716758,0.019716758,0.019716758,0.019716758,0.053595703,0.019716758,0.019716758,0.019716758,0.019716758,0.019716758,0.019716758,0.019716758,0.019716758,0.019716758,0.019716758,0.019716758
0.019716758,0.019716758,0.019716758,0.019716758,0.019716758,0.019716758,0.019716758,0.019716758,0.019716758,0.019716758,0.019716758,0.019716758,0.019716758,0.019716758,0.019716758,0.019716758,0.019716758,0.019716758,0.019716758,0.019716758,0.019716758,0.019716758,0.019716758,0.019716758,0.019716758,0.019716758,0.019716758,0.019716758,0.019716758,0.019716758,0.019716758,0.019716758,0.019716758,0.019716758,0.019716758,0.019716758,0.019716758,0.053595703,0.019716758,0.019716758,0.019716758,0.019716758,0.019716758,0.019716758,0.019716758,0.019716758,0.019716758,0.019716758,0.019716758
0.019716758,0.019716758,0.019716758,0.019716758,0.019716758,0.019716758,0.019716758,0.019716758,0.019716758,0.019716758,0.019716758,0.019716758,0.019716758,0.019716758,0.019716758,0.019716758,0.019716758,0.019716758,0.019716758,0.019716758,0.019716758,0.019716758,0.019716758,0.019716758,0.019716758,0.019716758,0.019716758,0.019716758,0.019716758,0.019716758,0.019716758,0.019716758,0.019716758,0.019716758,0.019716758,0.019716758,0.019716758,0.019716758,0.019716758,0.019716758,0.019716758,0.019716758,0.019716758,0.019716758,0.019716758,0.019716758,0.019716758,0.019716758,0.053595703
0.019716758,0.019716758,0.053595703,0.019716758,0.019716758,0.019716758,0.019716758,0.019716758,0.019716758,0.019716758,0.019716758,0.019716758,0.019716758,0.019716758,0.019716758,0.019716758,0.019716758,0.019716758,0.019716758,0.019716758,0.019716758,0.019716758,0.019716758,0.019716758,0.019716758,0.019716758,0.019716758,0.019716758,0.019716758,0.019716758,0.019716758,0.019716758,0.019716758,0.019716758,0.019716758,0.019716758,0.019716758,0.019716758,0.019716758,0.019716758,0.019716758,0.019716758,0.019716758,0.019716758,0.019716758,0.019716758,0.019716758,0.019716758,0.019716758
0.019716758,0.019716758,0.019716758,0.019716758,0.019716758,0.019716758,0.019716758,0.019716758,0.019716758,0.019716758,0.019716758,0.019716758,0.019716758,0.019716758,0.019716758,0.019716758,0.019716758,0.019716758,0.019716758,0.019716758,0.019716758,0.019716758,0.019716758,0.019716758,0.019716758,0.019716758,0.019716758,0.019716758,0.019716758,0.019716758,0.019716758,0.019716758,0.019716758,0.019716758,0.019716758,0.019716758,0.019716758,0.019716758,0.053595703,0.019716758,0.019716758,0.019716758,0.019716758,0.019716758,0.019716758,0.019716758,0.019716758,0.019716758,0.019716758
0.019716758,0.019716758,0.053595703,0.019716758,0.019716758,0.019716758,0.019716758,0.019716758,0.019716758,0.019716758,0.019716758,0.019716758,0.019716758,0.019716758,0.019716758,0.019716758,0.019716758,0.019716758,0.019716758,0.019716758,0.019716758,0.019716758,0.019716758,0.019716758,0.019716758,0.019716758,0.019716758,0.019716758,0.019716758,0.019716758,0.019716758,0.019716758,0.019716758,0.019716758,0.019716758,0.019716758,0.019716758,0.019716758,0.019716758,0.019716758,0.019716758,0.019716758,0.019716758,0.019716758,0.019716758,0.019716758,0.019716758,0.019716758,0.019716758
0.019716758,0.019716758,0.019716758,0.019716758,0.019716758,0.019716758,0.019716758,0.019716758,0.019716758,0.019716758,0.019716758,0.019716758,0.019716758,0.019716758,0.019716758,0.019716758,0.019716758,0.019716758,0.019716758,0.019716758,0.019716758,0.019716758,0.019716758,0.019716758,0.019716758,0.019716758,0.019716758,0.019716758,0.019716758,0.019716758,0.019716758,0.019716758,0.019716758,0.019716758,0.019716758,0.019716758,0.019716758,0.019716758,0.053595703,0.019716758,0.019716758,0.019716758,0.019716758,0.019716758,0.019716758,0.019716758,0.019716758,0.019716758,0.019716758
0.019716758,0.019716758,0.019716758,0.019716758,0.019716758,0.019716758,0.019716758,0.019716758,0.019716758,0.019716758,0.019716758,0.019716758,0.019716758,0.019716758,0.019716758,0.019716758,0.019716758,0.019716758,0.019716758,0.019716758,0.019716758,0.019716758,0.019716758,0.019716758,0.019716758,0.019716758,0.019716758,0.019716758,0.019716758,0.019716758,0.019716758,0.019716758,0.019716758,0.019716758,0.019716758,0.019716758,0.019716758,0.019716758,0.053595703,0.019716758,0.019716758,0.019716758,0.019716758,0.019716758,0.019716758,0.019716758,0.019716758,0.019716758,0.019716758
0.019716758,0.019716758,0.019716758,0.019716758,0.019716758,0.019716758,0.019716758,0.019716758,0.019716758,0.019716758,0.019716758,0.019716758,0.019716758,0.019716758,0.019716758,0.019716758,0.019716758,0.019716758,0.019716758,0.019716758,0.019716758,0.019716758,0.019716758,0.019716758,0.019716758,0.019716758,0.019716758,0.019716758,0.019716758,0.019716758,0.019716758,0.019716758,0.019716758,0.019716758,0.019716758,0.019716758,0.019716758,0.019716758,0.019716758,0.019716758,0.019716758,0.019716758,0.019716758,0.019716758,0.019716758,0.019716758,0.019716758,0.019716758,0.053595703
0.019716758,0.019716758,0.019716758,0.019716758,0.019716758,0.019716758,0.019716758,0.019716758,0.019716758,0.019716758,0.019716758,0.019716758,0.019716758,0.019716758,0.019716758,0.019716758,0.019716758,0.019716758,0.019716758,0.019716758,0.019716758,0.019716758,0.019716758,0.019716758,0.019716758,0.019716758,0.019716758,0.019716758,0.019716758,0.019716758,0.019716758,0.019716758,0.019716758,0.019716758,0.019716758,0.019716758,0.019716758,0.019716758,0.019716758,0.019716758,0.019716758,0.019716758,0.019716758,0.019716758,0.019716758,0.019716758,0.019716758,0.019716758,0.053595703
0.019716758,0.019716758,0.019716758,0.019716758,0.019716758,0.019716758,0.019716758,0.019716758,0.019716758,0.019716758,0.019716758,0.019716758,0.019716758,0.019716758,0.019716758,0.019716758,0.053595703,0.019716758,0.019716758,0.019716758,0.019716758,0.019716758,0.019716758,0.019716758,0.019716758,0.019716758,0.019716758,0.019716758,0.019716758,0.019716758,0.019716758,0.019716758,0.019716758,0.019716758,0.019716758,0.019716758,0.019716758,0.019716758,0.019716758,0.019716758,0.019716758,0.019716758,0.019716758,0.019716758,0.019716758,0.019716758,0.019716758,0.019716758,0.019716758
0.019716758,0.019716758,0.019716758,0.019716758,0.019716758,0.019716758,0.019716758,0.019716758,0.019716758,0.019716758,0.019716758,0.019716758,0.019716758,0.019716758,0.019716758,0.019716758,0.019716758,0.019716758,0.019716758,0.019716758,0.019716758,0.019716758,0.019716758,0.019716758,0.019716758,0.019716758,0.019716758,0.019716758,0.019716758,0.019716758,0.053595703,0.019716758,0.019716758,0.019716758,0.019716758,0.019716758,0.019716758,0.019716758,0.019716758,0.019716758,0.019716758,0.019716758,0.019716758,0.019716758,0.019716758,0.019716758,0.019716758,0.019716758,0.019716758
0.019716758,0.019716758,0.019716758,0.019716758,0.019716758,0.019716758,0.019716758,0.019716758,0.019716758,0.019716758,0.019716758,0.019716758,0.019716758,0.019716758,0.019716758,0.019716758,0.019716758,0.019716758,0.019716758,0.019716758,0.019716758,0.019716758,0.019716758,0.019716758,0.019716758,0.019716758,0.019716758,0.019716758,0.019716758,0.019716758,0.019716758,0.019716758,0.019716758,0.019716758,0.019716758,0.019716758,0.019716758,0.019716758,0.019716758,0.053595707,0.019716758,0.019716758,0.019716758,0.019716758,0.019716758,0.019716758,0.019716758,0.019716758,0.019716758
0.019716758,0.019716758,0.019716758,0.019716758,0.019716758,0.019716758,0.019716758,0.019716758,0.019716758,0.019716758,0.019716758,0.019716758,0.019716758,0.019716758,0.019716758,0.019716758,0.019716758,0.019716758,0.019716758,0.019716758,0.019716758,0.019716758,0.019716758,0.019716758,0.019716758,0.019716758,0.019716758,0.019716758,0.019716758,0.019716758,0.019716758,0.019716758,0.019716758,0.019716758,0.019716758,0.019716758,0.019716758,0.019716758,0.019716758,0.053595707,0.019716758,0.019716758,0.019716758,0.019716758,0.019716758,0.019716758,0.019716758,0.019716758,0.019716758
0.019716758,0.019716758,0.019716758,0.019716758,0.019716758,0.019716758,0.019716758,0.019716758,0.019716758,0.019716758,0.019716758,0.019716758,0.019716758,0.019716758,0.019716758,0.019716758,0.019716758,0.019716758,0.019716758,0.019716758,0.019716758,0.019716758,0.019716758,0.019716758,0.019716758,0.019716758,0.019716758,0.019716758,0.019716758,0.019716758,0.019716758,0.019716758,0.019716758,0.019716758,0.019716758,0.019716758,0.019716758,0.019716758,0.019716758,0.019716758,0.019716758,0.019716758,0.019716758,0.053595703,0.019716758,0.019716758,0.019716758,0.019716758,0.019716758
0.019716758,0.019716758,0.019716758,0.019716758,0.019716758,0.019716758,0.019716758,0.019716758,0.019716758,0.019716758,0.019716758,0.019716758,0.019716758,0.019716758,0.019716758,0.019716758,0.019716758,0.019716758,0.019716758,0.019716758,0.019716758,0.019716758,0.019716758,0.019716758,0.019716758,0.019716758,0.019716758,0.019716758,0.019716758,0.019716758,0.019716758,0.019716758,0.019716758,0.019716758,0.053595703,0.019716758,0.019716758,0.019716758,0.019716758,0.019716758,0.019716758,0.019716758,0.019716758,0.019716758,0.019716758,0.019716758,0.019716758,0.019716758,0.019716758
0.019716758,0.019716758,0.019716758,0.019716758,0.019716758,0.019716758,0.019716758,0.019716758,0.019716758,0.019716758,0.019716758,0.019716758,0.019716758,0.019716758,0.019716758,0.019716758,0.019716758,0.019716758,0.019716758,0.019716758,0.019716758,0.019716758,0.019716758,0.019716758,0.019716758,0.019716758,0.019716758,0.019716758,0.019716758,0.019716758,0.019716758,0.019716758,0.019716758,0.019716758,0.019716758,0.019716758,0.019716758,0.019716758,0.019716758,0.053595707,0.019716758,0.019716758,0.019716758,0.019716758,0.019716758,0.019716758,0.019716758,0.019716758,0.019716758
0.019716758,0.019716758,0.019716758,0.019716758,0.019716758,0.019716758,0.019716758,0.019716758,0.019716758,0.019716758,0.019716758,0.019716758,0.019716758,0.019716758,0.019716758,0.019716758,0.019716758,0.019716758,0.019716758,0.019716758,0.019716758,0.019716758,0.019716758,0.019716758,0.019716758,0.019716758,0.019716758,0.019716758,0.019716758,0.019716758,0.019716758,0.019716758,0.019716758,0.019716758,0.019716758,0.019716758,0.019716758,0.019716758,0.019716758,0.053595707,0.019716758,0.019716758,0.019716758,0.019716758,0.019716758,0.019716758,0.019716758,0.019716758,0.019716758
0.019716758,0.019716758,0.019716758,0.019716758,0.019716758,0.019716758,0.019716758,0.019716758,0.019716758,0.019716758,0.019716758,0.019716758,0.019716758,0.019716758,0.019716758,0.019716758,0.019716758,0.019716758,0.019716758,0.019716758,0.019716758,0.019716758,0.019716758,0.019716758,0.019716758,0.019716758,0.019716758,0.019716758,0.019716758,0.019716758,0.019716758,0.019716758,0.019716758,0.019716758,0.019716758,0.019716758,0.019716758,0.019716758,0.019716758,0.053595707,0.019716758,0.019716758,0.019716758,0.019716758,0.019716758,0.019716758,0.019716758,0.019716758,0.019716758
0.019716758,0.019716758,0.019716758,0.019716758,0.019716758,0.019716758,0.019716758,0.019716758,0.019716758,0.019716758,0.019716758,0.019716758,0.019716758,0.019716758,0.019716758,0.019716758,0.019716758,0.019716758,0.019716758,0.019716758,0.019716758,0.019716758,0.019716758,0.019716758,0.019716758,0.019716758,0.019716758,0.019716758,0.019716758,0.019716758,0.019716758,0.019716758,0.019716758,0.019716758,0.019716758,0.019716758,0.019716758,0.019716758,0.019716758,0.019716758,0.019716758,0.019716758,0.019716758,0.053595703,0.019716758,0.019716758,0.019716758,0.019716758,0.019716758
0.019716758,0.019716758,0.019716758,0.019716758,0.019716758,0.053595703,0.019716758,0.019716758,0.019716758,0.019716758,0.019716758,0.019716758,0.019716758,0.019716758,0.019716758,0.019716758,0.019716758,0.019716758,0.019716758,0.019716758,0.019716758,0.019716758,0.019716758,0.019716758,0.019716758,0.019716758,0.019716758,0.019716758,0.019716758,0.019716758,0.019716758,0.019716758,0.019716758,0.019716758,0.019716758,0.019716758,0.019716758,0.019716758,0.019716758,0.019716758,0.019716758,0.019716758,0.019716758,0.019716758,0.019716758,0.019716758,0.019716758,0.019716758,0.019716758
0.019716758,0.019716758,0.019716758,0.019716758,0.019716758,0.019716758,0.019716758,0.019716758,0.019716758,0.019716758,0.019716758,0.019716758,0.019716758,0.019716758,0.019716758,0.019716758,0.053595703,0.019716758,0.019716758,0.019716758,0.019716758,0.019716758,0.019716758,0.019716758,0.019716758,0.019716758,0.019716758,0.019716758,0.019716758,0.019716758,0.019716758,0.019716758,0.019716758,0.019716758,0.019716758,0.019716758,0.019716758,0.019716758,0.019716758,0.019716758,0.019716758,0.019716758,0.019716758,0.019716758,0.019716758,0.019716758,0.019716758,0.019716758,0.019716758
0.019716758,0.019716758,0.019716758,0.019716758,0.019716758,0.053595703,0.019716758,0.019716758,0.019716758,0.019716758,0.019716758,0.019716758,0.019716758,0.019716758,0.019716758,0.019716758,0.019716758,0.019716758,0.019716758,0.019716758,0.019716758,0.019716758,0.019716758,0.019716758,0.019716758,0.019716758,0.019716758,0.019716758,0.019716758,0.019716758,0.019716758,0.019716758,0.019716758,0.019716758,0.019716758,0.019716758,0.019716758,0.019716758,0.019716758,0.019716758,0.019716758,0.019716758,0.019716758,0.019716758,0.019716758,0.019716758,0.019716758,0.019716758,0.019716758
0.019716758,0.019716758,0.019716758,0.019716758,0.019716758,0.019716758,0.019716758,0.019716758,0.019716758,0.019716758,0.019716758,0.019716758,0.019716758,0.019716758,0.019716758,0.019716758,0.019716758,0.019716758,0.019716758,0.019716758,0.019716758,0.019716758,0.019716758,0.019716758,0.019716758,0.053595703,0.019716758,0.019716758,0.019716758,0.019716758,0.019716758,0.019716758,0.019716758,0.019716758,0.019716758,0.019716758,0.019716758,0.019716758,0.019716758,0.019716758,0.019716758,0.019716758,0.019716758,0.019716758,0.019716758,0.019716758,0.019716758,0.019716758,0.019716758
0.019716758,0.019716758,0.019716758,0.019716758,0.019716758,0.019716758,0.019716758,0.019716758,0.019716758,0.019716758,0.019716758,0.019716758,0.019716758,0.019716758,0.019716758,0.019716758,0.019716758,0.019716758,0.019716758,0.019716758,0.019716758,0.019716758,0.019716758,0.019716758,0.019716758,0.019716758,0.019716758,0.019716758,0.019716758,0.019716758,0.019716758,0.019716758,0.019716758,0.019716758,0.019716758,0.019716758,0.019716758,0.019716758,0.019716758,0.019716758,0.053595703,0.019716758,0.019716758,0.019716758,0.019716758,0.019716758,0.019716758,0.019716758,0.019716758
0.019716758,0.019716758,0.019716758,0.019716758,0.019716758,0.019716758,0.019716758,0.019716758,0.019716758,0.019716758,0.019716758,0.019716758,0.019716758,0.019716758,0.019716758,0.019716758,0.019716758,0.019716758,0.019716758,0.019716758,0.019716758,0.019716758,0.019716758,0.019716758,0.019716758,0.019716758,0.019716758,0.019716758,0.019716758,0.019716758,0.019716758,0.019716758,0.019716758,0.019716758,0.019716758,0.019716758,0.019716758,0.019716758,0.019716758,0.053595707,0.019716758,0.019716758,0.019716758,0.019716758,0.019716758,0.019716758,0.019716758,0.019716758,0.019716758
0.019716758,0.019716758,0.019716758,0.019716758,0.019716758,0.019716758,0.019716758,0.019716758,0.019716758,0.019716758,0.019716758,0.019716758,0.019716758,0.019716758,0.019716758,0.019716758,0.019716758,0.019716758,0.019716758,0.019716758,0.053595703,0.019716758,0.019716758,0.019716758,0.019716758,0.019716758,0.019716758,0.019716758,0.019716758,0.019716758,0.019716758,0.019716758,0.019716758,0.019716758,0.019716758,0.019716758,0.019716758,0.019716758,0.019716758,0.019716758,0.019716758,0.019716758,0.019716758,0.019716758,0.019716758,0.019716758,0.019716758,0.019716758,0.019716758
0.019716758,0.019716758,0.019716758,0.019716758,0.019716758,0.053595703,0.019716758,0.019716758,0.019716758,0.019716758,0.019716758,0.019716758,0.019716758,0.019716758,0.019716758,0.019716758,0.019716758,0.019716758,0.019716758,0.019716758,0.019716758,0.019716758,0.019716758,0.019716758,0.019716758,0.019716758,0.019716758,0.019716758,0.019716758,0.019716758,0.019716758,0.019716758,0.019716758,0.019716758,0.019716758,0.019716758,0.019716758,0.019716758,0.019716758,0.019716758,0.019716758,0.019716758,0.019716758,0.019716758,0.019716758,0.019716758,0.019716758,0.019716758,0.019716758
0.019716758,0.019716758,0.019716758,0.019716758,0.019716758,0.019716758,0.019716758,0.019716758,0.019716758,0.019716758,0.019716758,0.019716758,0.019716758,0.019716758,0.019716758,0.019716758,0.019716758,0.019716758,0.019716758,0.019716758,0.019716758,0.019716758,0.019716758,0.019716758,0.019716758,0.019716758,0.019716758,0.019716758,0.019716758,0.019716758,0.019716758,0.019716758,0.019716758,0.019716758,0.019716758,0.019716758,0.019716758,0.019716758,0.019716758,0.019716758,0.053595703,0.019716758,0.019716758,0.019716758,0.019716758,0.019716758,0.019716758,0.019716758,0.019716758
0.019716758,0.019716758,0.019716758,0.019716758,0.019716758,0.019716758,0.019716758,0.019716758,0.019716758,0.019716758,0.019716758,0.019716758,0.019716758,0.019716758,0.019716758,0.019716758,0.019716758,0.019716758,0.019716758,0.019716758,0.019716758,0.019716758,0.019716758,0.019716758,0.019716758,0.019716758,0.019716758,0.019716758,0.019716758,0.019716758,0.019716758,0.019716758,0.019716758,0.019716758,0.019716758,0.019716758,0.019716758,0.019716758,0.019716758,0.019716758,0.019716758,0.019716758,0.019716758,0.019716758,0.019716758,0.019716758,0.053595703,0.019716758,0.019716758
0.019716758,0.019716758,0.019716758,0.019716758,0.019716758,0.019716758,0.019716758,0.019716758,0.019716758,0.019716758,0.019716758,0.019716758,0.019716758,0.019716758,0.019716758,0.019716758,0.019716758,0.019716758,0.019716758,0.019716758,0.019716758,0.019716758,0.019716758,0.019716758,0.019716758,0.019716758,0.019716758,0.019716758,0.019716758,0.019716758,0.019716758,0.019716758,0.019716758,0.019716758,0.019716758,0.019716758,0.019716758,0.019716758,0.019716758,0.019716758,0.053595703,0.019716758,0.019716758,0.019716758,0.019716758,0.019716758,0.019716758,0.019716758,0.019716758
0.019716758,0.019716758,0.019716758,0.019716758,0.019716758,0.019716758,0.019716758,0.019716758,0.019716758,0.019716758,0.019716758,0.019716758,0.019716758,0.019716758,0.019716758,0.019716758,0.019716758,0.019716758,0.019716758,0.019716758,0.019716758,0.019716758,0.019716758,0.019716758,0.019716758,0.019716758,0.019716758,0.019716758,0.019716758,0.019716758,0.019716758,0.019716758,0.019716758,0.019716758,0.019716758,0.019716758,0.019716758,0.019716758,0.019716758,0.019716758,0.053595703,0.019716758,0.019716758,0.019716758,0.019716758,0.019716758,0.019716758,0.019716758,0.019716758
0.019716758,0.019716758,0.019716758,0.019716758,0.053595703,0.019716758,0.019716758,0.019716758,0.019716758,0.019716758,0.019716758,0.019716758,0.019716758,0.019716758,0.019716758,0.019716758,0.019716758,0.019716758,0.019716758,0.019716758,0.019716758,0.019716758,0.019716758,0.019716758,0.019716758,0.019716758,0.019716758,0.019716758,0.019716758,0.019716758,0.019716758,0.019716758,0.019716758,0.019716758,0.019716758,0.019716758,0.019716758,0.019716758,0.019716758,0.019716758,0.019716758,0.019716758,0.019716758,0.019716758,0.019716758,0.019716758,0.019716758,0.019716758,0.019716758
0.019716758,0.019716758,0.019716758,0.019716758,0.019716758,0.019716758,0.019716758,0.019716758,0.019716758,0.019716758,0.019716758,0.019716758,0.019716758,0.019716758,0.019716758,0.019716758,0.019716758,0.019716758,0.019716758,0.019716758,0.019716758,0.019716758,0.019716758,0.019716758,0.019716758,0.019716758,0.019716758,0.019716758,0.019716758,0.019716758,0.019716758,0.019716758,0.019716758,0.019716758,0.019716758,0.019716758,0.019716758,0.019716758,0.019716758,0.019716758,0.019716758,0.053595703,0.019716758,0.019716758,0.019716758,0.019716758,0.019716758,0.019716758,0.019716758
0.019716758,0.019716758,0.019716758,0.019716758,0.019716758,0.053595703,0.019716758,0.019716758,0.019716758,0.019716758,0.019716758,0.019716758,0.019716758,0.019716758,0.019716758,0.019716758,0.019716758,0.019716758,0.019716758,0.019716758,0.019716758,0.019716758,0.019716758,0.019716758,0.019716758,0.019716758,0.019716758,0.019716758,0.019716758,0.019716758,0.019716758,0.019716758,0.019716758,0.019716758,0.019716758,0.019716758,0.019716758,0.019716758,0.019716758,0.019716758,0.019716758,0.019716758,0.019716758,0.019716758,0.019716758,0.019716758,0.019716758,0.019716758,0.019716758
0.019716758,0.019716758,0.019716758,0.019716758,0.019716758,0.019716758,0.019716758,0.019716758,0.019716758,0.019716758,0.019716758,0.019716758,0.019716758,0.019716758,0.019716758,0.019716758,0.019716758,0.019716758,0.019716758,0.019716758,0.019716758,0.019716758,0.019716758,0.053595707,0.019716758,0.019716758,0.019716758,0.019716758,0.019716758,0.019716758,0.019716758,0.019716758,0.019716758,0.019716758,0.019716758,0.019716758,0.019716758,0.019716758,0.019716758,0.019716758,0.019716758,0.019716758,0.019716758,0.019716758,0.019716758,0.019716758,0.019716758,0.019716758,0.019716758
0.019716758,0.019716758,0.019716758,0.019716758,0.019716758,0.019716758,0.019716758,0.019716758,0.019716758,0.019716758,0.019716758,0.019716758,0.019716758,0.019716758,0.019716758,0.019716758,0.019716758,0.019716758,0.019716758,0.019716758,0.019716758,0.019716758,0.019716758,0.019716758,0.019716758,0.019716758,0.019716758,0.019716758,0.019716758,0.019716758,0.019716758,0.019716758,0.019716758,0.019716758,0.019716758,0.019716758,0.019716758,0.019716758,0.019716758,0.019716758,0.019716758,0.053595703,0.019716758,0.019716758,0.019716758,0.019716758,0.019716758,0.019716758,0.019716758
0.019716758,0.019716758,0.019716758,0.019716758,0.019716758,0.019716758,0.053595703,0.019716758,0.019716758,0.019716758,0.019716758,0.019716758,0.019716758,0.019716758,0.019716758,0.019716758,0.019716758,0.019716758,0.019716758,0.019716758,0.019716758,0.019716758,0.019716758,0.019716758,0.019716758,0.019716758,0.019716758,0.019716758,0.019716758,0.019716758,0.019716758,0.019716758,0.019716758,0.019716758,0.019716758,0.019716758,0.019716758,0.019716758,0.019716758,0.019716758,0.019716758,0.019716758,0.019716758,0.019716758,0.019716758,0.019716758,0.019716758,0.019716758,0.019716758
0.019716758,0.019716758,0.019716758,0.019716758,0.019716758,0.019716758,0.019716758,0.019716758,0.019716758,0.019716758,0.019716758,0.019716758,0.019716758,0.019716758,0.019716758,0.019716758,0.019716758,0.019716758,0.019716758,0.019716758,0.019716758,0.019716758,0.019716758,0.019716758,0.019716758,0.019716758,0.019716758,0.019716758,0.019716758,0.019716758,0.019716758,0.019716758,0.019716758,0.019716758,0.019716758,0.019716758,0.019716758,0.019716758,0.019716758,0.019716758,0.019716758,0.053595703,0.019716758,0.019716758,0.019716758,0.019716758,0.019716758,0.019716758,0.019716758
0.019716758,0.019716758,0.019716758,0.019716758,0.019716758,0.019716758,0.019716758,0.019716758,0.019716758,0.019716758,0.019716758,0.019716758,0.019716758,0.019716758,0.019716758,0.019716758,0.019716758,0.019716758,0.019716758,0.019716758,0.019716758,0.019716758,0.019716758,0.019716758,0.019716758,0.019716758,0.019716758,0.019716758,0.019716758,0.019716758,0.019716758,0.019716758,0.019716758,0.019716758,0.019716758,0.019716758,0.019716758,0.019716758,0.019716758,0.019716758,0.019716758,0.019716758,0.019716758,0.019716758,0.019716758,0.019716758,0.019716758,0.019716758,0.053595703
0.019716758,0.019716758,0.019716758,0.019716758,0.019716758,0.019716758,0.019716758,0.019716758,0.019716758,0.019716758,0.019716758,0.019716758,0.019716758,0.019716758,0.019716758,0.019716758,0.019716758,0.019716758,0.019716758,0.019716758,0.019716758,0.019716758,0.019716758,0.019716758,0.019716758,0.019716758,0.019716758,0.019716758,0.019716758,0.019716758,0.019716758,0.019716758,0.019716758,0.019716758,0.019716758,0.019716758,0.019716758,0.019716758,0.019716758,0.019716758,0.019716758,0.053595703,0.019716758,0.019716758,0.019716758,0.019716758,0.019716758,0.019716758,0.019716758
0.019716758,0.019716758,0.019716758,0.019716758,0.019716758,0.019716758,0.019716758,0.019716758,0.019716758,0.019716758,0.019716758,0.019716758,0.019716758,0.019716758,0.019716758,0.019716758,0.019716758,0.019716758,0.019716758,0.019716758,0.019716758,0.019716758,0.019716758,0.019716758,0.019716758,0.019716758,0.019716758,0.019716758,0.019716758,0.019716758,0.019716758,0.019716758,0.019716758,0.019716758,0.019716758,0.019716758,0.019716758,0.019716758,0.019716758,0.019716758,0.019716758,0.053595703,0.019716758,0.019716758,0.019716758,0.019716758,0.019716758,0.019716758,0.019716758
0.019716758,0.019716758,0.019716758,0.019716758,0.019716758,0.019716758,0.019716758,0.019716758,0.019716758,0.019716758,0.019716758,0.019716758,0.019716758,0.019716758,0.019716758,0.019716758,0.019716758,0.053595703,0.019716758,0.019716758,0.019716758,0.019716758,0.019716758,0.019716758,0.019716758,0.019716758,0.019716758,0.019716758,0.019716758,0.019716758,0.019716758,0.019716758,0.019716758,0.019716758,0.019716758,0.019716758,0.019716758,0.019716758,0.019716758,0.019716758,0.019716758,0.019716758,0.019716758,0.019716758,0.019716758,0.019716758,0.019716758,0.019716758,0.019716758
0.019716758,0.019716758,0.019716758,0.019716758,0.019716758,0.019716758,0.019716758,0.019716758,0.019716758,0.019716758,0.019716758,0.019716758,0.019716758,0.019716758,0.019716758,0.019716758,0.019716758,0.053595703,0.019716758,0.019716758,0.019716758,0.019716758,0.019716758,0.019716758,0.019716758,0.019716758,0.019716758,0.019716758,0.019716758,0.019716758,0.019716758,0.019716758,0.019716758,0.019716758,0.019716758,0.019716758,0.019716758,0.019716758,0.019716758,0.019716758,0.019716758,0.019716758,0.019716758,0.019716758,0.019716758,0.019716758,0.019716758,0.019716758,0.019716758
0.019716758,0.019716758,0.019716758,0.019716758,0.019716758,0.019716758,0.019716758,0.019716758,0.019716758,0.019716758,0.019716758,0.019716758,0.019716758,0.019716758,0.019716758,0.019716758,0.019716758,0.019716758,0.019716758,0.019716758,0.019716758,0.019716758,0.019716758,0.019716758,0.019716758,0.019716758,0.019716758,0.019716758,0.019716758,0.019716758,0.019716758,0.019716758,0.019716758,0.019716758,0.019716758,0.019716758,0.019716758,0.019716758,0.019716758,0.019716758,0.019716758,0.019716758,0.053595703,0.019716758,0.019716758,0.019716758,0.019716758,0.019716758,0.019716758
0.019716758,0.019716758,0.019716758,0.019716758,0.019716758,0.053595703,0.019716758,0.019716758,0.019716758,0.019716758,0.019716758,0.019716758,0.019716758,0.019716758,0.019716758,0.019716758,0.019716758,0.019716758,0.019716758,0.019716758,0.019716758,0.019716758,0.019716758,0.019716758,0.019716758,0.019716758,0.019716758,0.019716758,0.019716758,0.019716758,0.019716758,0.019716758,0.019716758,0.019716758,0.019716758,0.019716758,0.019716758,0.019716758,0.019716758,0.019716758,0.019716758,0.019716758,0.019716758,0.019716758,0.019716758,0.019716758,0.019716758,0.019716758,0.019716758
0.019880703,0.019880703,0.019880703,0.019880703,0.019880703,0.019880705,0.019880703,0.019880703,0.019880703,0.019880703,0.019880703,0.019880703,0.019880703,0.019880703,0.019880703,0.019880703,0.019880703,0.019880703,0.019880703,0.019880703,0.019880703,0.019880703,0.019880703,0.019880703,0.019880703,0.019880703,0.019880703,0.019880703,0.019880703,0.019880703,0.019880703,0.019880703,0.019880703,0.019880703,0.019880703,0.019880703,0.019880703,0.019880703,0.019880703,0.019880703,0.019880703,0.03410143,0.031505425,0.019880703,0.019880703,0.019880703,0.019880703,0.019880703,0.019880703
0.019716758,0.019716758,0.019716758,0.019716758,0.019716758,0.019716758,0.019716758,0.019716758,0.019716758,0.019716758,0.019716758,0.019716758,0.019716758,0.019716758,0.019716758,0.019716758,0.019716758,0.019716758,0.019716758,0.019716758,0.019716758,0.019716758,0.019716758,0.019716758,0.019716758,0.019716758,0.019716758,0.019716758,0.019716758,0.019716758,0.019716758,0.019716758,0.019716758,0.019716758,0.019716758,0.019716758,0.019716758,0.019716758,0.019716758,0.019716758,0.019716758,0.019716758,0.053595703,0.019716758,0.019716758,0.019716758,0.019716758,0.019716758,0.019716758
0.019716758,0.019716758,0.019716758,0.019716758,0.019716758,0.019716758,0.019716758,0.019716758,0.019716758,0.019716758,0.019716758,0.019716758,0.019716758,0.019716758,0.019716758,0.019716758,0.019716758,0.019716758,0.019716758,0.019716758,0.019716758,0.019716758,0.019716758,0.019716758,0.019716758,0.019716758,0.019716758,0.019716758,0.019716758,0.019716758,0.019716758,0.019716758,0.019716758,0.019716758,0.019716758,0.019716758,0.019716758,0.019716758,0.019716758,0.019716758,0.019716758,0.019716758,0.053595703,0.019716758,0.019716758,0.019716758,0.019716758,0.019716758,0.019716758
0.019716758,0.019716758,0.019716758,0.019716758,0.019716758,0.019716758,0.019716758,0.019716758,0.019716758,0.019716758,0.019716758,0.019716758,0.019716758,0.019716758,0.019716758,0.019716758,0.019716758,0.019716758,0.019716758,0.019716758,0.019716758,0.019716758,0.019716758,0.019716758,0.019716758,0.019716758,0.019716758,0.019716758,0.019716758,0.019716758,0.019716758,0.019716758,0.019716758,0.019716758,0.019716758,0.019716758,0.019716758,0.019716758,0.019716758,0.019716758,0.019716758,0.019716758,0.053595703,0.019716758,0.019716758,0.019716758,0.019716758,0.019716758,0.019716758
0.019716758,0.019716758,0.019716758,0.019716758,0.019716758,0.019716758,0.019716758,0.019716758,0.019716758,0.019716758,0.019716758,0.019716758,0.019716758,0.019716758,0.019716758,0.019716758,0.019716758,0.019716758,0.019716758,0.019716758,0.019716758,0.019716758,0.019716758,0.019716758,0.019716758,0.019716758,0.019716758,0.019716758,0.019716758,0.019716758,0.019716758,0.019716758,0.019716758,0.019716758,0.019716758,0.019716758,0.019716758,0.019716758,0.019716758,0.019716758,0.019716758,0.019716758,0.053595703,0.019716758,0.019716758,0.019716758,0.019716758,0.019716758,0.019716758
0.019716758,0.019716758,0.019716758,0.019716758,0.019716758,0.019716758,0.019716758,0.019716758,0.019716758,0.019716758,0.019716758,0.019716758,0.019716758,0.019716758,0.019716758,0.019716758,0.019716758,0.019716758,0.019716758,0.019716758,0.019716758,0.019716758,0.019716758,0.019716758,0.019716758,0.019716758,0.019716758,0.019716758,0.019716758,0.019716758,0.019716758,0.019716758,0.019716758,0.019716758,0.019716758,0.019716758,0.019716758,0.019716758,0.019716758,0.019716758,0.019716758,0.019716758,0.053595703,0.019716758,0.019716758,0.019716758,0.019716758,0.019716758,0.019716758
0.019716758,0.019716758,0.019716758,0.019716758,0.019716758,0.019716758,0.019716758,0.019716758,0.019716758,0.019716758,0.019716758,0.019716758,0.019716758,0.019716758,0.019716758,0.019716758,0.019716758,0.019716758,0.019716758,0.019716758,0.019716758,0.019716758,0.019716758,0.019716758,0.019716758,0.019716758,0.019716758,0.019716758,0.019716758,0.019716758,0.019716758,0.019716758,0.019716758,0.019716758,0.019716758,0.019716758,0.019716758,0.019716758,0.019716758,0.019716758,0.019716758,0.019716758,0.019716758,0.053595703,0.019716758,0.019716758,0.019716758,0.019716758,0.019716758
0.019716758,0.019716758,0.019716758,0.019716758,0.019716758,0.019716758,0.019716758,0.019716758,0.019716758,0.019716758,0.019716758,0.019716758,0.019716758,0.019716758,0.019716758,0.019716758,0.019716758,0.019716758,0.019716758,0.019716758,0.019716758,0.019716758,0.019716758,0.019716758,0.019716758,0.019716758,0.019716758,0.019716758,0.019716758,0.019716758,0.019716758,0.019716758,0.019716758,0.019716758,0.019716758,0.019716758,0.019716758,0.019716758,0.019716758,0.019716758,0.019716758,0.019716758,0.019716758,0.053595703,0.019716758,0.019716758,0.019716758,0.019716758,0.019716758
0.019716758,0.019716758,0.053595703,0.019716758,0.019716758,0.019716758,0.019716758,0.019716758,0.019716758,0.019716758,0.019716758,0.019716758,0.019716758,0.019716758,0.019716758,0.019716758,0.019716758,0.019716758,0.019716758,0.019716758,0.019716758,0.019716758,0.019716758,0.019716758,0.019716758,0.019716758,0.019716758,0.019716758,0.019716758,0.019716758,0.019716758,0.019716758,0.019716758,0.019716758,0.019716758,0.019716758,0.019716758,0.019716758,0.019716758,0.019716758,0.019716758,0.019716758,0.019716758,0.019716758,0.019716758,0.019716758,0.019716758,0.019716758,0.019716758
0.019716758,0.019716758,0.019716758,0.019716758,0.019716758,0.019716758,0.019716758,0.019716758,0.019716758,0.019716758,0.019716758,0.019716758,0.019716758,0.019716758,0.019716758,0.019716758,0.019716758,0.019716758,0.019716758,0.019716758,0.019716758,0.019716758,0.019716758,0.019716758,0.019716758,0.019716758,0.019716758,0.019716758,0.019716758,0.019716758,0.019716758,0.019716758,0.019716758,0.019716758,0.019716758,0.019716758,0.019716758,0.019716758,0.019716758,0.019716758,0.019716758,0.019716758,0.019716758,0.053595703,0.019716758,0.019716758,0.019716758,0.019716758,0.019716758
0.019716758,0.019716758,0.019716758,0.019716758,0.019716758,0.019716758,0.019716758,0.019716758,0.019716758,0.019716758,0.053595703,0.019716758,0.019716758,0.019716758,0.019716758,0.019716758,0.019716758,0.019716758,0.019716758,0.019716758,0.019716758,0.019716758,0.019716758,0.019716758,0.019716758,0.019716758,0.019716758,0.019716758,0.019716758,0.019716758,0.019716758,0.019716758,0.019716758,0.019716758,0.019716758,0.019716758,0.019716758,0.019716758,0.019716758,0.019716758,0.019716758,0.019716758,0.019716758,0.019716758,0.019716758,0.019716758,0.019716758,0.019716758,0.019716758
0.019716758,0.019716758,0.019716758,0.019716758,0.019716758,0.019716758,0.019716758,0.019716758,0.019716758,0.019716758,0.019716758,0.019716758,0.053595703,0.019716758,0.019716758,0.019716758,0.019716758,0.019716758,0.019716758,0.019716758,0.019716758,0.019716758,0.019716758,0.019716758,0.019716758,0.019716758,0.019716758,0.019716758,0.019716758,0.019716758,0.019716758,0.019716758,0.019716758,0.019716758,0.019716758,0.019716758,0.019716758,0.019716758,0.019716758,0.019716758,0.019716758,0.019716758,0.019716758,0.019716758,0.019716758,0.019716758,0.019716758,0.019716758,0.019716758
0.019716758,0.019716758,0.019716758,0.019716758,0.019716758,0.019716758,0.019716758,0.019716758,0.019716758,0.019716758,0.019716758,0.019716758,0.053595703,0.019716758,0.019716758,0.019716758,0.019716758,0.019716758,0.019716758,0.019716758,0.019716758,0.019716758,0.019716758,0.019716758,0.019716758,0.019716758,0.019716758,0.019716758,0.019716758,0.019716758,0.019716758,0.019716758,0.019716758,0.019716758,0.019716758,0.019716758,0.019716758,0.019716758,0.019716758,0.019716758,0.019716758,0.019716758,0.019716758,0.019716758,0.019716758,0.019716758,0.019716758,0.019716758,0.019716758
0.019716758,0.019716758,0.019716758,0.019716758,0.019716758,0.019716758,0.019716758,0.019716758,0.019716758,0.019716758,0.019716758,0.019716758,0.019716758,0.019716758,0.019716758,0.019716758,0.019716758,0.019716758,0.019716758,0.053595703,0.019716758,0.019716758,0.019716758,0.019716758,0.019716758,0.019716758,0.019716758,0.019716758,0.019716758,0.019716758,0.019716758,0.019716758,0.019716758,0.019716758,0.019716758,0.019716758,0.019716758,0.019716758,0.019716758,0.019716758,0.019716758,0.019716758,0.019716758,0.019716758,0.019716758,0.019716758,0.019716758,0.019716758,0.019716758
0.019880904,0.019880904,0.019880904,0.019880904,0.019880904,0.019880904,0.019880904,0.019880904,0.019880904,0.019880904,0.019880904,0.019880904,0.031635076,0.019880904,0.019880904,0.019880904,0.019880904,0.019880904,0.019880904,0.019880904,0.019880904,0.019880904,0.019880904,0.019880904,0.019880904,0.019880904,0.019880904,0.019880904,0.019880904,0.019880904,0.019880904,0.019880904,0.019880904,0.019880904,0.019880904,0.019880904,0.019880904,0.019880904,0.019880904,0.019880904,0.019880904,0.019880904,0.019880904,0.03396236,0.019880904,0.019880904,0.019880904,0.019880904,0.019880904
0.019716758,0.019716758,0.019716758,0.019716758,0.019716758,0.019716758,0.019716758,0.019716758,0.019716758,0.019716758,0.019716758,0.019716758,0.019716758,0.019716758,0.019716758,0.019716758,0.019716758,0.019716758,0.019716758,0.019716758,0.019716758,0.019716758,0.019716758,0.019716758,0.019716758,0.053595703,0.019716758,0.019716758,0.019716758,0.019716758,0.019716758,0.019716758,0.019716758,0.019716758,0.019716758,0.019716758,0.019716758,0.019716758,0.019716758,0.019716758,0.019716758,0.019716758,0.019716758,0.019716758,0.019716758,0.019716758,0.019716758,0.019716758,0.019716758
0.019716758,0.019716758,0.019716758,0.019716758,0.019716758,0.019716758,0.019716758,0.019716758,0.019716758,0.019716758,0.019716758,0.019716758,0.019716758,0.019716758,0.019716758,0.019716758,0.019716758,0.019716758,0.019716758,0.019716758,0.019716758,0.019716758,0.019716758,0.019716758,0.019716758,0.019716758,0.019716758,0.019716758,0.019716758,0.019716758,0.019716758,0.019716758,0.019716758,0.019716758,0.019716758,0.019716758,0.019716758,0.019716758,0.019716758,0.019716758,0.019716758,0.019716758,0.019716758,0.019716758,0.053595703,0.019716758,0.019716758,0.019716758,0.019716758
0.019716758,0.019716758,0.019716758,0.019716758,0.019716758,0.019716758,0.019716758,0.019716758,0.019716758,0.019716758,0.019716758,0.019716758,0.019716758,0.019716758,0.019716758,0.019716758,0.019716758,0.019716758,0.019716758,0.019716758,0.019716758,0.019716758,0.019716758,0.019716758,0.019716758,0.019716758,0.019716758,0.019716758,0.019716758,0.019716758,0.019716758,0.019716758,0.019716758,0.019716758,0.019716758,0.019716758,0.019716758,0.019716758,0.019716758,0.019716758,0.019716758,0.019716758,0.019716758,0.019716758,0.053595703,0.019716758,0.019716758,0.019716758,0.019716758
0.019716758,0.019716758,0.019716758,0.019716758,0.019716758,0.019716758,0.019716758,0.019716758,0.019716758,0.019716758,0.019716758,0.019716758,0.019716758,0.019716758,0.019716758,0.019716758,0.019716758,0.019716758,0.019716758,0.019716758,0.019716758,0.019716758,0.053595703,0.019716758,0.019716758,0.019716758,0.019716758,0.019716758,0.019716758,0.019716758,0.019716758,0.019716758,0.019716758,0.019716758,0.019716758,0.019716758,0.019716758,0.019716758,0.019716758,0.019716758,0.019716758,0.019716758,0.019716758,0.019716758,0.019716758,0.019716758,0.019716758,0.019716758,0.019716758
0.019716758,0.019716758,0.019716758,0.019716758,0.019716758,0.019716758,0.019716758,0.019716758,0.019716758,0.019716758,0.019716758,0.019716758,0.019716758,0.019716758,0.019716758,0.019716758,0.019716758,0.019716758,0.019716758,0.019716758,0.019716758,0.019716758,0.019716758,0.019716758,0.053595703,0.019716758,0.019716758,0.019716758,0.019716758,0.019716758,0.019716758,0.019716758,0.019716758,0.019716758,0.019716758,0.019716758,0.019716758,0.019716758,0.019716758,0.019716758,0.019716758,0.019716758,0.019716758,0.019716758,0.019716758,0.019716758,0.019716758,0.019716758,0.019716758
0.019716758,0.019716758,0.019716758,0.019716758,0.019716758,0.019716758,0.019716758,0.019716758,0.019716758,0.019716758,0.019716758,0.019716758,0.019716758,0.019716758,0.019716758,0.019716758,0.019716758,0.019716758,0.019716758,0.019716758,0.019716758,0.019716758,0.019716758,0.019716758,0.019716758,0.019716758,0.019716758,0.019716758,0.019716758,0.019716758,0.019716758,0.019716758,0.019716758,0.019716758,0.019716758,0.019716758,0.019716758,0.019716758,0.019716758,0.019716758,0.019716758,0.019716758,0.019716758,0.019716758,0.053595703,0.019716758,0.019716758,0.019716758,0.019716758
0.019716758,0.019716758,0.019716758,0.019716758,0.019716758,0.019716758,0.019716758,0.019716758,0.019716758,0.019716758,0.019716758,0.019716758,0.019716758,0.019716758,0.019716758,0.019716758,0.019716758,0.019716758,0.019716758,0.019716758,0.019716758,0.019716758,0.019716758,0.019716758,0.019716758,0.019716758,0.019716758,0.019716758,0.019716758,0.019716758,0.019716758,0.019716758,0.019716758,0.019716758,0.019716758,0.019716758,0.019716758,0.019716758,0.019716758,0.019716758,0.019716758,0.019716758,0.019716758,0.019716758,0.053595703,0.019716758,0.019716758,0.019716758,0.019716758
0.019716758,0.019716758,0.019716758,0.019716758,0.019716758,0.019716758,0.019716758,0.019716758,0.019716758,0.019716758,0.019716758,0.019716758,0.019716758,0.019716758,0.019716758,0.019716758,0.019716758,0.019716758,0.019716758,0.019716758,0.019716758,0.019716758,0.053595703,0.019716758,0.019716758,0.019716758,0.019716758,0.019716758,0.019716758,0.019716758,0.019716758,0.019716758,0.019716758,0.019716758,0.019716758,0.019716758,0.019716758,0.019716758,0.019716758,0.019716758,0.019716758,0.019716758,0.019716758,0.019716758,0.019716758,0.019716758,0.019716758,0.019716758,0.019716758
0.019716758,0.019716758,0.019716758,0.019716758,0.019716758,0.019716758,0.019716758,0.019716758,0.019716758,0.019716758,0.019716758,0.019716758,0.019716758,0.019716758,0.019716758,0.019716758,0.019716758,0.019716758,0.019716758,0.019716758,0.019716758,0.019716758,0.019716758,0.019716758,0.019716758,0.019716758,0.019716758,0.053595703,0.019716758,0.019716758,0.019716758,0.019716758,0.019716758,0.019716758,0.019716758,0.019716758,0.019716758,0.019716758,0.019716758,0.019716758,0.019716758,0.019716758,0.019716758,0.019716758,0.019716758,0.019716758,0.019716758,0.019716758,0.019716758
0.019716758,0.019716758,0.019716758,0.019716758,0.019716758,0.019716758,0.019716758,0.019716758,0.019716758,0.019716758,0.019716758,0.019716758,0.019716758,0.019716758,0.019716758,0.019716758,0.019716758,0.019716758,0.019716758,0.019716758,0.019716758,0.019716758,0.019716758,0.019716758,0.019716758,0.019716758,0.019716758,0.019716758,0.019716758,0.019716758,0.019716758,0.019716758,0.019716758,0.019716758,0.019716758,0.019716758,0.019716758,0.019716758,0.019716758,0.019716758,0.019716758,0.019716758,0.019716758,0.019716758,0.053595703,0.019716758,0.019716758,0.019716758,0.019716758
0.019716758,0.019716758,0.019716758,0.019716758,0.019716758,0.019716758,0.019716758,0.019716758,0.019716758,0.019716758,0.019716758,0.019716758,0.019716758,0.019716758,0.019716758,0.019716758,0.019716758,0.019716758,0.019716758,0.019716758,0.019716758,0.019716758,0.019716758,0.019716758,0.019716758,0.019716758,0.019716758,0.019716758,0.019716758,0.019716758,0.019716758,0.019716758,0.019716758,0.019716758,0.019716758,0.019716758,0.019716758,0.019716758,0.019716758,0.019716758,0.019716758,0.019716758,0.019716758,0.019716758,0.053595703,0.019716758,0.019716758,0.019716758,0.019716758
0.019716758,0.019716758,0.019716758,0.019716758,0.019716758,0.019716758,0.019716758,0.019716758,0.019716758,0.019716758,0.019716758,0.019716758,0.019716758,0.019716758,0.019716758,0.019716758,0.019716758,0.019716758,0.019716758,0.019716758,0.019716758,0.019716758,0.053595703,0.019716758,0.019716758,0.019716758,0.019716758,0.019716758,0.019716758,0.019716758,0.019716758,0.019716758,0.019716758,0.019716758,0.019716758,0.019716758,0.019716758,0.019716758,0.019716758,0.019716758,0.019716758,0.019716758,0.019716758,0.019716758,0.019716758,0.019716758,0.019716758,0.019716758,0.019716758
0.019716758,0.019716758,0.019716758,0.019716758,0.019716758,0.019716758,0.019716758,0.019716758,0.019716758,0.019716758,0.019716758,0.019716758,0.019716758,0.019716758,0.019716758,0.019716758,0.019716758,0.019716758,0.019716758,0.019716758,0.019716758,0.019716758,0.019716758,0.019716758,0.019716758,0.019716758,0.019716758,0.019716758,0.019716758,0.019716758,0.019716758,0.019716758,0.019716758,0.019716758,0.019716758,0.019716758,0.019716758,0.019716758,0.019716758,0.019716758,0.019716758,0.019716758,0.019716758,0.019716758,0.019716758,0.053595703,0.019716758,0.019716758,0.019716758
0.019716758,0.019716758,0.019716758,0.019716758,0.019716758,0.019716758,0.053595703,0.019716758,0.019716758,0.019716758,0.019716758,0.019716758,0.019716758,0.019716758,0.019716758,0.019716758,0.019716758,0.019716758,0.019716758,0.019716758,0.019716758,0.019716758,0.019716758,0.019716758,0.019716758,0.019716758,0.019716758,0.019716758,0.019716758,0.019716758,0.019716758,0.019716758,0.019716758,0.019716758,0.019716758,0.019716758,0.019716758,0.019716758,0.019716758,0.019716758,0.019716758,0.019716758,0.019716758,0.019716758,0.019716758,0.019716758,0.019716758,0.019716758,0.019716758
0.019716758,0.019716758,0.019716758,0.019716758,0.019716758,0.019716758,0.019716758,0.019716758,0.019716758,0.019716758,0.019716758,0.019716758,0.019716758,0.019716758,0.019716758,0.019716758,0.019716758,0.019716758,0.019716758,0.019716758,0.019716758,0.019716758,0.019716758,0.019716758,0.019716758,0.019716758,0.019716758,0.019716758,0.019716758,0.019716758,0.019716758,0.019716758,0.019716758,0.019716758,0.019716758,0.019716758,0.019716758,0.019716758,0.019716758,0.019716758,0.019716758,0.019716758,0.019716758,0.019716758,0.019716758,0.019716758,0.053595703,0.019716758,0.019716758
0.019716758,0.019716758,0.019716758,0.053595703,0.019716758,0.019716758,0.019716758,0.019716758,0.019716758,0.019716758,0.019716758,0.019716758,0.019716758,0.019716758,0.019716758,0.019716758,0.019716758,0.019716758,0.019716758,0.019716758,0.019716758,0.019716758,0.019716758,0.019716758,0.019716758,0.019716758,0.019716758,0.019716758,0.019716758,0.019716758,0.019716758,0.019716758,0.019716758,0.019716758,0.019716758,0.019716758,0.019716758,0.019716758,0.019716758,0.019716758,0.019716758,0.019716758,0.019716758,0.019716758,0.019716758,0.019716758,0.019716758,0.019716758,0.019716758
0.019716758,0.019716758,0.019716758,0.019716758,0.019716758,0.019716758,0.019716758,0.019716758,0.019716758,0.019716758,0.019716758,0.019716758,0.019716758,0.019716758,0.019716758,0.019716758,0.019716758,0.019716758,0.019716758,0.019716758,0.019716758,0.019716758,0.019716758,0.019716758,0.019716758,0.019716758,0.019716758,0.019716758,0.019716758,0.019716758,0.019716758,0.019716758,0.019716758,0.019716758,0.019716758,0.019716758,0.019716758,0.019716758,0.019716758,0.019716758,0.019716758,0.019716758,0.019716758,0.019716758,0.019716758,0.053595703,0.019716758,0.019716758,0.019716758
0.019716758,0.019716758,0.019716758,0.019716758,0.019716758,0.019716758,0.019716758,0.019716758,0.019716758,0.019716758,0.019716758,0.019716758,0.019716758,0.019716758,0.019716758,0.019716758,0.019716758,0.019716758,0.019716758,0.019716758,0.019716758,0.019716758,0.019716758,0.019716758,0.019716758,0.019716758,0.019716758,0.019716758,0.019716758,0.019716758,0.019716758,0.019716758,0.019716758,0.019716758,0.019716758,0.019716758,0.019716758,0.019716758,0.019716758,0.019716758,0.019716758,0.019716758,0.019716758,0.019716758,0.019716758,0.053595703,0.019716758,0.019716758,0.019716758
0.019716758,0.019716758,0.019716758,0.019716758,0.019716758,0.019716758,0.019716758,0.019716758,0.019716758,0.019716758,0.019716758,0.019716758,0.019716758,0.019716758,0.019716758,0.019716758,0.019716758,0.019716758,0.019716758,0.019716758,0.019716758,0.019716758,0.019716758,0.019716758,0.019716758,0.019716758,0.019716758,0.019716758,0.019716758,0.019716758,0.019716758,0.019716758,0.019716758,0.019716758,0.019716758,0.019716758,0.019716758,0.019716758,0.019716758,0.019716758,0.019716758,0.019716758,0.019716758,0.019716758,0.019716758,0.053595703,0.019716758,0.019716758,0.019716758
0.019716758,0.019716758,0.019716758,0.019716758,0.019716758,0.019716758,0.019716758,0.019716758,0.019716758,0.019716758,0.019716758,0.019716758,0.019716758,0.019716758,0.019716758,0.019716758,0.019716758,0.019716758,0.019716758,0.019716758,0.019716758,0.019716758,0.019716758,0.019716758,0.019716758,0.019716758,0.019716758,0.019716758,0.019716758,0.019716758,0.019716758,0.019716758,0.019716758,0.019716758,0.019716758,0.019716758,0.019716758,0.019716758,0.019716758,0.019716758,0.019716758,0.019716758,0.019716758,0.019716758,0.019716758,0.053595703,0.019716758,0.019716758,0.019716758
0.019716758,0.019716758,0.019716758,0.019716758,0.019716758,0.019716758,0.019716758,0.019716758,0.019716758,0.019716758,0.019716758,0.019716758,0.019716758,0.019716758,0.019716758,0.019716758,0.019716758,0.019716758,0.019716758,0.019716758,0.019716758,0.019716758,0.053595703,0.019716758,0.019716758,0.019716758,0.019716758,0.019716758,0.019716758,0.019716758,0.019716758,0.019716758,0.019716758,0.019716758,0.019716758,0.019716758,0.019716758,0.019716758,0.019716758,0.019716758,0.019716758,0.019716758,0.019716758,0.019716758,0.019716758,0.019716758,0.019716758,0.019716758,0.019716758
0.019716758,0.019716758,0.019716758,0.019716758,0.019716758,0.019716758,0.019716758,0.019716758,0.019716758,0.019716758,0.019716758,0.019716758,0.019716758,0.019716758,0.019716758,0.019716758,0.019716758,0.019716758,0.019716758,0.019716758,0.019716758,0.019716758,0.019716758,0.019716758,0.019716758,0.019716758,0.019716758,0.019716758,0.019716758,0.019716758,0.019716758,0.019716758,0.019716758,0.019716758,0.019716758,0.019716758,0.019716758,0.019716758,0.019716758,0.019716758,0.019716758,0.019716758,0.019716758,0.019716758,0.019716758,0.019716758,0.053595703,0.019716758,0.019716758
0.019716758,0.019716758,0.019716758,0.019716758,0.019716758,0.019716758,0.019716758,0.019716758,0.019716758,0.019716758,0.019716758,0.019716758,0.019716758,0.019716758,0.019716758,0.019716758,0.019716758,0.019716758,0.019716758,0.019716758,0.019716758,0.019716758,0.019716758,0.019716758,0.019716758,0.019716758,0.019716758,0.019716758,0.019716758,0.019716758,0.019716758,0.019716758,0.019716758,0.019716758,0.019716758,0.019716758,0.019716758,0.019716758,0.019716758,0.019716758,0.019716758,0.019716758,0.019716758,0.019716758,0.019716758,0.019716758,0.053595703,0.019716758,0.019716758
0.019716758,0.019716758,0.019716758,0.019716758,0.019716758,0.019716758,0.019716758,0.019716758,0.019716758,0.019716758,0.019716758,0.019716758,0.019716758,0.019716758,0.019716758,0.019716758,0.019716758,0.019716758,0.019716758,0.019716758,0.019716758,0.019716758,0.019716758,0.019716758,0.019716758,0.019716758,0.019716758,0.019716758,0.019716758,0.053595703,0.019716758,0.019716758,0.019716758,0.019716758,0.019716758,0.019716758,0.019716758,0.019716758,0.019716758,0.019716758,0.019716758,0.019716758,0.019716758,0.019716758,0.019716758,0.019716758,0.019716758,0.019716758,0.019716758
0.019716758,0.019716758,0.019716758,0.019716758,0.019716758,0.019716758,0.019716758,0.019716758,0.019716758,0.019716758,0.019716758,0.019716758,0.019716758,0.019716758,0.019716758,0.019716758,0.019716758,0.019716758,0.019716758,0.019716758,0.019716758,0.019716758,0.019716758,0.019716758,0.019716758,0.019716758,0.019716758,0.019716758,0.019716758,0.019716758,0.019716758,0.019716758,0.019716758,0.019716758,0.019716758,0.019716758,0.019716758,0.019716758,0.019716758,0.019716758,0.019716758,0.019716758,0.019716758,0.019716758,0.019716758,0.019716758,0.053595703,0.019716758,0.019716758
0.019716758,0.019716758,0.019716758,0.019716758,0.019716758,0.019716758,0.019716758,0.019716758,0.019716758,0.019716758,0.019716758,0.019716758,0.019716758,0.019716758,0.019716758,0.019716758,0.019716758,0.019716758,0.019716758,0.019716758,0.019716758,0.019716758,0.019716758,0.019716758,0.019716758,0.019716758,0.019716758,0.019716758,0.019716758,0.019716758,0.019716758,0.019716758,0.019716758,0.019716758,0.019716758,0.019716758,0.019716758,0.019716758,0.019716758,0.019716758,0.019716758,0.019716758,0.019716758,0.019716758,0.019716758,0.019716758,0.053595703,0.019716758,0.019716758
0.019716758,0.019716758,0.019716758,0.019716758,0.019716758,0.019716758,0.019716758,0.019716758,0.019716758,0.019716758,0.019716758,0.019716758,0.019716758,0.019716758,0.019716758,0.019716758,0.019716758,0.019716758,0.019716758,0.019716758,0.019716758,0.019716758,0.019716758,0.019716758,0.019716758,0.019716758,0.053595703,0.019716758,0.019716758,0.019716758,0.019716758,0.019716758,0.019716758,0.019716758,0.019716758,0.019716758,0.019716758,0.019716758,0.019716758,0.019716758,0.019716758,0.019716758,0.019716758,0.019716758,0.019716758,0.019716758,0.019716758,0.019716758,0.019716758
0.019716758,0.019716758,0.019716758,0.019716758,0.019716758,0.019716758,0.019716758,0.019716758,0.019716758,0.019716758,0.019716758,0.019716758,0.019716758,0.019716758,0.019716758,0.019716758,0.019716758,0.019716758,0.019716758,0.019716758,0.019716758,0.019716758,0.019716758,0.019716758,0.019716758,0.019716758,0.019716758,0.019716758,0.019716758,0.019716758,0.019716758,0.019716758,0.019716758,0.019716758,0.019716758,0.019716758,0.019716758,0.019716758,0.019716758,0.019716758,0.019716758,0.019716758,0.019716758,0.019716758,0.019716758,0.019716758,0.053595703,0.019716758,0.019716758
0.019716758,0.019716758,0.019716758,0.019716758,0.019716758,0.019716758,0.019716758,0.019716758,0.019716758,0.019716758,0.019716758,0.019716758,0.019716758,0.019716758,0.019716758,0.019716758,0.019716758,0.019716758,0.019716758,0.019716758,0.019716758,0.019716758,0.019716758,0.019716758,0.019716758,0.019716758,0.019716758,0.019716758,0.019716758,0.019716758,0.019716758,0.019716758,0.019716758,0.019716758,0.019716758,0.019716758,0.019716758,0.019716758,0.019716758,0.019716758,0.019716758,0.019716758,0.019716758,0.019716758,0.019716758,0.019716758,0.053595703,0.019716758,0.019716758
0.019716758,0.019716758,0.019716758,0.019716758,0.019716758,0.019716758,0.019716758,0.019716758,0.019716758,0.019716758,0.019716758,0.019716758,0.019716758,0.019716758,0.019716758,0.019716758,0.019716758,0.019716758,0.019716758,0.019716758,0.019716758,0.019716758,0.019716758,0.019716758,0.019716758,0.019716758,0.019716758,0.019716758,0.019716758,0.019716758,0.019716758,0.019716758,0.019716758,0.019716758,0.019716758,0.019716758,0.019716758,0.019716758,0.019716758,0.019716758,0.019716758,0.019716758,0.019716758,0.019716758,0.019716758,0.019716758,0.053595703,0.019716758,0.019716758
0.019716758,0.019716758,0.019716758,0.019716758,0.019716758,0.019716758,0.019716758,0.019716758,0.019716758,0.019716758,0.019716758,0.019716758,0.019716758,0.019716758,0.019716758,0.019716758,0.019716758,0.019716758,0.019716758,0.019716758,0.019716758,0.019716758,0.019716758,0.019716758,0.019716758,0.019716758,0.019716758,0.019716758,0.019716758,0.019716758,0.019716758,0.019716758,0.019716758,0.019716758,0.019716758,0.019716758,0.019716758,0.019716758,0.019716758,0.019716758,0.019716758,0.019716758,0.019716758,0.019716758,0.019716758,0.019716758,0.053595703,0.019716758,0.019716758
0.019716758,0.019716758,0.019716758,0.019716758,0.019716758,0.019716758,0.019716758,0.019716758,0.019716758,0.019716758,0.019716758,0.019716758,0.019716758,0.019716758,0.019716758,0.019716758,0.019716758,0.019716758,0.019716758,0.019716758,0.019716758,0.019716758,0.019716758,0.019716758,0.019716758,0.019716758,0.019716758,0.019716758,0.019716758,0.019716758,0.019716758,0.019716758,0.019716758,0.019716758,0.019716758,0.019716758,0.019716758,0.019716758,0.019716758,0.019716758,0.019716758,0.019716758,0.019716758,0.019716758,0.019716758,0.019716758,0.019716758,0.053595707,0.019716758
0.019716758,0.019716758,0.019716758,0.019716758,0.019716758,0.019716758,0.019716758,0.019716758,0.019716758,0.019716758,0.019716758,0.019716758,0.019716758,0.019716758,0.019716758,0.019716758,0.019716758,0.019716758,0.019716758,0.019716758,0.019716758,0.019716758,0.019716758,0.019716758,0.019716758,0.019716758,0.019716758,0.019716758,0.019716758,0.019716758,0.019716758,0.019716758,0.019716758,0.019716758,0.019716758,0.019716758,0.019716758,0.019716758,0.019716758,0.019716758,0.019716758,0.019716758,0.019716758,0.019716758,0.019716758,0.019716758,0.019716758,0.053595707,0.019716758
0.019716758,0.019716758,0.019716758,0.019716758,0.019716758,0.019716758,0.019716758,0.019716758,0.019716758,0.019716758,0.019716758,0.019716758,0.019716758,0.019716758,0.019716758,0.019716758,0.019716758,0.019716758,0.019716758,0.019716758,0.019716758,0.019716758,0.019716758,0.019716758,0.019716758,0.019716758,0.019716758,0.019716758,0.019716758,0.019716758,0.019716758,0.019716758,0.019716758,0.019716758,0.019716758,0.019716758,0.019716758,0.019716758,0.019716758,0.019716758,0.019716758,0.019716758,0.019716758,0.019716758,0.019716758,0.019716758,0.019716758,0.053595707,0.019716758
0.019716758,0.019716758,0.019716758,0.019716758,0.019716758,0.019716758,0.019716758,0.053595707,0.019716758,0.019716758,0.019716758,0.019716758,0.019716758,0.019716758,0.019716758,0.019716758,0.019716758,0.019716758,0.019716758,0.019716758,0.019716758,0.019716758,0.019716758,0.019716758,0.019716758,0.019716758,0.019716758,0.019716758,0.019716758,0.019716758,0.019716758,0.019716758,0.019716758,0.019716758,0.019716758,0.019716758,0.019716758,0.019716758,0.019716758,0.019716758,0.019716758,0.019716758,0.019716758,0.019716758,0.019716758,0.019716758,0.019716758,0.019716758,0.019716758
0.019716758,0.019716758,0.019716758,0.019716758,0.019716758,0.019716758,0.019716758,0.019716758,0.019716758,0.019716758,0.019716758,0.019716758,0.019716758,0.019716758,0.019716758,0.019716758,0.019716758,0.019716758,0.019716758,0.019716758,0.019716758,0.019716758,0.019716758,0.019716758,0.019716758,0.019716758,0.019716758,0.019716758,0.019716758,0.019716758,0.019716758,0.019716758,0.019716758,0.019716758,0.019716758,0.019716758,0.019716758,0.019716758,0.019716758,0.019716758,0.019716758,0.019716758,0.019716758,0.019716758,0.019716758,0.019716758,0.019716758,0.053595707,0.019716758
0.019716758,0.019716758,0.019716758,0.019716758,0.019716758,0.019716758,0.019716758,0.019716758,0.019716758,0.019716758,0.019716758,0.019716758,0.019716758,0.019716758,0.019716758,0.019716758,0.019716758,0.019716758,0.019716758,0.019716758,0.019716758,0.019716758,0.019716758,0.019716758,0.019716758,0.019716758,0.019716758,0.019716758,0.019716758,0.019716758,0.019716758,0.019716758,0.019716758,0.019716758,0.019716758,0.019716758,0.019716758,0.019716758,0.019716758,0.019716758,0.019716758,0.019716758,0.019716758,0.019716758,0.019716758,0.019716758,0.019716758,0.053595707,0.019716758
0.019716758,0.019716758,0.019716758,0.019716758,0.019716758,0.019716758,0.019716758,0.019716758,0.019716758,0.019716758,0.019716758,0.019716758,0.019716758,0.019716758,0.019716758,0.019716758,0.019716758,0.019716758,0.019716758,0.019716758,0.019716758,0.019716758,0.019716758,0.019716758,0.019716758,0.019716758,0.019716758,0.019716758,0.019716758,0.019716758,0.019716758,0.019716758,0.019716758,0.019716758,0.019716758,0.019716758,0.019716758,0.019716758,0.019716758,0.019716758,0.019716758,0.019716758,0.019716758,0.019716758,0.019716758,0.019716758,0.019716758,0.053595707,0.019716758
0.019716758,0.019716758,0.019716758,0.019716758,0.019716758,0.019716758,0.019716758,0.019716758,0.019716758,0.019716758,0.019716758,0.019716758,0.019716758,0.019716758,0.019716758,0.019716758,0.019716758,0.019716758,0.019716758,0.019716758,0.019716758,0.019716758,0.019716758,0.019716758,0.019716758,0.019716758,0.019716758,0.019716758,0.019716758,0.019716758,0.019716758,0.019716758,0.019716758,0.019716758,0.019716758,0.019716758,0.019716758,0.019716758,0.019716758,0.019716758,0.019716758,0.019716758,0.019716758,0.019716758,0.019716758,0.019716758,0.019716758,0.053595707,0.019716758
0.019716758,0.019716758,0.019716758,0.019716758,0.019716758,0.019716758,0.019716758,0.019716758,0.019716758,0.019716758,0.019716758,0.019716758,0.019716758,0.019716758,0.019716758,0.019716758,0.019716758,0.019716758,0.019716758,0.019716758,0.019716758,0.019716758,0.019716758,0.019716758,0.019716758,0.019716758,0.019716758,0.019716758,0.019716758,0.019716758,0.019716758,0.019716758,0.019716758,0.019716758,0.019716758,0.019716758,0.019716758,0.019716758,0.019716758,0.019716758,0.019716758,0.019716758,0.019716758,0.019716758,0.019716758,0.019716758,0.019716758,0.053595707,0.019716758
0.019716758,0.019716758,0.019716758,0.019716758,0.019716758,0.019716758,0.019716758,0.019716758,0.019716758,0.019716758,0.019716758,0.019716758,0.019716758,0.019716758,0.019716758,0.019716758,0.019716758,0.019716758,0.019716758,0.019716758,0.019716758,0.019716758,0.019716758,0.019716758,0.019716758,0.019716758,0.019716758,0.019716758,0.019716758,0.019716758,0.019716758,0.019716758,0.019716758,0.019716758,0.019716758,0.019716758,0.019716758,0.019716758,0.019716758,0.019716758,0.019716758,0.019716758,0.019716758,0.019716758,0.019716758,0.019716758,0.019716758,0.053595707,0.019716758
0.019716758,0.019716758,0.019716758,0.019716758,0.019716758,0.019716758,0.019716758,0.019716758,0.019716758,0.019716758,0.019716758,0.019716758,0.019716758,0.019716758,0.019716758,0.019716758,0.019716758,0.019716758,0.053595703,0.019716758,0.019716758,0.019716758,0.019716758,0.019716758,0.019716758,0.019716758,0.019716758,0.019716758,0.019716758,0.019716758,0.019716758,0.019716758,0.019716758,0.019716758,0.019716758,0.019716758,0.019716758,0.019716758,0.019716758,0.019716758,0.019716758,0.019716758,0.019716758,0.019716758,0.019716758,0.019716758,0.019716758,0.019716758,0.019716758
0.019716758,0.019716758,0.019716758,0.019716758,0.019716758,0.019716758,0.019716758,0.019716758,0.019716758,0.019716758,0.019716758,0.019716758,0.019716758,0.019716758,0.019716758,0.019716758,0.019716758,0.019716758,0.019716758,0.019716758,0.019716758,0.019716758,0.019716758,0.019716758,0.019716758,0.019716758,0.019716758,0.019716758,0.019716758,0.019716758,0.019716758,0.019716758,0.019716758,0.019716758,0.019716758,0.019716758,0.019716758,0.019716758,0.019716758,0.019716758,0.019716758,0.019716758,0.019716758,0.019716758,0.019716758,0.019716758,0.019716758,0.019716758,0.053595703
0.019716758,0.019716758,0.019716758,0.019716758,0.019716758,0.019716758,0.019716758,0.019716758,0.019716758,0.019716758,0.019716758,0.019716758,0.019716758,0.019716758,0.019716758,0.019716758,0.019716758,0.019716758,0.019716758,0.019716758,0.019716758,0.019716758,0.019716758,0.019716758,0.019716758,0.019716758,0.019716758,0.019716758,0.019716758,0.019716758,0.019716758,0.019716758,0.019716758,0.019716758,0.019716758,0.019716758,0.019716758,0.019716758,0.019716758,0.019716758,0.019716758,0.019716758,0.019716758,0.019716758,0.019716758,0.019716758,0.019716758,0.019716758,0.053595703
0.019716758,0.019716758,0.019716758,0.019716758,0.019716758,0.019716758,0.019716758,0.019716758,0.019716758,0.019716758,0.019716758,0.019716758,0.019716758,0.019716758,0.019716758,0.019716758,0.019716758,0.019716758,0.019716758,0.019716758,0.019716758,0.019716758,0.019716758,0.019716758,0.019716758,0.019716758,0.019716758,0.019716758,0.019716758,0.019716758,0.019716758,0.019716758,0.019716758,0.019716758,0.019716758,0.019716758,0.019716758,0.019716758,0.019716758,0.019716758,0.019716758,0.019716758,0.019716758,0.019716758,0.019716758,0.019716758,0.019716758,0.019716758,0.053595703
0.019716758,0.019716758,0.019716758,0.019716758,0.019716758,0.019716758,0.019716758,0.019716758,0.019716758,0.019716758,0.019716758,0.019716758,0.019716758,0.019716758,0.019716758,0.019716758,0.019716758,0.019716758,0.019716758,0.019716758,0.019716758,0.019716758,0.019716758,0.019716758,0.019716758,0.019716758,0.019716758,0.019716758,0.019716758,0.019716758,0.019716758,0.019716758,0.019716758,0.019716758,0.019716758,0.019716758,0.019716758,0.019716758,0.019716758,0.019716758,0.019716758,0.019716758,0.019716758,0.019716758,0.019716758,0.019716758,0.019716758,0.019716758,0.053595703
0.019716758,0.019716758,0.019716758,0.019716758,0.019716758,0.019716758,0.019716758,0.019716758,0.019716758,0.019716758,0.019716758,0.019716758,0.019716758,0.019716758,0.019716758,0.019716758,0.019716758,0.019716758,0.019716758,0.019716758,0.053595703,0.019716758,0.019716758,0.019716758,0.019716758,0.019716758,0.019716758,0.019716758,0.019716758,0.019716758,0.019716758,0.019716758,0.019716758,0.019716758,0.019716758,0.019716758,0.019716758,0.019716758,0.019716758,0.019716758,0.019716758,0.019716758,0.019716758,0.019716758,0.019716758,0.019716758,0.019716758,0.019716758,0.019716758
0.019716758,0.019716758,0.019716758,0.019716758,0.019716758,0.019716758,0.019716758,0.019716758,0.019716758,0.019716758,0.019716758,0.019716758,0.019716758,0.019716758,0.019716758,0.019716758,0.019716758,0.019716758,0.019716758,0.019716758,0.019716758,0.019716758,0.019716758,0.019716758,0.019716758,0.019716758,0.019716758,0.019716758,0.019716758,0.019716758,0.053595703,0.019716758,0.019716758,0.019716758,0.019716758,0.019716758,0.019716758,0.019716758,0.019716758,0.019716758,0.019716758,0.019716758,0.019716758,0.019716758,0.019716758,0.019716758,0.019716758,0.019716758,0.019716758
0.019716758,0.019716758,0.019716758,0.019716758,0.019716758,0.019716758,0.019716758,0.019716758,0.019716758,0.019716758,0.019716758,0.019716758,0.019716758,0.019716758,0.019716758,0.019716758,0.053595703,0.019716758,0.019716758,0.019716758,0.019716758,0.019716758,0.019716758,0.019716758,0.019716758,0.019716758,0.019716758,0.019716758,0.019716758,0.019716758,0.019716758,0.019716758,0.019716758,0.019716758,0.019716758,0.019716758,0.019716758,0.019716758,0.019716758,0.019716758,0.019716758,0.019716758,0.019716758,0.019716758,0.019716758,0.019716758,0.019716758,0.019716758,0.019716758
0.019716758,0.019716758,0.019716758,0.019716758,0.019716758,0.019716758,0.019716758,0.019716758,0.019716758,0.019716758,0.019716758,0.019716758,0.019716758,0.019716758,0.019716758,0.019716758,0.019716758,0.019716758,0.019716758,0.053595703,0.019716758,0.019716758,0.019716758,0.019716758,0.019716758,0.019716758,0.019716758,0.019716758,0.019716758,0.019716758,0.019716758,0.019716758,0.019716758,0.019716758,0.019716758,0.019716758,0.019716758,0.019716758,0.019716758,0.019716758,0.019716758,0.019716758,0.019716758,0.019716758,0.019716758,0.019716758,0.019716758,0.019716758,0.019716758
0.019716758,0.019716758,0.019716758,0.019716758,0.019716758,0.019716758,0.019716758,0.019716758,0.019716758,0.019716758,0.019716758,0.019716758,0.019716758,0.019716758,0.019716758,0.019716758,0.019716758,0.019716758,0.019716758,0.019716758,0.019716758,0.019716758,0.019716758,0.019716758,0.019716758,0.053595703,0.019716758,0.019716758,0.019716758,0.019716758,0.019716758,0.019716758,0.019716758,0.019716758,0.019716758,0.019716758,0.019716758,0.019716758,0.019716758,0.019716758,0.019716758,0.019716758,0.019716758,0.019716758,0.019716758,0.019716758,0.019716758,0.019716758,0.019716758
0.019716758,0.019716758,0.019716758,0.019716758,0.019716758,0.019716758,0.019716758,0.019716758,0.019716758,0.019716758,0.019716758,0.019716758,0.019716758,0.019716758,0.019716758,0.019716758,0.019716758,0.019716758,0.019716758,0.019716758,0.019716758,0.019716758,0.019716758,0.019716758,0.019716758,0.019716758,0.019716758,0.053595703,0.019716758,0.019716758,0.019716758,0.019716758,0.019716758,0.019716758,0.019716758,0.019716758,0.019716758,0.019716758,0.019716758,0.019716758,0.019716758,0.019716758,0.019716758,0.019716758,0.019716758,0.019716758,0.019716758,0.019716758,0.019716758
0.053595703,0.019716758,0.019716758,0.019716758,0.019716758,0.019716758,0.019716758,0.019716758,0.019716758,0.019716758,0.019716758,0.019716758,0.019716758,0.019716758,0.019716758,0.019716758,0.019716758,0.019716758,0.019716758,0.019716758,0.019716758,0.019716758,0.019716758,0.019716758,0.019716758,0.019716758,0.019716758,0.019716758,0.019716758,0.019716758,0.019716758,0.019716758,0.019716758,0.019716758,0.019716758,0.019716758,0.019716758,0.019716758,0.019716758,0.019716758,0.019716758,0.019716758,0.019716758,0.019716758,0.019716758,0.019716758,0.019716758,0.019716758,0.019716758
0.019716758,0.019716758,0.019716758,0.019716758,0.019716758,0.019716758,0.019716758,0.019716758,0.019716758,0.019716758,0.019716758,0.019716758,0.019716758,0.019716758,0.019716758,0.019716758,0.019716758,0.019716758,0.019716758,0.019716758,0.019716758,0.053595703,0.019716758,0.019716758,0.019716758,0.019716758,0.019716758,0.019716758,0.019716758,0.019716758,0.019716758,0.019716758,0.019716758,0.019716758,0.019716758,0.019716758,0.019716758,0.019716758,0.019716758,0.019716758,0.019716758,0.019716758,0.019716758,0.019716758,0.019716758,0.019716758,0.019716758,0.019716758,0.019716758
0.053595703,0.019716758,0.019716758,0.019716758,0.019716758,0.019716758,0.019716758,0.019716758,0.019716758,0.019716758,0.019716758,0.019716758,0.019716758,0.019716758,0.019716758,0.019716758,0.019716758,0.019716758,0.019716758,0.019716758,0.019716758,0.019716758,0.019716758,0.019716758,0.019716758,0.019716758,0.019716758,0.019716758,0.019716758,0.019716758,0.019716758,0.019716758,0.019716758,0.019716758,0.019716758,0.019716758,0.019716758,0.019716758,0.019716758,0.019716758,0.019716758,0.019716758,0.019716758,0.019716758,0.019716758,0.019716758,0.019716758,0.019716758,0.019716758
0.019716758,0.019716758,0.019716758,0.019716758,0.019716758,0.019716758,0.019716758,0.019716758,0.019716758,0.019716758,0.019716758,0.019716758,0.019716758,0.019716758,0.019716758,0.019716758,0.019716758,0.019716758,0.019716758,0.019716758,0.019716758,0.019716758,0.019716758,0.019716758,0.019716758,0.019716758,0.019716758,0.019716758,0.019716758,0.019716758,0.019716758,0.053595707,0.019716758,0.019716758,0.019716758,0.019716758,0.019716758,0.019716758,0.019716758,0.019716758,0.019716758,0.019716758,0.019716758,0.019716758,0.019716758,0.019716758,0.019716758,0.019716758,0.019716758
0.019716758,0.019716758,0.019716758,0.019716758,0.019716758,0.019716758,0.019716758,0.019716758,0.019716758,0.019716758,0.019716758,0.019716758,0.019716758,0.019716758,0.019716758,0.019716758,0.019716758,0.019716758,0.019716758,0.053595703,0.019716758,0.019716758,0.019716758,0.019716758,0.019716758,0.019716758,0.019716758,0.019716758,0.019716758,0.019716758,0.019716758,0.019716758,0.019716758,0.019716758,0.019716758,0.019716758,0.019716758,0.019716758,0.019716758,0.019716758,0.019716758,0.019716758,0.019716758,0.019716758,0.019716758,0.019716758,0.019716758,0.019716758,0.019716758
0.019716758,0.019716758,0.019716758,0.019716758,0.019716758,0.019716758,0.019716758,0.019716758,0.019716758,0.019716758,0.019716758,0.019716758,0.019716758,0.019716758,0.019716758,0.019716758,0.019716758,0.019716758,0.019716758,0.019716758,0.019716758,0.019716758,0.019716758,0.019716758,0.019716758,0.019716758,0.019716758,0.019716758,0.019716758,0.019716758,0.019716758,0.019716758,0.019716758,0.019716758,0.053595703,0.019716758,0.019716758,0.019716758,0.019716758,0.019716758,0.019716758,0.019716758,0.019716758,0.019716758,0.019716758,0.019716758,0.019716758,0.019716758,0.019716758
0.019716758,0.019716758,0.019716758,0.019716758,0.019716758,0.019716758,0.019716758,0.019716758,0.019716758,0.019716758,0.019716758,0.019716758,0.019716758,0.019716758,0.019716758,0.019716758,0.019716758,0.019716758,0.019716758,0.019716758,0.019716758,0.019716758,0.019716758,0.019716758,0.019716758,0.019716758,0.019716758,0.019716758,0.053595703,0.019716758,0.019716758,0.019716758,0.019716758,0.019716758,0.019716758,0.019716758,0.019716758,0.019716758,0.019716758,0.019716758,0.019716758,0.019716758,0.019716758,0.019716758,0.019716758,0.019716758,0.019716758,0.019716758,0.019716758
0.019716758,0.019716758,0.019716758,0.019716758,0.019716758,0.019716758,0.019716758,0.019716758,0.019716758,0.019716758,0.019716758,0.019716758,0.019716758,0.019716758,0.019716758,0.019716758,0.019716758,0.019716758,0.019716758,0.019716758,0.019716758,0.019716758,0.019716758,0.019716758,0.019716758,0.019716758,0.019716758,0.019716758,0.019716758,0.019716758,0.019716758,0.019716758,0.019716758,0.019716758,0.019716758,0.019716758,0.019716758,0.019716758,0.019716758,0.019716758,0.053595703,0.019716758,0.019716758,0.019716758,0.019716758,0.019716758,0.019716758,0.019716758,0.019716758
0.019716758,0.019716758,0.019716758,0.019716758,0.019716758,0.019716758,0.019716758,0.053595707,0.019716758,0.019716758,0.019716758,0.019716758,0.019716758,0.019716758,0.019716758,0.019716758,0.019716758,0.019716758,0.019716758,0.019716758,0.019716758,0.019716758,0.019716758,0.019716758,0.019716758,0.019716758,0.019716758,0.019716758,0.019716758,0.019716758,0.019716758,0.019716758,0.019716758,0.019716758,0.019716758,0.019716758,0.019716758,0.019716758,0.019716758,0.019716758,0.019716758,0.019716758,0.019716758,0.019716758,0.019716758,0.019716758,0.019716758,0.019716758,0.019716758
0.019736357,0.019736357,0.019736357,0.019736357,0.019736357,0.019736357,0.019736357,0.019736357,0.019736357,0.019736357,0.019736357,0.019736357,0.019736357,0.019736357,0.019736357,0.019736357,0.019736357,0.052047584,0.019736357,0.019736357,0.019736357,0.019736357,0.019736357,0.019736357,0.020343605,0.019736357,0.019736357,0.019736357,0.019736357,0.019736357,0.019736357,0.019736357,0.019736357,0.019736357,0.019736357,0.019736357,0.019736357,0.019736357,0.019736357,0.019736357,0.019736357,0.019736357,0.019736357,0.019736357,0.019736357,0.019736357,0.019736357,0.019736357,0.019736357
0.019716758,0.019716758,0.019716758,0.019716758,0.019716758,0.019716758,0.019716758,0.019716758,0.019716758,0.053595703,0.019716758,0.019716758,0.019716758,0.019716758,0.019716758,0.019716758,0.019716758,0.019716758,0.019716758,0.019716758,0.019716758,0.019716758,0.019716758,0.019716758,0.019716758,0.019716758,0.019716758,0.019716758,0.019716758,0.019716758,0.019716758,0.019716758,0.019716758,0.019716758,0.019716758,0.019716758,0.019716758,0.019716758,0.019716758,0.019716758,0.019716758,0.019716758,0.019716758,0.019716758,0.019716758,0.019716758,0.019716758,0.019716758,0.019716758
0.019716758,0.019716758,0.019716758,0.019716758,0.019716758,0.019716758,0.019716758,0.019716758,0.019716758,0.019716758,0.019716758,0.019716758,0.019716758,0.019716758,0.019716758,0.019716758,0.019716758,0.019716758,0.019716758,0.019716758,0.019716758,0.019716758,0.019716758,0.019716758,0.019716758,0.019716758,0.019716758,0.019716758,0.019716758,0.019716758,0.019716758,0.019716758,0.019716758,0.019716758,0.019716758,0.053595703,0.019716758,0.019716758,0.019716758,0.019716758,0.019716758,0.019716758,0.019716758,0.019716758,0.019716758,0.019716758,0.019716758,0.019716758,0.019716758
0.019716758,0.019716758,0.019716758,0.019716758,0.019716758,0.019716758,0.019716758,0.019716758,0.019716758,0.019716758,0.019716758,0.019716758,0.019716758,0.019716758,0.019716758,0.053595707,0.019716758,0.019716758,0.019716758,0.019716758,0.019716758,0.019716758,0.019716758,0.019716758,0.019716758,0.019716758,0.019716758,0.019716758,0.019716758,0.019716758,0.019716758,0.019716758,0.019716758,0.019716758,0.019716758,0.019716758,0.019716758,0.019716758,0.019716758,0.019716758,0.019716758,0.019716758,0.019716758,0.019716758,0.019716758,0.019716758,0.019716758,0.019716758,0.019716758
0.019716758,0.019716758,0.019716758,0.019716758,0.019716758,0.019716758,0.019716758,0.019716758,0.019716758,0.019716758,0.019716758,0.019716758,0.019716758,0.019716758,0.019716758,0.019716758,0.019716758,0.019716758,0.019716758,0.019716758,0.019716758,0.019716758,0.019716758,0.019716758,0.019716758,0.019716758,0.019716758,0.019716758,0.019716758,0.019716758,0.019716758,0.019716758,0.019716758,0.019716758,0.019716758,0.019716758,0.019716758,0.053595703,0.019716758,0.019716758,0.019716758,0.019716758,0.019716758,0.019716758,0.019716758,0.019716758,0.019716758,0.019716758,0.019716758
0.019716758,0.019716758,0.019716758,0.019716758,0.019716758,0.019716758,0.019716758,0.053595707,0.019716758,0.019716758,0.019716758,0.019716758,0.019716758,0.019716758,0.019716758,0.019716758,0.019716758,0.019716758,0.019716758,0.019716758,0.019716758,0.019716758,0.019716758,0.019716758,0.019716758,0.019716758,0.019716758,0.019716758,0.019716758,0.019716758,0.019716758,0.019716758,0.019716758,0.019716758,0.019716758,0.019716758,0.019716758,0.019716758,0.019716758,0.019716758,0.019716758,0.019716758,0.019716758,0.019716758,0.019716758,0.019716758,0.019716758,0.019716758,0.019716758
0.019716758,0.019716758,0.019716758,0.019716758,0.019716758,0.019716758,0.019716758,0.019716758,0.019716758,0.019716758,0.019716758,0.019716758,0.019716758,0.019716758,0.019716758,0.019716758,0.019716758,0.019716758,0.019716758,0.019716758,0.019716758,0.019716758,0.019716758,0.019716758,0.019716758,0.053595703,0.019716758,0.019716758,0.019716758,0.019716758,0.019716758,0.019716758,0.019716758,0.019716758,0.019716758,0.019716758,0.019716758,0.019716758,0.019716758,0.019716758,0.019716758,0.019716758,0.019716758,0.019716758,0.019716758,0.019716758,0.019716758,0.019716758,0.019716758
0.019716758,0.019716758,0.019716758,0.019716758,0.019716758,0.019716758,0.019716758,0.019716758,0.019716758,0.019716758,0.019716758,0.019716758,0.019716758,0.019716758,0.019716758,0.019716758,0.019716758,0.019716758,0.019716758,0.019716758,0.019716758,0.019716758,0.019716758,0.019716758,0.019716758,0.019716758,0.019716758,0.019716758,0.019716758,0.019716758,0.019716758,0.019716758,0.019716758,0.019716758,0.019716758,0.019716758,0.019716758,0.019716758,0.019716758,0.019716758,0.019716758,0.019716758,0.019716758,0.019716758,0.019716758,0.019716758,0.019716758,0.053595707,0.019716758
0.019716758,0.019716758,0.019716758,0.019716758,0.019716758,0.019716758,0.019716758,0.053595707,0.019716758,0.019716758,0.019716758,0.019716758,0.019716758,0.019716758,0.019716758,0.019716758,0.019716758,0.019716758,0.019716758,0.019716758,0.019716758,0.019716758,0.019716758,0.019716758,0.019716758,0.019716758,0.019716758,0.019716758,0.019716758,0.019716758,0.019716758,0.019716758,0.019716758,0.019716758,0.019716758,0.019716758,0.019716758,0.019716758,0.019716758,0.019716758,0.019716758,0.019716758,0.019716758,0.019716758,0.019716758,0.019716758,0.019716758,0.019716758,0.019716758
0.019716758,0.053595703,0.019716758,0.019716758,0.019716758,0.019716758,0.019716758,0.019716758,0.019716758,0.019716758,0.019716758,0.019716758,0.019716758,0.019716758,0.019716758,0.019716758,0.019716758,0.019716758,0.019716758,0.019716758,0.019716758,0.019716758,0.019716758,0.019716758,0.019716758,0.019716758,0.019716758,0.019716758,0.019716758,0.019716758,0.019716758,0.019716758,0.019716758,0.019716758,0.019716758,0.019716758,0.019716758,0.019716758,0.019716758,0.019716758,0.019716758,0.019716758,0.019716758,0.019716758,0.019716758,0.019716758,0.019716758,0.019716758,0.019716758
0.019716758,0.019716758,0.053595703,0.019716758,0.019716758,0.019716758,0.019716758,0.019716758,0.019716758,0.019716758,0.019716758,0.019716758,0.019716758,0.019716758,0.019716758,0.019716758,0.019716758,0.019716758,0.019716758,0.019716758,0.019716758,0.019716758,0.019716758,0.019716758,0.019716758,0.019716758,0.019716758,0.019716758,0.019716758,0.019716758,0.019716758,0.019716758,0.019716758,0.019716758,0.019716758,0.019716758,0.019716758,0.019716758,0.019716758,0.019716758,0.019716758,0.019716758,0.019716758,0.019716758,0.019716758,0.019716758,0.019716758,0.019716758,0.019716758
0.019716758,0.019716758,0.019716758,0.019716758,0.019716758,0.019716758,0.019716758,0.019716758,0.019716758,0.019716758,0.019716758,0.019716758,0.019716758,0.019716758,0.019716758,0.019716758,0.019716758,0.019716758,0.019716758,0.019716758,0.019716758,0.019716758,0.019716758,0.019716758,0.019716758,0.019716758,0.019716758,0.019716758,0.019716758,0.053595703,0.019716758,0.019716758,0.019716758,0.019716758,0.019716758,0.019716758,0.019716758,0.019716758,0.019716758,0.019716758,0.019716758,0.019716758,0.019716758,0.019716758,0.019716758,0.019716758,0.019716758,0.019716758,0.019716758
0.019716758,0.019716758,0.019716758,0.019716758,0.053595703,0.019716758,0.019716758,0.019716758,0.019716758,0.019716758,0.019716758,0.019716758,0.019716758,0.019716758,0.019716758,0.019716758,0.019716758,0.019716758,0.019716758,0.019716758,0.019716758,0.019716758,0.019716758,0.019716758,0.019716758,0.019716758,0.019716758,0.019716758,0.019716758,0.019716758,0.019716758,0.019716758,0.019716758,0.019716758,0.019716758,0.019716758,0.019716758,0.019716758,0.019716758,0.019716758,0.019716758,0.019716758,0.019716758,0.019716758,0.019716758,0.019716758,0.019716758,0.019716758,0.019716758
0.019716758,0.019716758,0.019716758,0.019716758,0.019716758,0.053595703,0.019716758,0.019716758,0.019716758,0.019716758,0.019716758,0.019716758,0.019716758,0.019716758,0.019716758,0.019716758,0.019716758,0.019716758,0.019716758,0.019716758,0.019716758,0.019716758,0.019716758,0.019716758,0.019716758,0.019716758,0.019716758,0.019716758,0.019716758,0.019716758,0.019716758,0.019716758,0.019716758,0.019716758,0.019716758,0.019716758,0.019716758,0.019716758,0.019716758,0.019716758,0.019716758,0.019716758,0.019716758,0.019716758,0.019716758,0.019716758,0.019716758,0.019716758,0.019716758
0.019716758,0.019716758,0.019716758,0.019716758,0.019716758,0.019716758,0.019716758,0.019716758,0.019716758,0.019716758,0.019716758,0.019716758,0.053595703,0.019716758,0.019716758,0.019716758,0.019716758,0.019716758,0.019716758,0.019716758,0.019716758,0.019716758,0.019716758,0.019716758,0.019716758,0.019716758,0.019716758,0.019716758,0.019716758,0.019716758,0.019716758,0.019716758,0.019716758,0.019716758,0.019716758,0.019716758,0.019716758,0.019716758,0.019716758,0.019716758,0.019716758,0.019716758,0.019716758,0.019716758,0.019716758,0.019716758,0.019716758,0.019716758,0.019716758
0.019716758,0.019716758,0.019716758,0.019716758,0.019716758,0.019716758,0.019716758,0.019716758,0.019716758,0.019716758,0.019716758,0.019716758,0.019716758,0.053595703,0.019716758,0.019716758,0.019716758,0.019716758,0.019716758,0.019716758,0.019716758,0.019716758,0.019716758,0.019716758,0.019716758,0.019716758,0.019716758,0.019716758,0.019716758,0.019716758,0.019716758,0.019716758,0.019716758,0.019716758,0.019716758,0.019716758,0.019716758,0.019716758,0.019716758,0.019716758,0.019716758,0.019716758,0.019716758,0.019716758,0.019716758,0.019716758,0.019716758,0.019716758,0.019716758
0.019716758,0.019716758,0.019716758,0.019716758,0.019716758,0.019716758,0.019716758,0.019716758,0.019716758,0.019716758,0.019716758,0.019716758,0.019716758,0.019716758,0.019716758,0.019716758,0.019716758,0.019716758,0.019716758,0.019716758,0.019716758,0.019716758,0.019716758,0.019716758,0.019716758,0.019716758,0.053595703,0.019716758,0.019716758,0.019716758,0.019716758,0.019716758,0.019716758,0.019716758,0.019716758,0.019716758,0.019716758,0.019716758,0.019716758,0.019716758,0.019716758,0.019716758,0.019716758,0.019716758,0.019716758,0.019716758,0.019716758,0.019716758,0.019716758
0.019716758,0.019716758,0.019716758,0.019716758,0.019716758,0.019716758,0.019716758,0.019716758,0.019716758,0.019716758,0.019716758,0.019716758,0.019716758,0.019716758,0.019716758,0.019716758,0.019716758,0.019716758,0.019716758,0.019716758,0.019716758,0.019716758,0.019716758,0.019716758,0.019716758,0.019716758,0.019716758,0.019716758,0.019716758,0.019716758,0.019716758,0.019716758,0.019716758,0.019716758,0.019716758,0.019716758,0.019716758,0.019716758,0.019716758,0.019716758,0.019716758,0.019716758,0.053595703,0.019716758,0.019716758,0.019716758,0.019716758,0.019716758,0.019716758
0.019716758,0.019716758,0.019716758,0.019716758,0.019716758,0.019716758,0.019716758,0.019716758,0.019716758,0.019716758,0.019716758,0.019716758,0.019716758,0.019716758,0.019716758,0.019716758,0.019716758,0.019716758,0.019716758,0.019716758,0.019716758,0.019716758,0.019716758,0.019716758,0.019716758,0.019716758,0.019716758,0.019716758,0.019716758,0.019716758,0.019716758,0.053595707,0.019716758,0.019716758,0.019716758,0.019716758,0.019716758,0.019716758,0.019716758,0.019716758,0.019716758,0.019716758,0.019716758,0.019716758,0.019716758,0.019716758,0.019716758,0.019716758,0.019716758
0.019716758,0.019716758,0.019716758,0.019716758,0.019716758,0.019716758,0.019716758,0.019716758,0.019716758,0.019716758,0.019716758,0.019716758,0.019716758,0.019716758,0.019716758,0.019716758,0.019716758,0.019716758,0.019716758,0.019716758,0.019716758,0.019716758,0.019716758,0.019716758,0.019716758,0.019716758,0.019716758,0.019716758,0.019716758,0.019716758,0.019716758,0.019716758,0.019716758,0.019716758,0.019716758,0.019716758,0.019716758,0.019716758,0.053595703,0.019716758,0.019716758,0.019716758,0.019716758,0.019716758,0.019716758,0.019716758,0.019716758,0.019716758,0.019716758
0.019716758,0.019716758,0.019716758,0.019716758,0.019716758,0.019716758,0.019716758,0.019716758,0.019716758,0.019716758,0.019716758,0.053595703,0.019716758,0.019716758,0.019716758,0.019716758,0.019716758,0.019716758,0.019716758,0.019716758,0.019716758,0.019716758,0.019716758,0.019716758,0.019716758,0.019716758,0.019716758,0.019716758,0.019716758,0.019716758,0.019716758,0.019716758,0.019716758,0.019716758,0.019716758,0.019716758,0.019716758,0.019716758,0.019716758,0.019716758,0.019716758,0.019716758,0.019716758,0.019716758,0.019716758,0.019716758,0.019716758,0.019716758,0.019716758
0.019716758,0.019716758,0.019716758,0.019716758,0.019716758,0.019716758,0.019716758,0.053595707,0.019716758,0.019716758,0.019716758,0.019716758,0.019716758,0.019716758,0.019716758,0.019716758,0.019716758,0.019716758,0.019716758,0.019716758,0.019716758,0.019716758,0.019716758,0.019716758,0.019716758,0.019716758,0.019716758,0.019716758,0.019716758,0.019716758,0.019716758,0.019716758,0.019716758,0.019716758,0.019716758,0.019716758,0.019716758,0.019716758,0.019716758,0.019716758,0.019716758,0.019716758,0.019716758,0.019716758,0.019716758,0.019716758,0.019716758,0.019716758,0.019716758
0.019716758,0.019716758,0.019716758,0.019716758,0.019716758,0.019716758,0.019716758,0.019716758,0.019716758,0.019716758,0.019716758,0.019716758,0.019716758,0.019716758,0.019716758,0.019716758,0.019716758,0.019716758,0.019716758,0.053595703,0.019716758,0.019716758,0.019716758,0.019716758,0.019716758,0.019716758,0.019716758,0.019716758,0.019716758,0.019716758,0.019716758,0.019716758,0.019716758,0.019716758,0.019716758,0.019716758,0.019716758,0.019716758,0.019716758,0.019716758,0.019716758,0.019716758,0.019716758,0.019716758,0.019716758,0.019716758,0.019716758,0.019716758,0.019716758
0.019716758,0.019716758,0.019716758,0.019716758,0.019716758,0.019716758,0.019716758,0.019716758,0.019716758,0.019716758,0.019716758,0.019716758,0.019716758,0.019716758,0.019716758,0.019716758,0.019716758,0.019716758,0.019716758,0.019716758,0.019716758,0.019716758,0.019716758,0.019716758,0.019716758,0.019716758,0.019716758,0.019716758,0.019716758,0.019716758,0.019716758,0.019716758,0.019716758,0.019716758,0.019716758,0.019716758,0.019716758,0.053595703,0.019716758,0.019716758,0.019716758,0.019716758,0.019716758,0.019716758,0.019716758,0.019716758,0.019716758,0.019716758,0.019716758
0.019716758,0.019716758,0.019716758,0.019716758,0.019716758,0.019716758,0.019716758,0.019716758,0.019716758,0.019716758,0.019716758,0.019716758,0.019716758,0.019716758,0.019716758,0.019716758,0.019716758,0.019716758,0.019716758,0.019716758,0.019716758,0.019716758,0.019716758,0.019716758,0.019716758,0.019716758,0.019716758,0.019716758,0.019716758,0.019716758,0.019716758,0.019716758,0.019716758,0.019716758,0.019716758,0.019716758,0.019716758,0.019716758,0.019716758,0.019716758,0.053595703,0.019716758,0.019716758,0.019716758,0.019716758,0.019716758,0.019716758,0.019716758,0.019716758
0.019716758,0.019716758,0.019716758,0.019716758,0.019716758,0.019716758,0.019716758,0.019716758,0.019716758,0.019716758,0.053595703,0.019716758,0.019716758,0.019716758,0.019716758,0.019716758,0.019716758,0.019716758,0.019716758,0.019716758,0.019716758,0.019716758,0.019716758,0.019716758,0.019716758,0.019716758,0.019716758,0.019716758,0.019716758,0.019716758,0.019716758,0.019716758,0.019716758,0.019716758,0.019716758,0.019716758,0.019716758,0.019716758,0.019716758,0.019716758,0.019716758,0.019716758,0.019716758,0.019716758,0.019716758,0.019716758,0.019716758,0.019716758,0.019716758
0.019716758,0.019716758,0.019716758,0.019716758,0.019716758,0.019716758,0.019716758,0.019716758,0.019716758,0.019716758,0.019716758,0.019716758,0.019716758,0.019716758,0.019716758,0.019716758,0.019716758,0.019716758,0.019716758,0.019716758,0.019716758,0.019716758,0.019716758,0.019716758,0.019716758,0.019716758,0.019716758,0.019716758,0.019716758,0.019716758,0.019716758,0.019716758,0.053595703,0.019716758,0.019716758,0.019716758,0.019716758,0.019716758,0.019716758,0.019716758,0.019716758,0.019716758,0.019716758,0.019716758,0.019716758,0.019716758,0.019716758,0.019716758,0.019716758
0.019716758,0.019716758,0.019716758,0.019716758,0.019716758,0.019716758,0.019716758,0.019716758,0.019716758,0.019716758,0.019716758,0.019716758,0.019716758,0.019716758,0.019716758,0.019716758,0.019716758,0.019716758,0.019716758,0.019716758,0.019716758,0.019716758,0.019716758,0.019716758,0.019716758,0.019716758,0.019716758,0.019716758,0.019716758,0.019716758,0.019716758,0.019716758,0.019716758,0.019716758,0.019716758,0.053595703,0.019716758,0.019716758,0.019716758,0.019716758,0.019716758,0.019716758,0.019716758,0.019716758,0.019716758,0.019716758,0.019716758,0.019716758,0.019716758
0.019716758,0.019716758,0.019716758,0.019716758,0.019716758,0.019716758,0.019716758,0.019716758,0.019716758,0.019716758,0.019716758,0.019716758,0.019716758,0.019716758,0.019716758,0.019716758,0.019716758,0.019716758,0.019716758,0.019716758,0.019716758,0.019716758,0.019716758,0.019716758,0.019716758,0.019716758,0.019716758,0.019716758,0.019716758,0.019716758,0.019716758,0.019716758,0.019716758,0.019716758,0.053595703,0.019716758,0.019716758,0.019716758,0.019716758,0.019716758,0.019716758,0.019716758,0.019716758,0.019716758,0.019716758,0.019716758,0.019716758,0.019716758,0.019716758
0.019716758,0.019716758,0.019716758,0.019716758,0.019716758,0.019716758,0.019716758,0.019716758,0.019716758,0.019716758,0.019716758,0.019716758,0.019716758,0.019716758,0.019716758,0.019716758,0.019716758,0.019716758,0.019716758,0.019716758,0.019716758,0.019716758,0.019716758,0.019716758,0.019716758,0.019716758,0.019716758,0.019716758,0.019716758,0.019716758,0.019716758,0.019716758,0.019716758,0.019716758,0.019716758,0.019716758,0.053595703,0.019716758,0.019716758,0.019716758,0.019716758,0.019716758,0.019716758,0.019716758,0.019716758,0.019716758,0.019716758,0.019716758,0.019716758
0.019716758,0.019716758,0.01971681,0.019716758,0.019716758,0.019716758,0.019716758,0.019716758,0.019716758,0.019716758,0.019716758,0.019716758,0.019716758,0.019716758,0.019716758,0.019716758,0.019716758,0.019716758,0.019716758,0.019716758,0.019716758,0.019716758,0.019716758,0.019716758,0.019716758,0.019716758,0.019716758,0.019716758,0.019716758,0.019716758,0.019716758,0.019716758,0.019716758,0.019716758,0.019716758,0.019716758,0.019716758,0.019716758,0.019716758,0.019716758,0.019716758,0.019716758,0.019716758,0.019716758,0.019716758,0.019716758,0.019716758,0.019716758,0.053595576
0.019716758,0.019716758,0.019716758,0.019716758,0.019716758,0.019716758,0.019716758,0.019716758,0.019716758,0.019716758,0.019716758,0.019716758,0.019716758,0.019716758,0.019716758,0.019716758,0.019716758,0.019716758,0.019716758,0.019716758,0.019716758,0.019716758,0.019716758,0.019716758,0.019716758,0.019716758,0.019716758,0.019716758,0.019716758,0.019716758,0.019716758,0.019716758,0.019716758,0.019716758,0.019716758,0.019716758,0.019716758,0.019716758,0.019716758,0.019716758,0.019716758,0.019716758,0.053595703,0.019716758,0.019716758,0.019716758,0.019716758,0.019716758,0.019716758
0.019716758,0.019716758,0.019716758,0.019716758,0.019716758,0.019716758,0.019716758,0.019716758,0.019716758,0.019716758,0.019716758,0.019716758,0.019716758,0.019716758,0.019716758,0.019716758,0.019716758,0.019716758,0.019716758,0.019716758,0.019716758,0.019716758,0.019716758,0.019716758,0.019716758,0.019716758,0.053595703,0.019716758,0.019716758,0.019716758,0.019716758,0.019716758,0.019716758,0.019716758,0.019716758,0.019716758,0.019716758,0.019716758,0.019716758,0.019716758,0.019716758,0.019716758,0.019716758,0.019716758,0.019716758,0.019716758,0.019716758,0.019716758,0.019716758
0.019716758,0.019716758,0.019716758,0.019716758,0.019716758,0.019716758,0.019716758,0.019716758,0.019716758,0.019716758,0.019716758,0.019716758,0.019716758,0.019716758,0.019716758,0.019716758,0.019716758,0.019716758,0.019716758,0.019716758,0.019716758,0.019716758,0.019716758,0.019716758,0.019716758,0.019716758,0.019716758,0.019716758,0.019716758,0.019716758,0.019716758,0.019716758,0.019716758,0.019716758,0.019716758,0.053595703,0.019716758,0.019716758,0.019716758,0.019716758,0.019716758,0.019716758,0.019716758,0.019716758,0.019716758,0.019716758,0.019716758,0.019716758,0.019716758
0.019716758,0.019716758,0.019716758,0.019716758,0.019716758,0.019716758,0.053595703,0.019716758,0.019716758,0.019716758,0.019716758,0.019716758,0.019716758,0.019716758,0.019716758,0.019716758,0.019716758,0.019716758,0.019716758,0.019716758,0.019716758,0.019716758,0.019716758,0.019716758,0.019716758,0.019716758,0.019716758,0.019716758,0.019716758,0.019716758,0.019716758,0.019716758,0.019716758,0.019716758,0.019716758,0.019716758,0.019716758,0.019716758,0.019716758,0.019716758,0.019716758,0.019716758,0.019716758,0.019716758,0.019716758,0.019716758,0.019716758,0.019716758,0.019716758
0.019716758,0.019716758,0.053595703,0.019716758,0.019716758,0.019716758,0.019716758,0.019716758,0.019716758,0.019716758,0.019716758,0.019716758,0.019716758,0.019716758,0.019716758,0.019716758,0.019716758,0.019716758,0.019716758,0.019716758,0.019716758,0.019716758,0.019716758,0.019716758,0.019716758,0.019716758,0.019716758,0.019716758,0.019716758,0.019716758,0.019716758,0.019716758,0.019716758,0.019716758,0.019716758,0.019716758,0.019716758,0.019716758,0.019716758,0.019716758,0.019716758,0.019716758,0.019716758,0.019716758,0.019716758,0.019716758,0.019716758,0.019716758,0.019716758
0.019716758,0.019716758,0.019716758,0.019716758,0.019716758,0.019716758,0.019716758,0.019716758,0.019716758,0.019716758,0.019716758,0.019716758,0.019716758,0.019716758,0.019716758,0.019716758,0.019716758,0.019716758,0.019716758,0.019716758,0.053595703,0.019716758,0.019716758,0.019716758,0.019716758,0.019716758,0.019716758,0.019716758,0.019716758,0.019716758,0.019716758,0.019716758,0.019716758,0.019716758,0.019716758,0.019716758,0.019716758,0.019716758,0.019716758,0.019716758,0.019716758,0.019716758,0.019716758,0.019716758,0.019716758,0.019716758,0.019716758,0.019716758,0.019716758
0.019716758,0.019716758,0.019716758,0.019716758,0.019716758,0.019716758,0.019716758,0.019716758,0.019716758,0.019716758,0.019716758,0.019716758,0.019716758,0.053595703,0.019716758,0.019716758,0.019716758,0.019716758,0.019716758,0.019716758,0.019716758,0.019716758,0.019716758,0.019716758,0.019716758,0.019716758,0.019716758,0.019716758,0.019716758,0.019716758,0.019716758,0.019716758,0.019716758,0.019716758,0.019716758,0.019716758,0.019716758,0.019716758,0.019716758,0.019716758,0.019716758,0.019716758,0.019716758,0.019716758,0.019716758,0.019716758,0.019716758,0.019716758,0.019716758
0.019716758,0.019716758,0.019716758,0.019716758,0.019716758,0.019716758,0.019716758,0.019716758,0.019716758,0.019716758,0.019716758,0.019716758,0.019716758,0.019716758,0.019716758,0.019716758,0.019716758,0.019716758,0.019716758,0.019716758,0.019716758,0.019716758,0.019716758,0.019716758,0.019716758,0.019716758,0.019716758,0.019716758,0.053595703,0.019716758,0.019716758,0.019716758,0.019716758,0.019716758,0.019716758,0.019716758,0.019716758,0.019716758,0.019716758,0.019716758,0.019716758,0.019716758,0.019716758,0.019716758,0.019716758,0.019716758,0.019716758,0.019716758,0.019716758
0.019716758,0.019716758,0.053595703,0.019716758,0.019716758,0.019716758,0.019716758,0.019716758,0.019716758,0.019716758,0.019716758,0.019716758,0.019716758,0.019716758,0.019716758,0.019716758,0.019716758,0.019716758,0.019716758,0.019716758,0.019716758,0.019716758,0.019716758,0.019716758,0.019716758,0.019716758,0.019716758,0.019716758,0.019716758,0.019716758,0.019716758,0.019716758,0.019716758,0.019716758,0.019716758,0.019716758,0.019716758,0.019716758,0.019716758,0.019716758,0.019716758,0.019716758,0.019716758,0.019716758,0.019716758,0.019716758,0.019716758,0.019716758,0.019716758
0.019716758,0.019716758,0.019716758,0.019716758,0.019716758,0.019716758,0.019716758,0.019716758,0.019716758,0.019716758,0.019716758,0.019716758,0.019716758,0.019716758,0.019716758,0.019716758,0.019716758,0.019716758,0.019716758,0.019716758,0.019716758,0.019716758,0.019716758,0.019716758,0.019716758,0.053595703,0.019716758,0.019716758,0.019716758,0.019716758,0.019716758,0.019716758,0.019716758,0.019716758,0.019716758,0.019716758,0.019716758,0.019716758,0.019716758,0.019716758,0.019716758,0.019716758,0.019716758,0.019716758,0.019716758,0.019716758,0.019716758,0.019716758,0.019716758
0.019716758,0.019716758,0.019716758,0.019716758,0.019716758,0.019716758,0.019716758,0.019716758,0.019716758,0.019716758,0.053595703,0.019716758,0.019716758,0.019716758,0.019716758,0.019716758,0.019716758,0.019716758,0.019716758,0.019716758,0.019716758,0.019716758,0.019716758,0.019716758,0.019716758,0.019716758,0.019716758,0.019716758,0.019716758,0.019716758,0.019716758,0.019716758,0.019716758,0.019716758,0.019716758,0.019716758,0.019716758,0.019716758,0.019716758,0.019716758,0.019716758,0.019716758,0.019716758,0.019716758,0.019716758,0.019716758,0.019716758,0.019716758,0.019716758
0.019716758,0.019716758,0.019716758,0.019716758,0.019716758,0.019716758,0.019716758,0.053595707,0.019716758,0.019716758,0.019716758,0.019716758,0.019716758,0.019716758,0.019716758,0.019716758,0.019716758,0.019716758,0.019716758,0.019716758,0.019716758,0.019716758,0.019716758,0.019716758,0.019716758,0.019716758,0.019716758,0.019716758,0.019716758,0.019716758,0.019716758,0.019716758,0.019716758,0.019716758,0.019716758,0.019716758,0.019716758,0.019716758,0.019716758,0.019716758,0.019716758,0.019716758,0.019716758,0.019716758,0.019716758,0.019716758,0.019716758,0.019716758,0.019716758
0.019716758,0.019716758,0.019716758,0.019716758,0.019716758,0.019716758,0.019716758,0.019716758,0.019716758,0.019716758,0.019716758,0.019716758,0.019716758,0.019716758,0.019716758,0.019716758,0.019716758,0.019716758,0.053595703,0.019716758,0.019716758,0.019716758,0.019716758,0.019716758,0.019716758,0.019716758,0.019716758,0.019716758,0.019716758,0.019716758,0.019716758,0.019716758,0.019716758,0.019716758,0.019716758,0.019716758,0.019716758,0.019716758,0.019716758,0.019716758,0.019716758,0.019716758,0.019716758,0.019716758,0.019716758,0.019716758,0.019716758,0.019716758,0.019716758
0.019716758,0.019716758,0.019716758,0.019716758,0.019716758,0.019716758,0.019716758,0.019716758,0.019716758,0.053595703,0.019716758,0.019716758,0.019716758,0.019716758,0.019716758,0.019716758,0.019716758,0.019716758,0.019716758,0.019716758,0.019716758,0.019716758,0.019716758,0.019716758,0.019716758,0.019716758,0.019716758,0.019716758,0.019716758,0.019716758,0.019716758,0.019716758,0.019716758,0.019716758,0.019716758,0.019716758,0.019716758,0.019716758,0.019716758,0.019716758,0.019716758,0.019716758,0.019716758,0.019716758,0.019716758,0.019716758,0.019716758,0.019716758,0.019716758
0.019716758,0.019716758,0.019716758,0.019716758,0.019716758,0.053595703,0.019716758,0.019716758,0.019716758,0.019716758,0.019716758,0.019716758,0.019716758,0.019716758,0.019716758,0.019716758,0.019716758,0.019716758,0.019716758,0.019716758,0.019716758,0.019716758,0.019716758,0.019716758,0.019716758,0.019716758,0.019716758,0.019716758,0.019716758,0.019716758,0.019716758,0.019716758,0.019716758,0.019716758,0.019716758,0.019716758,0.019716758,0.019716758,0.019716758,0.019716758,0.019716758,0.019716758,0.019716758,0.019716758,0.019716758,0.019716758,0.019716758,0.019716758,0.019716758
0.019716758,0.019716758,0.019716758,0.019716758,0.019716758,0.019716758,0.019716758,0.019716758,0.019716758,0.019716758,0.019716758,0.019716758,0.019716758,0.019716758,0.019716758,0.019716758,0.019716758,0.019716758,0.019716758,0.019716758,0.019716758,0.019716758,0.019716758,0.019716758,0.019716758,0.053595703,0.019716758,0.019716758,0.019716758,0.019716758,0.019716758,0.019716758,0.019716758,0.019716758,0.019716758,0.019716758,0.019716758,0.019716758,0.019716758,0.019716758,0.019716758,0.019716758,0.019716758,0.019716758,0.019716758,0.019716758,0.019716758,0.019716758,0.019716758
0.019716758,0.019716758,0.053595703,0.019716758,0.019716758,0.019716758,0.019716758,0.019716758,0.019716758,0.019716758,0.019716758,0.019716758,0.019716758,0.019716758,0.019716758,0.019716758,0.019716758,0.019716758,0.019716758,0.019716758,0.019716758,0.019716758,0.019716758,0.019716758,0.019716758,0.019716758,0.019716758,0.019716758,0.019716758,0.019716758,0.019716758,0.019716758,0.019716758,0.019716758,0.019716758,0.019716758,0.019716758,0.019716758,0.019716758,0.019716758,0.019716758,0.019716758,0.019716758,0.019716758,0.019716758,0.019716758,0.019716758,0.019716758,0.019716758
0.019716758,0.019716758,0.019716758,0.019716758,0.019716758,0.019716758,0.019716758,0.019716758,0.019716758,0.019716758,0.019716758,0.053595703,0.019716758,0.019716758,0.019716758,0.019716758,0.019716758,0.019716758,0.019716758,0.019716758,0.019716758,0.019716758,0.019716758,0.019716758,0.019716758,0.019716758,0.019716758,0.019716758,0.019716758,0.019716758,0.019716758,0.019716758,0.019716758,0.019716758,0.019716758,0.019716758,0.019716758,0.019716758,0.019716758,0.019716758,0.019716758,0.019716758,0.019716758,0.019716758,0.019716758,0.019716758,0.019716758,0.019716758,0.019716758
0.019716758,0.019716758,0.019716758,0.019716758,0.019716758,0.019716758,0.019716758,0.019716758,0.019716758,0.019716758,0.019716758,0.019716758,0.053595703,0.019716758,0.019716758,0.019716758,0.019716758,0.019716758,0.019716758,0.019716758,0.019716758,0.019716758,0.019716758,0.019716758,0.019716758,0.019716758,0.019716758,0.019716758,0.019716758,0.019716758,0.019716758,0.019716758,0.019716758,0.019716758,0.019716758,0.019716758,0.019716758,0.019716758,0.019716758,0.019716758,0.019716758,0.019716758,0.019716758,0.019716758,0.019716758,0.019716758,0.019716758,0.019716758,0.019716758
0.019716758,0.019716758,0.019716758,0.019716758,0.019716758,0.019716758,0.019716758,0.019716758,0.019716758,0.019716758,0.019716758,0.019716758,0.019716758,0.019716758,0.019716758,0.019716758,0.019716758,0.019716758,0.019716758,0.019716758,0.019716758,0.019716758,0.019716758,0.019716758,0.019716758,0.019716758,0.019716758,0.019716758,0.019716758,0.019716758,0.019716758,0.019716758,0.019716758,0.019716758,0.019716758,0.019716758,0.019716758,0.019716758,0.019716758,0.019716758,0.019716758,0.019716758,0.053595703,0.019716758,0.019716758,0.019716758,0.019716758,0.019716758,0.019716758
0.019716758,0.019716758,0.019716758,0.019716758,0.019716758,0.019716758,0.019716758,0.019716758,0.019716758,0.019716758,0.019716758,0.019716758,0.019716758,0.019716758,0.019716758,0.019716758,0.019716758,0.019716758,0.019716758,0.019716758,0.019716758,0.019716758,0.019716758,0.019716758,0.019716758,0.019716758,0.019716758,0.019716758,0.053595703,0.019716758,0.019716758,0.019716758,0.019716758,0.019716758,0.019716758,0.019716758,0.019716758,0.019716758,0.019716758,0.019716758,0.019716758,0.019716758,0.019716758,0.019716758,0.019716758,0.019716758,0.019716758,0.019716758,0.019716758
0.019716758,0.019716758,0.019716758,0.019716758,0.019716758,0.019716758,0.019716758,0.019716758,0.019716758,0.019716758,0.019716758,0.019716758,0.019716758,0.019716758,0.019716758,0.019716758,0.019716758,0.019716758,0.019716758,0.019716758,0.019716758,0.019716758,0.019716758,0.019716758,0.019716758,0.019716758,0.019716758,0.019716758,0.019716758,0.019716758,0.019716758,0.053595707,0.019716758,0.019716758,0.019716758,0.019716758,0.019716758,0.019716758,0.019716758,0.019716758,0.019716758,0.019716758,0.019716758,0.019716758,0.019716758,0.019716758,0.019716758,0.019716758,0.019716758
0.019716758,0.019716758,0.019716758,0.019716758,0.019716758,0.019716758,0.019716758,0.019716758,0.019716758,0.019716758,0.019716758,0.019716758,0.019716758,0.019716758,0.019716758,0.019716758,0.019716758,0.019716758,0.019716758,0.019716758,0.019716758,0.019716758,0.019716758,0.019716758,0.019716758,0.019716758,0.019716758,0.019716758,0.019716758,0.019716758,0.019716758,0.019716758,0.019716758,0.019716758,0.019716758,0.019716758,0.019716758,0.019716758,0.019716758,0.019716758,0.019716758,0.019716758,0.019716758,0.053595703,0.019716758,0.019716758,0.019716758,0.019716758,0.019716758
0.019716758,0.019716758,0.019716758,0.019716758,0.019716758,0.019716758,0.019716758,0.019716758,0.019716758,0.019716758,0.019716758,0.019716758,0.019716758,0.019716758,0.019716758,0.019716758,0.019716758,0.019716758,0.019716758,0.019716758,0.019716758,0.019716758,0.019716758,0.019716758,0.019716758,0.019716758,0.019716758,0.053595703,0.019716758,0.019716758,0.019716758,0.019716758,0.019716758,0.019716758,0.019716758,0.019716758,0.019716758,0.019716758,0.019716758,0.019716758,0.019716758,0.019716758,0.019716758,0.019716758,0.019716758,0.019716758,0.019716758,0.019716758,0.019716758
0.019716758,0.019716758,0.019716758,0.019716758,0.019716758,0.019716758,0.019716758,0.053595707,0.019716758,0.019716758,0.019716758,0.019716758,0.019716758,0.019716758,0.019716758,0.019716758,0.019716758,0.019716758,0.019716758,0.019716758,0.019716758,0.019716758,0.019716758,0.019716758,0.019716758,0.019716758,0.019716758,0.019716758,0.019716758,0.019716758,0.019716758,0.019716758,0.019716758,0.019716758,0.019716758,0.019716758,0.019716758,0.019716758,0.019716758,0.019716758,0.019716758,0.019716758,0.019716758,0.019716758,0.019716758,0.019716758,0.019716758,0.019716758,0.019716758
0.019716758,0.019716758,0.019716758,0.019716758,0.019716758,0.019716758,0.019716758,0.019716758,0.053595703,0.019716758,0.019716758,0.019716758,0.019716758,0.019716758,0.019716758,0.019716758,0.019716758,0.019716758,0.019716758,0.019716758,0.019716758,0.019716758,0.019716758,0.019716758,0.019716758,0.019716758,0.019716758,0.019716758,0.019716758,0.019716758,0.019716758,0.019716758,0.019716758,0.019716758,0.019716758,0.019716758,0.019716758,0.019716758,0.019716758,0.019716758,0.019716758,0.019716758,0.019716758,0.019716758,0.019716758,0.019716758,0.019716758,0.019716758,0.019716758
0.019716758,0.019716758,0.019716758,0.019716758,0.019716758,0.019716758,0.019716758,0.019716758,0.019716758,0.019716758,0.019716758,0.053595703,0.019716758,0.019716758,0.019716758,0.019716758,0.019716758,0.019716758,0.019716758,0.019716758,0.019716758,0.019716758,0.019716758,0.019716758,0.019716758,0.019716758,0.019716758,0.019716758,0.019716758,0.019716758,0.019716758,0.019716758,0.019716758,0.019716758,0.019716758,0.019716758,0.019716758,0.019716758,0.019716758,0.019716758,0.019716758,0.019716758,0.019716758,0.019716758,0.019716758,0.019716758,0.019716758,0.019716758,0.019716758
0.019716758,0.019716758,0.053595703,0.019716758,0.019716758,0.019716758,0.019716758,0.019716758,0.019716758,0.019716758,0.019716758,0.019716758,0.019716758,0.019716758,0.019716758,0.019716758,0.019716758,0.019716758,0.019716758,0.019716758,0.019716758,0.019716758,0.019716758,0.019716758,0.019716758,0.019716758,0.019716758,0.019716758,0.019716758,0.019716758,0.019716758,0.019716758,0.019716758,0.019716758,0.019716758,0.019716758,0.019716758,0.019716758,0.019716758,0.019716758,0.019716758,0.019716758,0.019716758,0.019716758,0.019716758,0.019716758,0.019716758,0.019716758,0.019716758
0.019716758,0.019716758,0.019716758,0.019716758,0.019716758,0.019716758,0.019716758,0.019716758,0.019716758,0.019716758,0.019716758,0.019716758,0.019716758,0.019716758,0.019716758,0.019716758,0.019716758,0.019716758,0.019716758,0.019716758,0.019716758,0.019716758,0.019716758,0.019716758,0.019716758,0.019716758,0.019716758,0.019716758,0.019716758,0.019716758,0.019716758,0.019716758,0.019716758,0.019716758,0.019716758,0.019716758,0.019716758,0.019716758,0.053595703,0.019716758,0.019716758,0.019716758,0.019716758,0.019716758,0.019716758,0.019716758,0.019716758,0.019716758,0.019716758
0.019716758,0.019716758,0.019716758,0.019716758,0.019716758,0.019716758,0.019716758,0.019716758,0.019716758,0.019716758,0.019716758,0.019716758,0.019716758,0.019716758,0.019716758,0.019716758,0.019716758,0.019716758,0.019716758,0.019716758,0.019716758,0.019716758,0.019716758,0.019716758,0.019716758,0.019716758,0.019716758,0.019716758,0.019716758,0.019716758,0.019716758,0.019716758,0.019716758,0.019716758,0.019716758,0.019716758,0.019716758,0.019716758,0.019716758,0.053595707,0.019716758,0.019716758,0.019716758,0.019716758,0.019716758,0.019716758,0.019716758,0.019716758,0.019716758
0.019716758,0.019716758,0.019716758,0.019716758,0.019716758,0.019716758,0.019716758,0.019716758,0.019716758,0.019716758,0.019716758,0.019716758,0.053595703,0.019716758,0.019716758,0.019716758,0.019716758,0.019716758,0.019716758,0.019716758,0.019716758,0.019716758,0.019716758,0.019716758,0.019716758,0.019716758,0.019716758,0.019716758,0.019716758,0.019716758,0.019716758,0.019716758,0.019716758,0.019716758,0.019716758,0.019716758,0.019716758,0.019716758,0.019716758,0.019716758,0.019716758,0.019716758,0.019716758,0.019716758,0.019716758,0.019716758,0.019716758,0.019716758,0.019716758
0.019716758,0.019716758,0.019716758,0.019716758,0.019716758,0.019716758,0.019716758,0.019716758,0.019716758,0.019716758,0.019716758,0.019716758,0.019716758,0.019716758,0.019716758,0.019716758,0.019716758,0.019716758,0.019716758,0.019716758,0.019716758,0.019716758,0.019716758,0.019716758,0.019716758,0.019716758,0.019716758,0.019716758,0.019716758,0.019716758,0.019716758,0.019716758,0.019716758,0.019716758,0.019716758,0.019716758,0.053595703,0.019716758,0.019716758,0.019716758,0.019716758,0.019716758,0.019716758,0.019716758,0.019716758,0.019716758,0.019716758,0.019716758,0.019716758
0.019716758,0.019716758,0.019716758,0.019716758,0.019716758,0.053595703,0.019716758,0.019716758,0.019716758,0.019716758,0.019716758,0.019716758,0.019716758,0.019716758,0.019716758,0.019716758,0.019716758,0.019716758,0.019716758,0.019716758,0.019716758,0.019716758,0.019716758,0.019716758,0.019716758,0.019716758,0.019716758,0.019716758,0.019716758,0.019716758,0.019716758,0.019716758,0.019716758,0.019716758,0.019716758,0.019716758,0.019716758,0.019716758,0.019716758,0.019716758,0.019716758,0.019716758,0.019716758,0.019716758,0.019716758,0.019716758,0.019716758,0.019716758,0.019716758
0.019716758,0.019716758,0.019716758,0.019716758,0.019716758,0.019716758,0.019716758,0.019716758,0.019716758,0.019716758,0.019716758,0.019716758,0.019716758,0.019716758,0.019716758,0.019716758,0.019716758,0.019716758,0.019716758,0.019716758,0.019716758,0.019716758,0.019716758,0.019716758,0.019716758,0.019716758,0.019716758,0.019716758,0.019716758,0.019716758,0.019716758,0.019716758,0.019716758,0.019716758,0.019716758,0.019716758,0.019716758,0.019716758,0.019716758,0.019716758,0.019716758,0.019716758,0.053595703,0.019716758,0.019716758,0.019716758,0.019716758,0.019716758,0.019716758
0.019716758,0.019716758,0.019716758,0.019716758,0.019716758,0.019716758,0.019716758,0.019716758,0.019716758,0.019716758,0.019716758,0.019716758,0.019716758,0.019716758,0.053595703,0.019716758,0.019716758,0.019716758,0.019716758,0.019716758,0.019716758,0.019716758,0.019716758,0.019716758,0.019716758,0.019716758,0.019716758,0.019716758,0.019716758,0.019716758,0.019716758,0.019716758,0.019716758,0.019716758,0.019716758,0.019716758,0.019716758,0.019716758,0.019716758,0.019716758,0.019716758,0.019716758,0.019716758,0.019716758,0.019716758,0.019716758,0.019716758,0.019716758,0.019716758
0.019716758,0.019716758,0.019716758,0.019716758,0.019716758,0.019716758,0.019716758,0.019716758,0.019716758,0.019716758,0.019716758,0.019716758,0.019716758,0.019716758,0.019716758,0.019716758,0.019716758,0.019716758,0.019716758,0.019716758,0.019716758,0.019716758,0.019716758,0.019716758,0.019716758,0.019716758,0.019716758,0.019716758,0.019716758,0.019716758,0.019716758,0.019716758,0.019716758,0.053595703,0.019716758,0.019716758,0.019716758,0.019716758,0.019716758,0.019716758,0.019716758,0.019716758,0.019716758,0.019716758,0.019716758,0.019716758,0.019716758,0.019716758,0.019716758
0.019716758,0.019716758,0.019716758,0.019716758,0.019716758,0.019716758,0.019716758,0.019716758,0.019716758,0.019716758,0.019716758,0.019716758,0.019716758,0.019716758,0.019716758,0.019716758,0.019716758,0.019716758,0.019716758,0.019716758,0.019716758,0.019716758,0.019716758,0.019716758,0.019716758,0.019716758,0.019716758,0.019716758,0.019716758,0.019716758,0.019716758,0.019716758,0.019716758,0.019716758,0.019716758,0.053595703,0.019716758,0.019716758,0.019716758,0.019716758,0.019716758,0.019716758,0.019716758,0.019716758,0.019716758,0.019716758,0.019716758,0.019716758,0.019716758
0.019716758,0.019716758,0.019716758,0.019716758,0.019716758,0.019716758,0.019716758,0.019716758,0.019716758,0.019716758,0.019716758,0.019716758,0.019716758,0.019716758,0.019716758,0.019716758,0.019716758,0.019716758,0.019716758,0.019716758,0.019716758,0.019716758,0.019716758,0.019716758,0.019716758,0.019716758,0.019716758,0.019716758,0.019716758,0.019716758,0.019716758,0.019716758,0.019716758,0.019716758,0.019716758,0.019716758,0.019716758,0.019716758,0.019716758,0.019716758,0.019716758,0.019716758,0.019716758,0.019716758,0.019716758,0.019716758,0.019716758,0.053595707,0.019716758
0.019716758,0.019716758,0.019716758,0.019716758,0.019716758,0.019716758,0.019716758,0.019716758,0.019716758,0.019716758,0.019716758,0.019716758,0.019716758,0.019716758,0.019716758,0.019716758,0.019716758,0.019716758,0.019716758,0.053595703,0.019716758,0.019716758,0.019716758,0.019716758,0.019716758,0.019716758,0.019716758,0.019716758,0.019716758,0.019716758,0.019716758,0.019716758,0.019716758,0.019716758,0.019716758,0.019716758,0.019716758,0.019716758,0.019716758,0.019716758,0.019716758,0.019716758,0.019716758,0.019716758,0.019716758,0.019716758,0.019716758,0.019716758,0.019716758
0.019716758,0.019716758,0.019716758,0.019716758,0.019716758,0.019716758,0.019716758,0.019716758,0.019716758,0.053595703,0.019716758,0.019716758,0.019716758,0.019716758,0.019716758,0.019716758,0.019716758,0.019716758,0.019716758,0.019716758,0.019716758,0.019716758,0.019716758,0.019716758,0.019716758,0.019716758,0.019716758,0.019716758,0.019716758,0.019716758,0.019716758,0.019716758,0.019716758,0.019716758,0.019716758,0.019716758,0.019716758,0.019716758,0.019716758,0.019716758,0.019716758,0.019716758,0.019716758,0.019716758,0.019716758,0.019716758,0.019716758,0.019716758,0.019716758
0.019716758,0.019716758,0.019716758,0.019716758,0.019716758,0.019716758,0.019716758,0.019716758,0.019716758,0.019716758,0.019716758,0.019716758,0.019716758,0.019716758,0.019716758,0.019716758,0.019716758,0.019716758,0.019716758,0.019716758,0.019716758,0.019716758,0.019716758,0.019716758,0.019716758,0.019716758,0.019716758,0.019716758,0.019716758,0.019716758,0.019716758,0.053595707,0.019716758,0.019716758,0.019716758,0.019716758,0.019716758,0.019716758,0.019716758,0.019716758,0.019716758,0.019716758,0.019716758,0.019716758,0.019716758,0.019716758,0.019716758,0.019716758,0.019716758
0.019716758,0.019716758,0.019716758,0.019716758,0.019716758,0.019716758,0.019716758,0.019716758,0.019716758,0.019716758,0.019716758,0.019716758,0.019716758,0.019716758,0.019716758,0.019716758,0.019716758,0.019716758,0.019716758,0.019716758,0.019716758,0.019716758,0.019716758,0.019716758,0.019716758,0.019716758,0.019716758,0.019716758,0.019716758,0.019716758,0.019716758,0.019716758,0.019716758,0.019716758,0.019716758,0.053595703,0.019716758,0.019716758,0.019716758,0.019716758,0.019716758,0.019716758,0.019716758,0.019716758,0.019716758,0.019716758,0.019716758,0.019716758,0.019716758
0.019716758,0.019716758,0.019716758,0.019716758,0.019716758,0.019716758,0.019716758,0.019716758,0.019716758,0.019716758,0.019716758,0.019716758,0.019716758,0.019716758,0.019716758,0.019716758,0.019716758,0.019716758,0.019716758,0.019716758,0.019716758,0.019716758,0.019716758,0.019716758,0.019716758,0.019716758,0.019716758,0.019716758,0.019716758,0.019716758,0.019716758,0.019716758,0.019716758,0.019716758,0.019716758,0.019716758,0.019716758,0.019716758,0.019716758,0.019716758,0.019716758,0.053595703,0.019716758,0.019716758,0.019716758,0.019716758,0.019716758,0.019716758,0.019716758
0.019716758,0.019716758,0.019716758,0.019716758,0.019716758,0.019716758,0.019716758,0.019716758,0.019716758,0.019716758,0.019716758,0.019716758,0.019716758,0.019716758,0.019716758,0.019716758,0.019716758,0.019716758,0.019716758,0.019716758,0.019716758,0.019716758,0.019716758,0.019716758,0.019716758,0.019716758,0.019716758,0.019716758,0.019716758,0.019716758,0.053595703,0.019716758,0.019716758,0.019716758,0.019716758,0.019716758,0.019716758,0.019716758,0.019716758,0.019716758,0.019716758,0.019716758,0.019716758,0.019716758,0.019716758,0.019716758,0.019716758,0.019716758,0.019716758
0.019716758,0.019716758,0.019716758,0.019716758,0.019716758,0.019716758,0.019716758,0.019716758,0.019716758,0.019716758,0.019716758,0.019716758,0.019716758,0.019716758,0.019716758,0.019716758,0.019716758,0.019716758,0.019716758,0.019716758,0.019716758,0.019716758,0.019716758,0.019716758,0.019716758,0.019716758,0.019716758,0.019716758,0.019716758,0.019716758,0.019716758,0.019716758,0.019716758,0.053595703,0.019716758,0.019716758,0.019716758,0.019716758,0.019716758,0.019716758,0.019716758,0.019716758,0.019716758,0.019716758,0.019716758,0.019716758,0.019716758,0.019716758,0.019716758
0.019717526,0.019717526,0.019717526,0.019717526,0.019717526,0.019717526,0.019740295,0.019717526,0.019717526,0.019717526,0.019717526,0.019717526,0.019717526,0.019717526,0.019717526,0.019717526,0.019717526,0.019717526,0.019717526,0.019717526,0.019717526,0.019717526,0.019717526,0.019717526,0.019717526,0.019717526,0.019717526,0.019717526,0.019717526,0.019717526,0.019717526,0.019717526,0.019717526,0.019717526,0.019717526,0.019717526,0.019717526,0.019717526,0.05353597,0.019717526,0.019717526,0.019717526,0.019717526,0.019717526,0.019717526,0.019717526,0.019717526,0.019717526,0.019717526
0.019716758,0.019716758,0.019716758,0.019716758,0.019716758,0.019716758,0.019716758,0.019716758,0.019716758,0.019716758,0.019716758,0.019716758,0.019716758,0.019716758,0.019716758,0.019716758,0.019716758,0.019716758,0.019716758,0.019716758,0.019716758,0.019716758,0.019716758,0.019716758,0.019716758,0.019716758,0.019716758,0.019716758,0.019716758,0.019716758,0.019716758,0.019716758,0.019716758,0.019716758,0.019716758,0.019716758,0.019716758,0.019716758,0.019716758,0.019716758,0.053595703,0.019716758,0.019716758,0.019716758,0.019716758,0.019716758,0.019716758,0.019716758,0.019716758
0.019716758,0.019716758,0.019716758,0.019716758,0.019716758,0.019716758,0.019716758,0.019716758,0.019716758,0.019716758,0.019716758,0.019716758,0.019716758,0.019716758,0.019716758,0.019716758,0.019716758,0.019716758,0.019716758,0.019716758,0.019716758,0.019716758,0.019716758,0.019716758,0.019716758,0.019716758,0.019716758,0.053595703,0.019716758,0.019716758,0.019716758,0.019716758,0.019716758,0.019716758,0.019716758,0.019716758,0.019716758,0.019716758,0.019716758,0.019716758,0.019716758,0.019716758,0.019716758,0.019716758,0.019716758,0.019716758,0.019716758,0.019716758,0.019716758
0.019716758,0.019716758,0.019716758,0.019716758,0.019716758,0.019716758,0.019716758,0.019716758,0.019716758,0.019716758,0.019716758,0.019716758,0.019716758,0.019716758,0.019716758,0.019716758,0.019716758,0.019716758,0.053595703,0.019716758,0.019716758,0.019716758,0.019716758,0.019716758,0.019716758,0.019716758,0.019716758,0.019716758,0.019716758,0.019716758,0.019716758,0.019716758,0.019716758,0.019716758,0.019716758,0.019716758,0.019716758,0.019716758,0.019716758,0.019716758,0.019716758,0.019716758,0.019716758,0.019716758,0.019716758,0.019716758,0.019716758,0.019716758,0.019716758
0.019716758,0.019716758,0.019716758,0.019716758,0.019716758,0.019716758,0.019716758,0.019716758,0.019716758,0.019716758,0.019716758,0.019716758,0.019716758,0.019716758,0.019716758,0.019716758,0.019716758,0.053595703,0.019716758,0.019716758,0.019716758,0.019716758,0.019716758,0.019716758,0.019716758,0.019716758,0.019716758,0.019716758,0.019716758,0.019716758,0.019716758,0.019716758,0.019716758,0.019716758,0.019716758,0.019716758,0.019716758,0.019716758,0.019716758,0.019716758,0.019716758,0.019716758,0.019716758,0.019716758,0.019716758,0.019716758,0.019716758,0.019716758,0.019716758
0.019716758,0.019716758,0.019716758,0.019716758,0.019716758,0.019716758,0.019716758,0.019716758,0.019716758,0.019716758,0.019716758,0.019716758,0.019716758,0.019716758,0.019716758,0.019716758,0.019716758,0.019716758,0.019716758,0.019716758,0.053595703,0.019716758,0.019716758,0.019716758,0.019716758,0.019716758,0.019716758,0.019716758,0.019716758,0.019716758,0.019716758,0.019716758,0.019716758,0.019716758,0.019716758,0.019716758,0.019716758,0.019716758,0.019716758,0.019716758,0.019716758,0.019716758,0.019716758,0.019716758,0.019716758,0.019716758,0.019716758,0.019716758,0.019716758
0.019716758,0.019716758,0.019716758,0.019716758,0.019716758,0.019716758,0.019716758,0.019716758,0.019716758,0.019716758,0.019716758,0.019716758,0.019716758,0.019716758,0.019716758,0.019716758,0.019716758,0.019716758,0.019716758,0.019716758,0.019716758,0.019716758,0.019716758,0.019716758,0.019716758,0.019716758,0.019716758,0.019716758,0.019716758,0.019716758,0.019716758,0.019716758,0.019716758,0.019716758,0.019716758,0.019716758,0.019716758,0.019716758,0.019716758,0.019716758,0.019716758,0.019716758,0.019716758,0.019716758,0.019716758,0.019716758,0.053595703,0.019716758,0.019716758
0.019716758,0.019716758,0.019716758,0.019716758,0.019716758,0.019716758,0.019716758,0.019716758,0.019716758,0.019716758,0.019716758,0.019716758,0.019716758,0.019716758,0.019716758,0.019716758,0.019716758,0.019716758,0.019716758,0.019716758,0.019716758,0.019716758,0.019716758,0.053595707,0.019716758,0.019716758,0.019716758,0.019716758,0.019716758,0.019716758,0.019716758,0.019716758,0.019716758,0.019716758,0.019716758,0.019716758,0.019716758,0.019716758,0.019716758,0.019716758,0.019716758,0.019716758,0.019716758,0.019716758,0.019716758,0.019716758,0.019716758,0.019716758,0.019716758
0.019716758,0.019716758,0.053595703,0.019716758,0.019716758,0.019716758,0.019716758,0.019716758,0.019716758,0.019716758,0.019716758,0.019716758,0.019716758,0.019716758,0.019716758,0.019716758,0.019716758,0.019716758,0.019716758,0.019716758,0.019716758,0.019716758,0.019716758,0.019716758,0.019716758,0.019716758,0.019716758,0.019716758,0.019716758,0.019716758,0.019716758,0.019716758,0.019716758,0.019716758,0.019716758,0.019716758,0.019716758,0.019716758,0.019716758,0.019716758,0.019716758,0.019716758,0.019716758,0.019716758,0.019716758,0.019716758,0.019716758,0.019716758,0.019716758
0.019716758,0.019716758,0.053595703,0.019716758,0.019716758,0.019716758,0.019716758,0.019716758,0.019716758,0.019716758,0.019716758,0.019716758,0.019716758,0.019716758,0.019716758,0.019716758,0.019716758,0.019716758,0.019716758,0.019716758,0.019716758,0.019716758,0.019716758,0.019716758,0.019716758,0.019716758,0.019716758,0.019716758,0.019716758,0.019716758,0.019716758,0.019716758,0.019716758,0.019716758,0.019716758,0.019716758,0.019716758,0.019716758,0.019716758,0.019716758,0.019716758,0.019716758,0.019716758,0.019716758,0.019716758,0.019716758,0.019716758,0.019716758,0.019716758
0.019716758,0.019716758,0.019716758,0.019716758,0.019716758,0.019716758,0.019716758,0.019716758,0.019716758,0.019716758,0.019716758,0.019716758,0.019716758,0.019716758,0.019716758,0.019716758,0.019716758,0.019716758,0.019716758,0.019716758,0.019716758,0.019716758,0.019716758,0.019716758,0.019716758,0.019716758,0.019716758,0.019716758,0.019716758,0.019716758,0.019716758,0.019716758,0.019716758,0.019716758,0.053595703,0.019716758,0.019716758,0.019716758,0.019716758,0.019716758,0.019716758,0.019716758,0.019716758,0.019716758,0.019716758,0.019716758,0.019716758,0.019716758,0.019716758
0.019716758,0.019716758,0.019716758,0.019716758,0.019716758,0.019716758,0.019716758,0.019716758,0.019716758,0.019716758,0.019716758,0.019716758,0.019716758,0.053595703,0.019716758,0.019716758,0.019716758,0.019716758,0.019716758,0.019716758,0.019716758,0.019716758,0.019716758,0.019716758,0.019716758,0.019716758,0.019716758,0.019716758,0.019716758,0.019716758,0.019716758,0.019716758,0.019716758,0.019716758,0.019716758,0.019716758,0.019716758,0.019716758,0.019716758,0.019716758,0.019716758,0.019716758,0.019716758,0.019716758,0.019716758,0.019716758,0.019716758,0.019716758,0.019716758
0.019716758,0.019716758,0.019716758,0.019716758,0.019716758,0.019716758,0.019716758,0.053595707,0.019716758,0.019716758,0.019716758,0.019716758,0.019716758,0.019716758,0.019716758,0.019716758,0.019716758,0.019716758,0.019716758,0.019716758,0.019716758,0.019716758,0.019716758,0.019716758,0.019716758,0.019716758,0.019716758,0.019716758,0.019716758,0.019716758,0.019716758,0.019716758,0.019716758,0.019716758,0.019716758,0.019716758,0.019716758,0.019716758,0.019716758,0.019716758,0.019716758,0.019716758,0.019716758,0.019716758,0.019716758,0.019716758,0.019716758,0.019716758,0.019716758
0.019717058,0.019717058,0.019717058,0.019717058,0.019717058,0.019717058,0.019717058,0.019717058,0.019717058,0.019717058,0.019717058,0.019717058,0.019717058,0.019717058,0.019717058,0.019717058,0.019717058,0.019717058,0.019717058,0.019717058,0.019717058,0.019717058,0.019717058,0.019717058,0.019717058,0.019717058,0.019717058,0.053572174,0.019717058,0.019717058,0.019717058,0.019717058,0.019717058,0.019717058,0.019717058,0.019717058,0.019717058,0.019717058,0.019717058,0.019717058,0.019717058,0.019717058,0.019717058,0.019717058,0.019717058,0.01972602,0.019717058,0.019717058,0.019717058
0.019716758,0.019716758,0.019716758,0.019716758,0.019716758,0.019716758,0.019716758,0.019716758,0.019716758,0.019716758,0.019716758,0.019716758,0.019716758,0.019716758,0.019716758,0.019716758,0.019716758,0.019716758,0.019716758,0.019716758,0.019716758,0.019716758,0.019716758,0.019716758,0.053595703,0.019716758,0.019716758,0.019716758,0.019716758,0.019716758,0.019716758,0.019716758,0.019716758,0.019716758,0.019716758,0.019716758,0.019716758,0.019716758,0.019716758,0.019716758,0.019716758,0.019716758,0.019716758,0.019716758,0.019716758,0.019716758,0.019716758,0.019716758,0.019716758
0.019716758,0.019716758,0.019716758,0.019716758,0.019716758,0.019716758,0.019716758,0.019716758,0.019716758,0.019716758,0.019716758,0.019716758,0.019716758,0.019716758,0.019716758,0.019716758,0.019716758,0.019716758,0.019716758,0.053595703,0.019716758,0.019716758,0.019716758,0.019716758,0.019716758,0.019716758,0.019716758,0.019716758,0.019716758,0.019716758,0.019716758,0.019716758,0.019716758,0.019716758,0.019716758,0.019716758,0.019716758,0.019716758,0.019716758,0.019716758,0.019716758,0.019716758,0.019716758,0.019716758,0.019716758,0.019716758,0.019716758,0.019716758,0.019716758
0.019716758,0.019716758,0.019716758,0.019716758,0.019716758,0.019716758,0.019716758,0.019716758,0.019716758,0.019716758,0.053595703,0.019716758,0.019716758,0.019716758,0.019716758,0.019716758,0.019716758,0.019716758,0.019716758,0.019716758,0.019716758,0.019716758,0.019716758,0.019716758,0.019716758,0.019716758,0.019716758,0.019716758,0.019716758,0.019716758,0.019716758,0.019716758,0.019716758,0.019716758,0.019716758,0.019716758,0.019716758,0.019716758,0.019716758,0.019716758,0.019716758,0.019716758,0.019716758,0.019716758,0.019716758,0.019716758,0.019716758,0.019716758,0.019716758
0.019716758,0.019716758,0.019716758,0.019716758,0.019716758,0.019716758,0.019716758,0.019716758,0.019716758,0.019716758,0.019716758,0.053595703,0.019716758,0.019716758,0.019716758,0.019716758,0.019716758,0.019716758,0.019716758,0.019716758,0.019716758,0.019716758,0.019716758,0.019716758,0.019716758,0.019716758,0.019716758,0.019716758,0.019716758,0.019716758,0.019716758,0.019716758,0.019716758,0.019716758,0.019716758,0.019716758,0.019716758,0.019716758,0.019716758,0.019716758,0.019716758,0.019716758,0.019716758,0.019716758,0.019716758,0.019716758,0.019716758,0.019716758,0.019716758
0.019716758,0.019716758,0.019716758,0.019716758,0.019716758,0.019716758,0.019716758,0.019716758,0.019716758,0.019716758,0.019716758,0.019716758,0.019716758,0.019716758,0.019716758,0.019716758,0.019716758,0.019716758,0.019716758,0.019716758,0.019716758,0.019716758,0.019716758,0.019716758,0.019716758,0.019716758,0.019716758,0.019716758,0.019716758,0.053595703,0.019716758,0.019716758,0.019716758,0.019716758,0.019716758,0.019716758,0.019716758,0.019716758,0.019716758,0.019716758,0.019716758,0.019716758,0.019716758,0.019716758,0.019716758,0.019716758,0.019716758,0.019716758,0.019716758
0.019716758,0.019716758,0.019716758,0.019716758,0.019716758,0.019716758,0.019716758,0.019716758,0.019716758,0.019716758,0.019716758,0.019716758,0.019716758,0.019716758,0.019716758,0.019716758,0.019716758,0.019716758,0.019716758,0.019716758,0.019716758,0.019716758,0.019716758,0.019716758,0.019716758,0.019716758,0.019716758,0.019716758,0.019716758,0.019716758,0.019716758,0.019716758,0.019716758,0.019716758,0.019716758,0.019716758,0.019716758,0.053595703,0.019716758,0.019716758,0.019716758,0.019716758,0.019716758,0.019716758,0.019716758,0.019716758,0.019716758,0.019716758,0.019716758
0.019716758,0.019716758,0.019716758,0.019716758,0.019716758,0.019716758,0.019716758,0.019716758,0.019716758,0.019716758,0.019716758,0.019716758,0.019716758,0.019716758,0.019716758,0.019716758,0.019716758,0.019716758,0.019716758,0.019716758,0.019716758,0.019716758,0.019716758,0.019716758,0.019716758,0.019716758,0.019716758,0.019716758,0.019716758,0.019716758,0.019716758,0.019716758,0.019716758,0.019716758,0.019716758,0.019716758,0.019716758,0.019716758,0.019716758,0.019716758,0.019716758,0.053595703,0.019716758,0.019716758,0.019716758,0.019716758,0.019716758,0.019716758,0.019716758
0.019716758,0.019716758,0.019716758,0.019716758,0.019716758,0.019716758,0.019716758,0.019716758,0.019716758,0.019716758,0.019716758,0.019716758,0.019716758,0.019716758,0.019716758,0.019716758,0.019716758,0.019716758,0.019716758,0.019716758,0.019716758,0.019716758,0.019716758,0.019716758,0.019716758,0.019716758,0.019716758,0.019716758,0.019716758,0.019716758,0.019716758,0.019716758,0.019716758,0.019716758,0.019716758,0.019716758,0.019716758,0.053595703,0.019716758,0.019716758,0.019716758,0.019716758,0.019716758,0.019716758,0.019716758,0.019716758,0.019716758,0.019716758,0.019716758
0.019716758,0.019716758,0.019716758,0.019716758,0.019716758,0.019716758,0.019716758,0.019716758,0.019716758,0.019716758,0.019716758,0.019716758,0.019716758,0.019716758,0.019716758,0.019716758,0.019716758,0.019716758,0.019716758,0.019716758,0.019716758,0.019716758,0.019716758,0.019716758,0.019716758,0.019716758,0.019716758,0.019716758,0.019716758,0.019716758,0.019716758,0.019716758,0.019716758,0.019716758,0.019716758,0.019716758,0.019716758,0.019716758,0.019716758,0.053595707,0.019716758,0.019716758,0.019716758,0.019716758,0.019716758,0.019716758,0.019716758,0.019716758,0.019716758
0.019716758,0.019716758,0.019716758,0.019716758,0.019716758,0.019716758,0.019716758,0.019716758,0.019716758,0.019716758,0.019716758,0.019716758,0.019716758,0.019716758,0.019716758,0.019716758,0.019716758,0.019716758,0.019716758,0.019716758,0.019716758,0.019716758,0.019716758,0.019716758,0.019716758,0.053595703,0.019716758,0.019716758,0.019716758,0.019716758,0.019716758,0.019716758,0.019716758,0.019716758,0.019716758,0.019716758,0.019716758,0.019716758,0.019716758,0.019716758,0.019716758,0.019716758,0.019716758,0.019716758,0.019716758,0.019716758,0.019716758,0.019716758,0.019716758
0.019716758,0.019716758,0.019716758,0.019716758,0.019716758,0.019716758,0.019716758,0.019716758,0.019716758,0.019716758,0.019716758,0.019716758,0.019716758,0.019716758,0.019716758,0.019716758,0.019716758,0.019716758,0.019716758,0.019716758,0.019716758,0.019716758,0.019716758,0.019716758,0.019716758,0.019716758,0.019716758,0.019716758,0.019716758,0.019716758,0.019716758,0.019716758,0.019716758,0.019716758,0.019716758,0.019716758,0.019716758,0.019716758,0.019716758,0.019716758,0.019716758,0.019716758,0.019716758,0.019716758,0.053595703,0.019716758,0.019716758,0.019716758,0.019716758
0.019716758,0.019716758,0.019716758,0.019716758,0.019716758,0.019716758,0.019716758,0.019716758,0.019716758,0.019716758,0.019716758,0.019716758,0.019716758,0.019716758,0.019716758,0.019716758,0.019716758,0.019716758,0.053595703,0.019716758,0.019716758,0.019716758,0.019716758,0.019716758,0.019716758,0.019716758,0.019716758,0.019716758,0.019716758,0.019716758,0.019716758,0.019716758,0.019716758,0.019716758,0.019716758,0.019716758,0.019716758,0.019716758,0.019716758,0.019716758,0.019716758,0.019716758,0.019716758,0.019716758,0.019716758,0.019716758,0.019716758,0.019716758,0.019716758
0.019716758,0.019716758,0.019716758,0.019716758,0.019716758,0.019716758,0.019716758,0.019716758,0.019716758,0.019716758,0.019716758,0.019716758,0.019716758,0.019716758,0.019716758,0.019716758,0.019716758,0.019716758,0.053595703,0.019716758,0.019716758,0.019716758,0.019716758,0.019716758,0.019716758,0.019716758,0.019716758,0.019716758,0.019716758,0.019716758,0.019716758,0.019716758,0.019716758,0.019716758,0.019716758,0.019716758,0.019716758,0.019716758,0.019716758,0.019716758,0.019716758,0.019716758,0.019716758,0.019716758,0.019716758,0.019716758,0.019716758,0.019716758,0.019716758
0.019716758,0.019716758,0.019716758,0.019716758,0.019716758,0.019716758,0.019716758,0.019716758,0.019716758,0.019716758,0.019716758,0.019716758,0.019716758,0.019716758,0.019716758,0.019716758,0.019716758,0.019716758,0.019716758,0.019716758,0.053595703,0.019716758,0.019716758,0.019716758,0.019716758,0.019716758,0.019716758,0.019716758,0.019716758,0.019716758,0.019716758,0.019716758,0.019716758,0.019716758,0.019716758,0.019716758,0.019716758,0.019716758,0.019716758,0.019716758,0.019716758,0.019716758,0.019716758,0.019716758,0.019716758,0.019716758,0.019716758,0.019716758,0.019716758
0.019716758,0.019716758,0.019716758,0.019716758,0.019716758,0.019716758,0.019716758,0.019716758,0.019716758,0.019716758,0.019716758,0.019716758,0.019716758,0.019716758,0.019716758,0.019716758,0.019716758,0.019716758,0.019716758,0.019716758,0.019716758,0.019716758,0.019716758,0.019716758,0.019716758,0.019716758,0.053595703,0.019716758,0.019716758,0.019716758,0.019716758,0.019716758,0.019716758,0.019716758,0.019716758,0.019716758,0.019716758,0.019716758,0.019716758,0.019716758,0.019716758,0.019716758,0.019716758,0.019716758,0.019716758,0.019716758,0.019716758,0.019716758,0.019716758
0.019716758,0.019716758,0.019716758,0.019716758,0.019716758,0.019716758,0.019716758,0.019716758,0.019716758,0.019716758,0.019716758,0.019716758,0.019716758,0.019716758,0.019716758,0.019716758,0.053595703,0.019716758,0.019716758,0.019716758,0.019716758,0.019716758,0.019716758,0.019716758,0.019716758,0.019716758,0.019716758,0.019716758,0.019716758,0.019716758,0.019716758,0.019716758,0.019716758,0.019716758,0.019716758,0.019716758,0.019716758,0.019716758,0.019716758,0.019716758,0.019716758,0.019716758,0.019716758,0.019716758,0.019716758,0.019716758,0.019716758,0.019716758,0.019716758
0.019716758,0.019716758,0.019716758,0.019716758,0.019716758,0.019716758,0.019716758,0.019716758,0.019716758,0.019716758,0.019716758,0.019716758,0.019716758,0.053595703,0.019716758,0.019716758,0.019716758,0.019716758,0.019716758,0.019716758,0.019716758,0.019716758,0.019716758,0.019716758,0.019716758,0.019716758,0.019716758,0.019716758,0.019716758,0.019716758,0.019716758,0.019716758,0.019716758,0.019716758,0.019716758,0.019716758,0.019716758,0.019716758,0.019716758,0.019716758,0.019716758,0.019716758,0.019716758,0.019716758,0.019716758,0.019716758,0.019716758,0.019716758,0.019716758
0.019716758,0.019716758,0.019716758,0.019716758,0.019716758,0.019716758,0.019716758,0.019716758,0.019716758,0.019716758,0.019716758,0.019716758,0.019716758,0.019716758,0.019716758,0.019716758,0.019716758,0.019716758,0.019716758,0.019716758,0.019716758,0.019716758,0.053595703,0.019716758,0.019716758,0.019716758,0.019716758,0.019716758,0.019716758,0.019716758,0.019716758,0.019716758,0.019716758,0.019716758,0.019716758,0.019716758,0.019716758,0.019716758,0.019716758,0.019716758,0.019716758,0.019716758,0.019716758,0.019716758,0.019716758,0.019716758,0.019716758,0.019716758,0.019716758
0.019716758,0.019716758,0.019716758,0.019716758,0.019716758,0.019716758,0.019716758,0.019716758,0.019716758,0.019716758,0.019716758,0.019716758,0.019716758,0.019716758,0.019716758,0.019716758,0.019716758,0.019716758,0.019716758,0.019716758,0.019716758,0.019716758,0.019716758,0.019716758,0.019716758,0.019716758,0.019716758,0.019716758,0.019716758,0.019716758,0.019716758,0.019716758,0.019716758,0.019716758,0.019716758,0.019716758,0.019716758,0.053595703,0.019716758,0.019716758,0.019716758,0.019716758,0.019716758,0.019716758,0.019716758,0.019716758,0.019716758,0.019716758,0.019716758
0.019716758,0.019716758,0.019716758,0.019716758,0.053595703,0.019716758,0.019716758,0.019716758,0.019716758,0.019716758,0.019716758,0.019716758,0.019716758,0.019716758,0.019716758,0.019716758,0.019716758,0.019716758,0.019716758,0.019716758,0.019716758,0.019716758,0.019716758,0.019716758,0.019716758,0.019716758,0.019716758,0.019716758,0.019716758,0.019716758,0.019716758,0.019716758,0.019716758,0.019716758,0.019716758,0.019716758,0.019716758,0.019716758,0.019716758,0.019716758,0.019716758,0.019716758,0.019716758,0.019716758,0.019716758,0.019716758,0.019716758,0.019716758,0.019716758
0.019716758,0.019716758,0.019716758,0.019716758,0.019716758,0.019716758,0.019716758,0.019716758,0.019716758,0.019716758,0.019716758,0.019716758,0.019716758,0.019716758,0.019716758,0.019716758,0.019716758,0.019716758,0.019716758,0.019716758,0.019716758,0.019716758,0.019716758,0.019716758,0.019716758,0.019716758,0.019716758,0.019716758,0.019716758,0.019716758,0.019716758,0.019716758,0.019716758,0.019716758,0.019716758,0.019716758,0.019716758,0.019716758,0.019716758,0.019716758,0.019716758,0.019716758,0.019716758,0.019716758,0.019716758,0.019716758,0.019716758,0.053595707,0.019716758
0.019716758,0.019716758,0.019716758,0.019716758,0.019716758,0.019716758,0.019716758,0.019716758,0.019716758,0.019716758,0.053595703,0.019716758,0.019716758,0.019716758,0.019716758,0.019716758,0.019716758,0.019716758,0.019716758,0.019716758,0.019716758,0.019716758,0.019716758,0.019716758,0.019716758,0.019716758,0.019716758,0.019716758,0.019716758,0.019716758,0.019716758,0.019716758,0.019716758,0.019716758,0.019716758,0.019716758,0.019716758,0.019716758,0.019716758,0.019716758,0.019716758,0.019716758,0.019716758,0.019716758,0.019716758,0.019716758,0.019716758,0.019716758,0.019716758
0.019716758,0.019716758,0.019716758,0.019716758,0.019716758,0.019716758,0.019716758,0.019716758,0.019716758,0.019716758,0.019716758,0.019716758,0.019716758,0.019716758,0.019716758,0.019716758,0.019716758,0.019716758,0.019716758,0.019716758,0.053595703,0.019716758,0.019716758,0.019716758,0.019716758,0.019716758,0.019716758,0.019716758,0.019716758,0.019716758,0.019716758,0.019716758,0.019716758,0.019716758,0.019716758,0.019716758,0.019716758,0.019716758,0.019716758,0.019716758,0.019716758,0.019716758,0.019716758,0.019716758,0.019716758,0.019716758,0.019716758,0.019716758,0.019716758
0.019716758,0.019716758,0.019716758,0.019716758,0.019716758,0.019716758,0.019716758,0.019716758,0.019716758,0.019716758,0.019716758,0.019716758,0.019716758,0.019716758,0.019716758,0.019716758,0.019716758,0.019716758,0.019716758,0.019716758,0.019716758,0.019716758,0.019716758,0.019716758,0.019716758,0.019716758,0.019716758,0.019716758,0.019716758,0.019716758,0.019716758,0.019716758,0.019716758,0.019716758,0.019716758,0.019716758,0.019716758,0.019716758,0.019716758,0.019716758,0.019716758,0.019716758,0.053595703,0.019716758,0.019716758,0.019716758,0.019716758,0.019716758,0.019716758
0.019716758,0.019716758,0.019716758,0.019716758,0.019716758,0.053595703,0.019716758,0.019716758,0.019716758,0.019716758,0.019716758,0.019716758,0.019716758,0.019716758,0.019716758,0.019716758,0.019716758,0.019716758,0.019716758,0.019716758,0.019716758,0.019716758,0.019716758,0.019716758,0.019716758,0.019716758,0.019716758,0.019716758,0.019716758,0.019716758,0.019716758,0.019716758,0.019716758,0.019716758,0.019716758,0.019716758,0.019716758,0.019716758,0.019716758,0.019716758,0.019716758,0.019716758,0.019716758,0.019716758,0.019716758,0.019716758,0.019716758,0.019716758,0.019716758
0.019716758,0.019716758,0.019716758,0.019716758,0.019716758,0.019716758,0.019716758,0.019716758,0.019716758,0.019716758,0.019716758,0.019716758,0.053595703,0.019716758,0.019716758,0.019716758,0.019716758,0.019716758,0.019716758,0.019716758,0.019716758,0.019716758,0.019716758,0.019716758,0.019716758,0.019716758,0.019716758,0.019716758,0.019716758,0.019716758,0.019716758,0.019716758,0.019716758,0.019716758,0.019716758,0.019716758,0.019716758,0.019716758,0.019716758,0.019716758,0.019716758,0.019716758,0.019716758,0.019716758,0.019716758,0.019716758,0.019716758,0.019716758,0.019716758
0.019716758,0.019716758,0.019716758,0.019716758,0.019716758,0.019716758,0.019716758,0.019716758,0.019716758,0.019716758,0.019716758,0.019716758,0.019716758,0.019716758,0.019716758,0.019716758,0.019716758,0.019716758,0.019716758,0.019716758,0.019716758,0.019716758,0.019716758,0.019716758,0.019716758,0.019716758,0.019716758,0.019716758,0.019716758,0.019716758,0.019716758,0.019716758,0.019716758,0.019716758,0.019716758,0.019716758,0.019716758,0.019716758,0.019716758,0.019716758,0.019716758,0.019716758,0.019716758,0.019716758,0.053595703,0.019716758,0.019716758,0.019716758,0.019716758
0.019716758,0.019716758,0.019716758,0.019716758,0.019716758,0.019716758,0.019716758,0.019716758,0.019716758,0.019716758,0.019716758,0.019716758,0.019716758,0.019716758,0.019716758,0.019716758,0.019716758,0.019716758,0.019716758,0.019716758,0.019716758,0.019716758,0.019716758,0.019716758,0.019716758,0.019716758,0.019716758,0.019716758,0.019716758,0.019716758,0.053595703,0.019716758,0.019716758,0.019716758,0.019716758,0.019716758,0.019716758,0.019716758,0.019716758,0.019716758,0.019716758,0.019716758,0.019716758,0.019716758,0.019716758,0.019716758,0.019716758,0.019716758,0.019716758
0.019716758,0.019716758,0.019716758,0.019716758,0.019716758,0.019716758,0.019716758,0.019716758,0.019716758,0.019716758,0.019716758,0.019716758,0.019716758,0.019716758,0.019716758,0.019716758,0.019716758,0.019716758,0.019716758,0.019716758,0.019716758,0.019716758,0.019716758,0.019716758,0.019716758,0.019716758,0.019716758,0.019716758,0.019716758,0.019716758,0.019716758,0.019716758,0.019716758,0.019716758,0.053595703,0.019716758,0.019716758,0.019716758,0.019716758,0.019716758,0.019716758,0.019716758,0.019716758,0.019716758,0.019716758,0.019716758,0.019716758,0.019716758,0.019716758
0.019716758,0.019716758,0.019716758,0.019716758,0.019716758,0.019716758,0.019716758,0.019716758,0.019716758,0.019716758,0.053595703,0.019716758,0.019716758,0.019716758,0.019716758,0.019716758,0.019716758,0.019716758,0.019716758,0.019716758,0.019716758,0.019716758,0.019716758,0.019716758,0.019716758,0.019716758,0.019716758,0.019716758,0.019716758,0.019716758,0.019716758,0.019716758,0.019716758,0.019716758,0.019716758,0.019716758,0.019716758,0.019716758,0.019716758,0.019716758,0.019716758,0.019716758,0.019716758,0.019716758,0.019716758,0.019716758,0.019716758,0.019716758,0.019716758
0.019716758,0.019716758,0.019716758,0.019716758,0.019716758,0.019716758,0.019716758,0.019716758,0.019716758,0.019716758,0.019716758,0.019716758,0.019716758,0.019716758,0.019716758,0.019716758,0.019716758,0.019716758,0.019716758,0.019716758,0.019716758,0.019716758,0.019716758,0.019716758,0.053595703,0.019716758,0.019716758,0.019716758,0.019716758,0.019716758,0.019716758,0.019716758,0.019716758,0.019716758,0.019716758,0.019716758,0.019716758,0.019716758,0.019716758,0.019716758,0.019716758,0.019716758,0.019716758,0.019716758,0.019716758,0.019716758,0.019716758,0.019716758,0.019716758
0.019716758,0.019716758,0.019716758,0.019716758,0.019716758,0.019716758,0.019716758,0.019716758,0.019716758,0.019716758,0.019716758,0.019716758,0.019716758,0.019716758,0.019716758,0.019716758,0.019716758,0.019716758,0.053595703,0.019716758,0.019716758,0.019716758,0.019716758,0.019716758,0.019716758,0.019716758,0.019716758,0.019716758,0.019716758,0.019716758,0.019716758,0.019716758,0.019716758,0.019716758,0.019716758,0.019716758,0.019716758,0.019716758,0.019716758,0.019716758,0.019716758,0.019716758,0.019716758,0.019716758,0.019716758,0.019716758,0.019716758,0.019716758,0.019716758
0.019716758,0.019716758,0.019716758,0.019716758,0.019716758,0.053595703,0.019716758,0.019716758,0.019716758,0.019716758,0.019716758,0.019716758,0.019716758,0.019716758,0.019716758,0.019716758,0.019716758,0.019716758,0.019716758,0.019716758,0.019716758,0.019716758,0.019716758,0.019716758,0.019716758,0.019716758,0.019716758,0.019716758,0.019716758,0.019716758,0.019716758,0.019716758,0.019716758,0.019716758,0.019716758,0.019716758,0.019716758,0.019716758,0.019716758,0.019716758,0.019716758,0.019716758,0.019716758,0.019716758,0.019716758,0.019716758,0.019716758,0.019716758,0.019716758
0.019716758,0.019716758,0.019716758,0.019716758,0.019716758,0.019716758,0.019716758,0.019716758,0.019716758,0.019716758,0.019716758,0.019716758,0.019716758,0.019716758,0.019716758,0.019716758,0.019716758,0.019716758,0.019716758,0.019716758,0.019716758,0.019716758,0.019716758,0.019716758,0.019716758,0.019716758,0.019716758,0.019716758,0.019716758,0.019716758,0.019716758,0.019716758,0.019716758,0.019716758,0.019716758,0.019716758,0.019716758,0.019716758,0.019716758,0.019716758,0.053595703,0.019716758,0.019716758,0.019716758,0.019716758,0.019716758,0.019716758,0.019716758,0.019716758
0.019716758,0.019716758,0.019716758,0.019716758,0.019716758,0.019716758,0.019716758,0.019716758,0.019716758,0.019716758,0.019716758,0.053595703,0.019716758,0.019716758,0.019716758,0.019716758,0.019716758,0.019716758,0.019716758,0.019716758,0.019716758,0.019716758,0.019716758,0.019716758,0.019716758,0.019716758,0.019716758,0.019716758,0.019716758,0.019716758,0.019716758,0.019716758,0.019716758,0.019716758,0.019716758,0.019716758,0.019716758,0.019716758,0.019716758,0.019716758,0.019716758,0.019716758,0.019716758,0.019716758,0.019716758,0.019716758,0.019716758,0.019716758,0.019716758
0.019716758,0.019716758,0.019716758,0.019716758,0.019716758,0.019716758,0.019716758,0.019716758,0.019716758,0.019716758,0.019716758,0.019716758,0.019716758,0.019716758,0.019716758,0.019716758,0.019716758,0.053595703,0.019716758,0.019716758,0.019716758,0.019716758,0.019716758,0.019716758,0.019716758,0.019716758,0.019716758,0.019716758,0.019716758,0.019716758,0.019716758,0.019716758,0.019716758,0.019716758,0.019716758,0.019716758,0.019716758,0.019716758,0.019716758,0.019716758,0.019716758,0.019716758,0.019716758,0.019716758,0.019716758,0.019716758,0.019716758,0.019716758,0.019716758
0.019716758,0.019716758,0.019716758,0.019716758,0.019716758,0.019716758,0.019716758,0.019716758,0.019716758,0.019716758,0.019716758,0.019716758,0.019716758,0.019716758,0.019716758,0.019716758,0.019716758,0.019716758,0.019716758,0.019716758,0.019716758,0.019716758,0.019716758,0.019716758,0.019716758,0.019716758,0.019716758,0.019716758,0.019716758,0.019716758,0.019716758,0.019716758,0.019716758,0.019716758,0.019716758,0.053595703,0.019716758,0.019716758,0.019716758,0.019716758,0.019716758,0.019716758,0.019716758,0.019716758,0.019716758,0.019716758,0.019716758,0.019716758,0.019716758
0.019716758,0.019716758,0.019716758,0.019716758,0.019716758,0.019716758,0.019716758,0.019716758,0.019716758,0.019716758,0.019716758,0.019716758,0.019716758,0.053595703,0.019716758,0.019716758,0.019716758,0.019716758,0.019716758,0.019716758,0.019716758,0.019716758,0.019716758,0.019716758,0.019716758,0.019716758,0.019716758,0.019716758,0.019716758,0.019716758,0.019716758,0.019716758,0.019716758,0.019716758,0.019716758,0.019716758,0.019716758,0.019716758,0.019716758,0.019716758,0.019716758,0.019716758,0.019716758,0.019716758,0.019716758,0.019716758,0.019716758,0.019716758,0.019716758
0.019716758,0.019716758,0.019716758,0.019716758,0.019716758,0.019716758,0.019716758,0.019716758,0.053595703,0.019716758,0.019716758,0.019716758,0.019716758,0.019716758,0.019716758,0.019716758,0.019716758,0.019716758,0.019716758,0.019716758,0.019716758,0.019716758,0.019716758,0.019716758,0.019716758,0.019716758,0.019716758,0.019716758,0.019716758,0.019716758,0.019716758,0.019716758,0.019716758,0.019716758,0.019716758,0.019716758,0.019716758,0.019716758,0.019716758,0.019716758,0.019716758,0.019716758,0.019716758,0.019716758,0.019716758,0.019716758,0.019716758,0.019716758,0.019716758
0.053595703,0.019716758,0.019716758,0.019716758,0.019716758,0.019716758,0.019716758,0.019716758,0.019716758,0.019716758,0.019716758,0.019716758,0.019716758,0.019716758,0.019716758,0.019716758,0.019716758,0.019716758,0.019716758,0.019716758,0.019716758,0.019716758,0.019716758,0.019716758,0.019716758,0.019716758,0.019716758,0.019716758,0.019716758,0.019716758,0.019716758,0.019716758,0.019716758,0.019716758,0.019716758,0.019716758,0.019716758,0.019716758,0.019716758,0.019716758,0.019716758,0.019716758,0.019716758,0.019716758,0.019716758,0.019716758,0.019716758,0.019716758,0.019716758
0.019716758,0.019716758,0.019716758,0.019716758,0.019716758,0.019716758,0.019716758,0.019716758,0.019716758,0.019716758,0.019716758,0.019716758,0.019716758,0.019716758,0.019716758,0.019716758,0.019716758,0.019716758,0.019716758,0.019716758,0.019716758,0.019716758,0.019716758,0.019716758,0.019716758,0.019716758,0.019716758,0.019716758,0.019716758,0.019716758,0.019716758,0.053595707,0.019716758,0.019716758,0.019716758,0.019716758,0.019716758,0.019716758,0.019716758,0.019716758,0.019716758,0.019716758,0.019716758,0.019716758,0.019716758,0.019716758,0.019716758,0.019716758,0.019716758
0.019716758,0.019716758,0.019716758,0.019716758,0.019716758,0.019716758,0.019716758,0.019716758,0.019716758,0.019716758,0.019716758,0.019716758,0.019716758,0.019716758,0.019716758,0.019716758,0.019716758,0.019716758,0.053595703,0.019716758,0.019716758,0.019716758,0.019716758,0.019716758,0.019716758,0.019716758,0.019716758,0.019716758,0.019716758,0.019716758,0.019716758,0.019716758,0.019716758,0.019716758,0.019716758,0.019716758,0.019716758,0.019716758,0.019716758,0.019716758,0.019716758,0.019716758,0.019716758,0.019716758,0.019716758,0.019716758,0.019716758,0.019716758,0.019716758
0.019716758,0.019716758,0.019716758,0.019716758,0.019716758,0.019716758,0.019716758,0.019716758,0.019716758,0.019716758,0.019716758,0.019716758,0.019716758,0.019716758,0.019716758,0.019716758,0.019716758,0.019716758,0.019716758,0.019716758,0.019716758,0.019716758,0.019716758,0.019716758,0.019716758,0.019716758,0.019716758,0.019716758,0.019716758,0.019716758,0.019716758,0.019716758,0.019716758,0.019716758,0.019716758,0.019716758,0.019716758,0.019716758,0.019716758,0.019716758,0.019716758,0.019716758,0.019716758,0.019716758,0.019716758,0.019716758,0.019716758,0.053595707,0.019716758
0.019716758,0.019716758,0.019716758,0.019716758,0.019716758,0.019716758,0.019716758,0.019716758,0.019716758,0.019716758,0.019716758,0.019716758,0.019716758,0.019716758,0.019716758,0.019716758,0.019716758,0.019716758,0.019716758,0.019716758,0.019716758,0.019716758,0.019716758,0.019716758,0.019716758,0.019716758,0.019716758,0.053595703,0.019716758,0.019716758,0.019716758,0.019716758,0.019716758,0.019716758,0.019716758,0.019716758,0.019716758,0.019716758,0.019716758,0.019716758,0.019716758,0.019716758,0.019716758,0.019716758,0.019716758,0.019716758,0.019716758,0.019716758,0.019716758
0.019716758,0.019716758,0.019716758,0.019716758,0.019716758,0.019716758,0.019716758,0.019716758,0.019716758,0.019716758,0.019716758,0.053595703,0.019716758,0.019716758,0.019716758,0.019716758,0.019716758,0.019716758,0.019716758,0.019716758,0.019716758,0.019716758,0.019716758,0.019716758,0.019716758,0.019716758,0.019716758,0.019716758,0.019716758,0.019716758,0.019716758,0.019716758,0.019716758,0.019716758,0.019716758,0.019716758,0.019716758,0.019716758,0.019716758,0.019716758,0.019716758,0.019716758,0.019716758,0.019716758,0.019716758,0.019716758,0.019716758,0.019716758,0.019716758
0.019716758,0.019716758,0.019716758,0.019716758,0.019716758,0.019716758,0.019716758,0.019716758,0.019716758,0.019716758,0.019716758,0.019716758,0.019716758,0.019716758,0.019716758,0.019716758,0.019716758,0.053595703,0.019716758,0.019716758,0.019716758,0.019716758,0.019716758,0.019716758,0.019716758,0.019716758,0.019716758,0.019716758,0.019716758,0.019716758,0.019716758,0.019716758,0.019716758,0.019716758,0.019716758,0.019716758,0.019716758,0.019716758,0.019716758,0.019716758,0.019716758,0.019716758,0.019716758,0.019716758,0.019716758,0.019716758,0.019716758,0.019716758,0.019716758
0.019716758,0.019716758,0.019716758,0.019716758,0.019716758,0.019716758,0.019716758,0.019716758,0.019716758,0.019716758,0.019716758,0.019716758,0.019716758,0.019716758,0.019716758,0.019716758,0.019716758,0.019716758,0.019716758,0.019716758,0.019716758,0.019716758,0.019716758,0.019716758,0.019716758,0.019716758,0.019716758,0.019716758,0.019716758,0.019716758,0.019716758,0.019716758,0.019716758,0.019716758,0.053595703,0.019716758,0.019716758,0.019716758,0.019716758,0.019716758,0.019716758,0.019716758,0.019716758,0.019716758,0.019716758,0.019716758,0.019716758,0.019716758,0.019716758
0.019716758,0.019716758,0.019716758,0.019716758,0.019716758,0.019716758,0.019716758,0.019716758,0.019716758,0.019716758,0.019716758,0.019716758,0.019716758,0.019716758,0.019716758,0.019716758,0.019716758,0.019716758,0.019716758,0.019716758,0.019716758,0.019716758,0.019716758,0.019716758,0.019716758,0.019716758,0.019716758,0.019716758,0.019716758,0.019716758,0.019716758,0.019716758,0.019716758,0.019716758,0.019716758,0.019716758,0.019716758,0.019716758,0.019716758,0.019716758,0.019716758,0.019716758,0.019716758,0.053595703,0.019716758,0.019716758,0.019716758,0.019716758,0.019716758
0.019716758,0.019716758,0.019716758,0.019716758,0.019716758,0.019716758,0.019716758,0.019716758,0.019716758,0.019716758,0.019716758,0.019716758,0.019716758,0.019716758,0.019716758,0.019716758,0.019716758,0.019716758,0.019716758,0.019716758,0.019716758,0.019716758,0.019716758,0.019716758,0.019716758,0.019716758,0.053595703,0.019716758,0.019716758,0.019716758,0.019716758,0.019716758,0.019716758,0.019716758,0.019716758,0.019716758,0.019716758,0.019716758,0.019716758,0.019716758,0.019716758,0.019716758,0.019716758,0.019716758,0.019716758,0.019716758,0.019716758,0.019716758,0.019716758
0.019716758,0.019716758,0.019716758,0.019716758,0.019716758,0.019716758,0.019716758,0.019716758,0.019716758,0.019716758,0.019716758,0.019716758,0.019716758,0.019716758,0.019716758,0.019716758,0.019716758,0.019716758,0.019716758,0.019716758,0.019716758,0.019716758,0.019716758,0.019716758,0.019716758,0.019716758,0.019716758,0.019716758,0.019716758,0.019716758,0.019716758,0.019716758,0.019716758,0.019716758,0.019716758,0.019716758,0.019716758,0.053595703,0.019716758,0.019716758,0.019716758,0.019716758,0.019716758,0.019716758,0.019716758,0.019716758,0.019716758,0.019716758,0.019716758
0.019716758,0.019716758,0.019716758,0.019716758,0.019716758,0.019716758,0.019716758,0.019716758,0.019716758,0.019716758,0.019716758,0.019716758,0.019716758,0.019716758,0.019716758,0.019716758,0.019716758,0.019716758,0.019716758,0.019716758,0.019716758,0.019716758,0.019716758,0.019716758,0.019716758,0.019716758,0.019716758,0.019716758,0.019716758,0.053595703,0.019716758,0.019716758,0.019716758,0.019716758,0.019716758,0.019716758,0.019716758,0.019716758,0.019716758,0.019716758,0.019716758,0.019716758,0.019716758,0.019716758,0.019716758,0.019716758,0.019716758,0.019716758,0.019716758
0.019716758,0.019716758,0.019716758,0.019716758,0.019716758,0.019716758,0.019716758,0.053595707,0.019716758,0.019716758,0.019716758,0.019716758,0.019716758,0.019716758,0.019716758,0.019716758,0.019716758,0.019716758,0.019716758,0.019716758,0.019716758,0.019716758,0.019716758,0.019716758,0.019716758,0.019716758,0.019716758,0.019716758,0.019716758,0.019716758,0.019716758,0.019716758,0.019716758,0.019716758,0.019716758,0.019716758,0.019716758,0.019716758,0.019716758,0.019716758,0.019716758,0.019716758,0.019716758,0.019716758,0.019716758,0.019716758,0.019716758,0.019716758,0.019716758
0.019716758,0.019716758,0.019716758,0.019716758,0.019716758,0.019716758,0.019716758,0.019716758,0.019716758,0.019716758,0.019716758,0.019716758,0.019716758,0.019716758,0.019716758,0.019716758,0.019716758,0.053595703,0.019716758,0.019716758,0.019716758,0.019716758,0.019716758,0.019716758,0.019716758,0.019716758,0.019716758,0.019716758,0.019716758,0.019716758,0.019716758,0.019716758,0.019716758,0.019716758,0.019716758,0.019716758,0.019716758,0.019716758,0.019716758,0.019716758,0.019716758,0.019716758,0.019716758,0.019716758,0.019716758,0.019716758,0.019716758,0.019716758,0.019716758
0.019716758,0.019716758,0.019716758,0.019716758,0.019716758,0.019716758,0.019716758,0.019716758,0.019716758,0.019716758,0.019716758,0.019716758,0.019716758,0.019716758,0.019716758,0.019716758,0.019716758,0.019716758,0.019716758,0.019716758,0.019716758,0.019716758,0.019716758,0.019716758,0.019716758,0.019716758,0.019716758,0.019716758,0.019716758,0.019716758,0.019716758,0.019716758,0.019716758,0.053595703,0.019716758,0.019716758,0.019716758,0.019716758,0.019716758,0.019716758,0.019716758,0.019716758,0.019716758,0.019716758,0.019716758,0.019716758,0.019716758,0.019716758,0.019716758
0.019716758,0.019716758,0.019716758,0.019716758,0.019716758,0.053595703,0.019716758,0.019716758,0.019716758,0.019716758,0.019716758,0.019716758,0.019716758,0.019716758,0.019716758,0.019716758,0.019716758,0.019716758,0.019716758,0.019716758,0.019716758,0.019716758,0.019716758,0.019716758,0.019716758,0.019716758,0.019716758,0.019716758,0.019716758,0.019716758,0.019716758,0.019716758,0.019716758,0.019716758,0.019716758,0.019716758,0.019716758,0.019716758,0.019716758,0.019716758,0.019716758,0.019716758,0.019716758,0.019716758,0.019716758,0.019716758,0.019716758,0.019716758,0.019716758
0.019716758,0.019716758,0.019716758,0.019716758,0.019716758,0.019716758,0.019716758,0.019716758,0.019716758,0.019716758,0.019716758,0.019716758,0.019716758,0.019716758,0.019716758,0.019716758,0.019716758,0.019716758,0.019716758,0.019716758,0.019716758,0.019716758,0.019716758,0.019716758,0.019716758,0.019716758,0.019716758,0.019716758,0.019716758,0.019716758,0.019716758,0.019716758,0.019716758,0.019716758,0.019716758,0.019716758,0.019716758,0.053595703,0.019716758,0.019716758,0.019716758,0.019716758,0.019716758,0.019716758,0.019716758,0.019716758,0.019716758,0.019716758,0.019716758
0.019716758,0.019716758,0.019716758,0.019716758,0.019716758,0.019716758,0.019716758,0.019716758,0.019716758,0.019716758,0.019716758,0.019716758,0.019716758,0.019716758,0.019716758,0.019716758,0.019716758,0.019716758,0.019716758,0.019716758,0.019716758,0.019716758,0.019716758,0.019716758,0.019716758,0.019716758,0.019716758,0.019716758,0.019716758,0.019716758,0.019716758,0.019716758,0.019716758,0.019716758,0.053595703,0.019716758,0.019716758,0.019716758,0.019716758,0.019716758,0.019716758,0.019716758,0.019716758,0.019716758,0.019716758,0.019716758,0.019716758,0.019716758,0.019716758
0.019716758,0.019716758,0.019716758,0.019716758,0.019716758,0.019716758,0.019716758,0.019716758,0.019716758,0.019716758,0.019716758,0.019716758,0.019716758,0.019716758,0.019716758,0.019716758,0.019716758,0.019716758,0.019716758,0.019716758,0.019716758,0.019716758,0.019716758,0.019716758,0.019716758,0.019716758,0.019716758,0.019716758,0.019716758,0.019716758,0.053595703,0.019716758,0.019716758,0.019716758,0.019716758,0.019716758,0.019716758,0.019716758,0.019716758,0.019716758,0.019716758,0.019716758,0.019716758,0.019716758,0.019716758,0.019716758,0.019716758,0.019716758,0.019716758
0.019716758,0.019716758,0.019716758,0.019716758,0.019716758,0.019716758,0.019716758,0.019716758,0.019716758,0.019716758,0.019716758,0.019716758,0.019716758,0.019716758,0.019716758,0.019716758,0.019716758,0.019716758,0.019716758,0.019716758,0.019716758,0.019716758,0.019716758,0.053595707,0.019716758,0.019716758,0.019716758,0.019716758,0.019716758,0.019716758,0.019716758,0.019716758,0.019716758,0.019716758,0.019716758,0.019716758,0.019716758,0.019716758,0.019716758,0.019716758,0.019716758,0.019716758,0.019716758,0.019716758,0.019716758,0.019716758,0.019716758,0.019716758,0.019716758
0.053595703,0.019716758,0.019716758,0.019716758,0.019716758,0.019716758,0.019716758,0.019716758,0.019716758,0.019716758,0.019716758,0.019716758,0.019716758,0.019716758,0.019716758,0.019716758,0.019716758,0.019716758,0.019716758,0.019716758,0.019716758,0.019716758,0.019716758,0.019716758,0.019716758,0.019716758,0.019716758,0.019716758,0.019716758,0.019716758,0.019716758,0.019716758,0.019716758,0.019716758,0.019716758,0.019716758,0.019716758,0.019716758,0.019716758,0.019716758,0.019716758,0.019716758,0.019716758,0.019716758,0.019716758,0.019716758,0.019716758,0.019716758,0.019716758
0.019716758,0.019716758,0.019716758,0.019716758,0.019716758,0.019716758,0.019716758,0.019716758,0.019716758,0.019716758,0.019716758,0.019716758,0.019716758,0.019716758,0.019716758,0.053595707,0.019716758,0.019716758,0.019716758,0.019716758,0.019716758,0.019716758,0.019716758,0.019716758,0.019716758,0.019716758,0.019716758,0.019716758,0.019716758,0.019716758,0.019716758,0.019716758,0.019716758,0.019716758,0.019716758,0.019716758,0.019716758,0.019716758,0.019716758,0.019716758,0.019716758,0.019716758,0.019716758,0.019716758,0.019716758,0.019716758,0.019716758,0.019716758,0.019716758
0.019716758,0.019716758,0.019716758,0.019716758,0.019716758,0.019716758,0.019716758,0.019716758,0.019716758,0.019716758,0.019716758,0.019716758,0.019716758,0.019716758,0.019716758,0.019716758,0.019716758,0.019716758,0.019716758,0.019716758,0.019716758,0.019716758,0.019716758,0.019716758,0.019716758,0.019716758,0.019716758,0.019716758,0.019716758,0.019716758,0.019716758,0.019716758,0.019716758,0.019716758,0.019716758,0.019716758,0.019716758,0.019716758,0.019716758,0.019716758,0.019716758,0.019716758,0.019716758,0.019716758,0.019716758,0.019716758,0.053595703,0.019716758,0.019716758
0.019716758,0.019716758,0.019716758,0.019716758,0.019716758,0.019716758,0.019716758,0.019716758,0.019716758,0.019716758,0.019716758,0.019716758,0.019716758,0.019716758,0.019716758,0.019716758,0.019716758,0.019716758,0.019716758,0.019716758,0.019716758,0.019716758,0.019716758,0.019716758,0.019716758,0.019716758,0.019716758,0.019716758,0.019716758,0.053595703,0.019716758,0.019716758,0.019716758,0.019716758,0.019716758,0.019716758,0.019716758,0.019716758,0.019716758,0.019716758,0.019716758,0.019716758,0.019716758,0.019716758,0.019716758,0.019716758,0.019716758,0.019716758,0.019716758
0.019716758,0.019716758,0.019716758,0.019716758,0.019716758,0.019716758,0.019716758,0.019716758,0.019716758,0.019716758,0.019716758,0.019716758,0.019716758,0.019716758,0.019716758,0.019716758,0.019716758,0.019716758,0.019716758,0.019716758,0.019716758,0.019716758,0.019716758,0.019716758,0.019716758,0.053595703,0.019716758,0.019716758,0.019716758,0.019716758,0.019716758,0.019716758,0.019716758,0.019716758,0.019716758,0.019716758,0.019716758,0.019716758,0.019716758,0.019716758,0.019716758,0.019716758,0.019716758,0.019716758,0.019716758,0.019716758,0.019716758,0.019716758,0.019716758
0.019716758,0.019716758,0.019716758,0.019716758,0.019716758,0.019716758,0.019716758,0.019716758,0.019716758,0.019716758,0.019716758,0.019716758,0.019716758,0.019716758,0.019716758,0.019716758,0.019716758,0.019716758,0.019716758,0.019716758,0.019716758,0.053595703,0.019716758,0.019716758,0.019716758,0.019716758,0.019716758,0.019716758,0.019716758,0.019716758,0.019716758,0.019716758,0.019716758,0.019716758,0.019716758,0.019716758,0.019716758,0.019716758,0.019716758,0.019716758,0.019716758,0.019716758,0.019716758,0.019716758,0.019716758,0.019716758,0.019716758,0.019716758,0.019716758
0.019716758,0.019716758,0.019716758,0.019716758,0.019716758,0.053595703,0.019716758,0.019716758,0.019716758,0.019716758,0.019716758,0.019716758,0.019716758,0.019716758,0.019716758,0.019716758,0.019716758,0.019716758,0.019716758,0.019716758,0.019716758,0.019716758,0.019716758,0.019716758,0.019716758,0.019716758,0.019716758,0.019716758,0.019716758,0.019716758,0.019716758,0.019716758,0.019716758,0.019716758,0.019716758,0.019716758,0.019716758,0.019716758,0.019716758,0.019716758,0.019716758,0.019716758,0.019716758,0.019716758,0.019716758,0.019716758,0.019716758,0.019716758,0.019716758
0.019716758,0.019716758,0.019716758,0.019716758,0.019716758,0.019716758,0.019716758,0.019716758,0.019716758,0.019716758,0.019716758,0.019716758,0.019716758,0.019716758,0.019716758,0.019716758,0.019716758,0.019716758,0.019716758,0.019716758,0.019716758,0.019716758,0.019716758,0.019716758,0.019716758,0.019716758,0.019716758,0.019716758,0.019716758,0.019716758,0.019716758,0.019716758,0.019716758,0.019716758,0.053595703,0.019716758,0.019716758,0.019716758,0.019716758,0.019716758,0.019716758,0.019716758,0.019716758,0.019716758,0.019716758,0.019716758,0.019716758,0.019716758,0.019716758
0.019716758,0.019716758,0.019716758,0.019716758,0.019716758,0.019716758,0.019716758,0.019716758,0.019716758,0.019716758,0.019716758,0.019716758,0.019716758,0.019716758,0.019716758,0.019716758,0.019716758,0.019716758,0.019716758,0.019716758,0.019716758,0.019716758,0.019716758,0.019716758,0.019716758,0.019716758,0.019716758,0.019716758,0.019716758,0.019716758,0.019716758,0.019716758,0.019716758,0.019716758,0.019716758,0.019716758,0.019716758,0.019716758,0.019716758,0.019716758,0.053595703,0.019716758,0.019716758,0.019716758,0.019716758,0.019716758,0.019716758,0.019716758,0.019716758
0.019716768,0.019716768,0.019716768,0.019716768,0.019716768,0.019716768,0.019716768,0.019716768,0.019716768,0.053594567,0.019716768,0.019717192,0.019716768,0.019716768,0.019716768,0.019716768,0.019716768,0.019716768,0.019716768,0.019716768,0.019716768,0.019716768,0.019716768,0.019716768,0.019716768,0.019716768,0.019716768,0.019716768,0.019716768,0.019716768,0.019716768,0.019716768,0.019716768,0.019716768,0.019716768,0.019716768,0.019716768,0.019716768,0.019716768,0.019716768,0.019716768,0.019716768,0.019716768,0.019716768,0.019716768,0.019716768,0.019716768,0.019716768,0.019716768
0.019716758,0.019716758,0.019716758,0.019716758,0.019716758,0.019716758,0.019716758,0.019716758,0.019716758,0.019716758,0.019716758,0.019716758,0.019716758,0.019716758,0.019716758,0.019716758,0.019716758,0.019716758,0.019716758,0.019716758,0.019716758,0.019716758,0.019716758,0.019716758,0.019716758,0.019716758,0.019716758,0.019716758,0.019716758,0.019716758,0.019716758,0.019716758,0.019716758,0.019716758,0.019716758,0.019716758,0.019716758,0.019716758,0.019716758,0.019716758,0.019716758,0.053595703,0.019716758,0.019716758,0.019716758,0.019716758,0.019716758,0.019716758,0.019716758
0.019716758,0.019716758,0.019716758,0.019716758,0.019716758,0.019716758,0.019716758,0.019716758,0.019716758,0.019716758,0.019716758,0.019716758,0.019716758,0.019716758,0.019716758,0.019716758,0.019716758,0.019716758,0.019716758,0.019716758,0.019716758,0.019716758,0.019716758,0.019716758,0.019716758,0.019716758,0.019716758,0.019716758,0.019716758,0.019716758,0.019716758,0.019716758,0.019716758,0.019716758,0.019716758,0.019716758,0.019716758,0.019716758,0.053595703,0.019716758,0.019716758,0.019716758,0.019716758,0.019716758,0.019716758,0.019716758,0.019716758,0.019716758,0.019716758
0.019716758,0.019716758,0.019716758,0.019716758,0.019716758,0.019716758,0.019716758,0.019716758,0.019716758,0.019716758,0.019716758,0.019716758,0.019716758,0.019716758,0.019716758,0.019716758,0.019716758,0.019716758,0.019716758,0.019716758,0.019716758,0.019716758,0.019716758,0.019716758,0.019716758,0.019716758,0.019716758,0.019716758,0.019716758,0.019716758,0.019716758,0.019716758,0.019716758,0.019716758,0.019716758,0.019716758,0.019716758,0.019716758,0.019716758,0.019716758,0.019716758,0.019716758,0.019716758,0.019716758,0.019716758,0.019716758,0.019716758,0.053595707,0.019716758
0.019716758,0.019716758,0.019716758,0.019716758,0.019716758,0.019716758,0.019716758,0.019716758,0.019716758,0.019716758,0.019716758,0.019716758,0.019716758,0.019716758,0.019716758,0.019716758,0.019716758,0.019716758,0.019716758,0.019716758,0.019716758,0.019716758,0.019716758,0.019716758,0.019716758,0.019716758,0.019716758,0.053595703,0.019716758,0.019716758,0.019716758,0.019716758,0.019716758,0.019716758,0.019716758,0.019716758,0.019716758,0.019716758,0.019716758,0.019716758,0.019716758,0.019716758,0.019716758,0.019716758,0.019716758,0.019716758,0.019716758,0.019716758,0.019716758
0.053595703,0.019716758,0.019716758,0.019716758,0.019716758,0.019716758,0.019716758,0.019716758,0.019716758,0.019716758,0.019716758,0.019716758,0.019716758,0.019716758,0.019716758,0.019716758,0.019716758,0.019716758,0.019716758,0.019716758,0.019716758,0.019716758,0.019716758,0.019716758,0.019716758,0.019716758,0.019716758,0.019716758,0.019716758,0.019716758,0.019716758,0.019716758,0.019716758,0.019716758,0.019716758,0.019716758,0.019716758,0.019716758,0.019716758,0.019716758,0.019716758,0.019716758,0.019716758,0.019716758,0.019716758,0.019716758,0.019716758,0.019716758,0.019716758
0.019716758,0.019716758,0.019716758,0.019716758,0.019716758,0.019716758,0.019716758,0.019716758,0.019716758,0.019716758,0.019716758,0.019716758,0.019716758,0.019716758,0.019716758,0.019716758,0.019716758,0.019716758,0.019716758,0.019716758,0.019716758,0.019716758,0.019716758,0.019716758,0.019716758,0.019716758,0.019716758,0.019716758,0.019716758,0.019716758,0.019716758,0.019716758,0.019716758,0.019716758,0.019716758,0.019716758,0.019716758,0.019716758,0.019716758,0.019716758,0.019716758,0.053595703,0.019716758,0.019716758,0.019716758,0.019716758,0.019716758,0.019716758,0.019716758
0.019716758,0.019716758,0.019716758,0.019716758,0.019716758,0.019716758,0.053595703,0.019716758,0.019716758,0.019716758,0.019716758,0.019716758,0.019716758,0.019716758,0.019716758,0.019716758,0.019716758,0.019716758,0.019716758,0.019716758,0.019716758,0.019716758,0.019716758,0.019716758,0.019716758,0.019716758,0.019716758,0.019716758,0.019716758,0.019716758,0.019716758,0.019716758,0.019716758,0.019716758,0.019716758,0.019716758,0.019716758,0.019716758,0.019716758,0.019716758,0.019716758,0.019716758,0.019716758,0.019716758,0.019716758,0.019716758,0.019716758,0.019716758,0.019716758
0.019716758,0.019716758,0.019716758,0.019716758,0.019716758,0.019716758,0.019716758,0.019716758,0.019716758,0.053595703,0.019716758,0.019716758,0.019716758,0.019716758,0.019716758,0.019716758,0.019716758,0.019716758,0.019716758,0.019716758,0.019716758,0.019716758,0.019716758,0.019716758,0.019716758,0.019716758,0.019716758,0.019716758,0.019716758,0.019716758,0.019716758,0.019716758,0.019716758,0.019716758,0.019716758,0.019716758,0.019716758,0.019716758,0.019716758,0.019716758,0.019716758,0.019716758,0.019716758,0.019716758,0.019716758,0.019716758,0.019716758,0.019716758,0.019716758
0.019716758,0.019716758,0.019716758,0.019716758,0.019716758,0.053595703,0.019716758,0.019716758,0.019716758,0.019716758,0.019716758,0.019716758,0.019716758,0.019716758,0.019716758,0.019716758,0.019716758,0.019716758,0.019716758,0.019716758,0.019716758,0.019716758,0.019716758,0.019716758,0.019716758,0.019716758,0.019716758,0.019716758,0.019716758,0.019716758,0.019716758,0.019716758,0.019716758,0.019716758,0.019716758,0.019716758,0.019716758,0.019716758,0.019716758,0.019716758,0.019716758,0.019716758,0.019716758,0.019716758,0.019716758,0.019716758,0.019716758,0.019716758,0.019716758
0.019716758,0.019716758,0.019716758,0.019716758,0.019716758,0.019716758,0.019716758,0.019716758,0.019716758,0.019716758,0.019716758,0.019716758,0.019716758,0.019716758,0.019716758,0.019716758,0.019716758,0.019716758,0.053595703,0.019716758,0.019716758,0.019716758,0.019716758,0.019716758,0.019716758,0.019716758,0.019716758,0.019716758,0.019716758,0.019716758,0.019716758,0.019716758,0.019716758,0.019716758,0.019716758,0.019716758,0.019716758,0.019716758,0.019716758,0.019716758,0.019716758,0.019716758,0.019716758,0.019716758,0.019716758,0.019716758,0.019716758,0.019716758,0.019716758
0.019716758,0.019716758,0.019716758,0.019716758,0.019716758,0.019716758,0.019716758,0.019716758,0.019716758,0.019716758,0.019716758,0.019716758,0.019716758,0.019716758,0.019716758,0.019716758,0.019716758,0.019716758,0.019716758,0.019716758,0.019716758,0.019716758,0.019716758,0.019716758,0.019716758,0.019716758,0.019716758,0.019716758,0.019716758,0.019716758,0.019716758,0.019716758,0.019716758,0.019716758,0.019716758,0.019716758,0.019716758,0.019716758,0.019716758,0.019716758,0.019716758,0.019716758,0.019716758,0.019716758,0.019716758,0.019716758,0.019716758,0.019716758,0.053595703
0.019716758,0.019716758,0.019716758,0.019716758,0.019716758,0.019716758,0.019716758,0.019716758,0.019716758,0.019716758,0.019716758,0.019716758,0.019716758,0.019716758,0.019716758,0.019716758,0.019716758,0.019716758,0.019716758,0.019716758,0.053595703,0.019716758,0.019716758,0.019716758,0.019716758,0.019716758,0.019716758,0.019716758,0.019716758,0.019716758,0.019716758,0.019716758,0.019716758,0.019716758,0.019716758,0.019716758,0.019716758,0.019716758,0.019716758,0.019716758,0.019716758,0.019716758,0.019716758,0.019716758,0.019716758,0.019716758,0.019716758,0.019716758,0.019716758
0.019716758,0.019716758,0.019716758,0.019716758,0.019716758,0.019716758,0.019716758,0.019716758,0.019716758,0.019716758,0.019716758,0.019716758,0.019716758,0.019716758,0.019716758,0.019716758,0.019716758,0.019716758,0.019716758,0.019716758,0.019716758,0.053595703,0.019716758,0.019716758,0.019716758,0.019716758,0.019716758,0.019716758,0.019716758,0.019716758,0.019716758,0.019716758,0.019716758,0.019716758,0.019716758,0.019716758,0.019716758,0.019716758,0.019716758,0.019716758,0.019716758,0.019716758,0.019716758,0.019716758,0.019716758,0.019716758,0.019716758,0.019716758,0.019716758
0.019716758,0.019716758,0.019716758,0.019716758,0.019716758,0.019716758,0.019716758,0.019716758,0.019716758,0.019716758,0.019716758,0.019716758,0.019716758,0.019716758,0.019716758,0.019716758,0.019716758,0.019716758,0.019716758,0.019716758,0.019716758,0.019716758,0.019716758,0.019716758,0.019716758,0.019716758,0.019716758,0.019716758,0.019716758,0.019716758,0.019716758,0.019716758,0.019716758,0.019716758,0.019716758,0.053595703,0.019716758,0.019716758,0.019716758,0.019716758,0.019716758,0.019716758,0.019716758,0.019716758,0.019716758,0.019716758,0.019716758,0.019716758,0.019716758
0.019716758,0.019716758,0.053595703,0.019716758,0.019716758,0.019716758,0.019716758,0.019716758,0.019716758,0.019716758,0.019716758,0.019716758,0.019716758,0.019716758,0.019716758,0.019716758,0.019716758,0.019716758,0.019716758,0.019716758,0.019716758,0.019716758,0.019716758,0.019716758,0.019716758,0.019716758,0.019716758,0.019716758,0.019716758,0.019716758,0.019716758,0.019716758,0.019716758,0.019716758,0.019716758,0.019716758,0.019716758,0.019716758,0.019716758,0.019716758,0.019716758,0.019716758,0.019716758,0.019716758,0.019716758,0.019716758,0.019716758,0.019716758,0.019716758
0.019716758,0.019716758,0.019716758,0.019716758,0.019716758,0.019716758,0.019716758,0.019716758,0.019716758,0.019716758,0.019716758,0.019716758,0.019716758,0.019716758,0.019716758,0.019716758,0.019716758,0.019716758,0.019716758,0.019716758,0.019716758,0.019716758,0.019716758,0.019716758,0.019716758,0.019716758,0.019716758,0.019716758,0.019716758,0.019716758,0.019716758,0.019716758,0.019716758,0.019716758,0.019716758,0.019716758,0.019716758,0.019716758,0.053595703,0.019716758,0.019716758,0.019716758,0.019716758,0.019716758,0.019716758,0.019716758,0.019716758,0.019716758,0.019716758
0.019716758,0.019716758,0.019716758,0.019716758,0.053595703,0.019716758,0.019716758,0.019716758,0.019716758,0.019716758,0.019716758,0.019716758,0.019716758,0.019716758,0.019716758,0.019716758,0.019716758,0.019716758,0.019716758,0.019716758,0.019716758,0.019716758,0.019716758,0.019716758,0.019716758,0.019716758,0.019716758,0.019716758,0.019716758,0.019716758,0.019716758,0.019716758,0.019716758,0.019716758,0.019716758,0.019716758,0.019716758,0.019716758,0.019716758,0.019716758,0.019716758,0.019716758,0.019716758,0.019716758,0.019716758,0.019716758,0.019716758,0.019716758,0.019716758
0.019716758,0.019716758,0.019716758,0.019716758,0.019716758,0.053595703,0.019716758,0.019716758,0.019716758,0.019716758,0.019716758,0.019716758,0.019716758,0.019716758,0.019716758,0.019716758,0.019716758,0.019716758,0.019716758,0.019716758,0.019716758,0.019716758,0.019716758,0.019716758,0.019716758,0.019716758,0.019716758,0.019716758,0.019716758,0.019716758,0.019716758,0.019716758,0.019716758,0.019716758,0.019716758,0.019716758,0.019716758,0.019716758,0.019716758,0.019716758,0.019716758,0.019716758,0.019716758,0.019716758,0.019716758,0.019716758,0.019716758,0.019716758,0.019716758
0.019716758,0.019716758,0.019716758,0.019716758,0.019716758,0.019716758,0.019716758,0.019716758,0.019716758,0.053595703,0.019716758,0.019716758,0.019716758,0.019716758,0.019716758,0.019716758,0.019716758,0.019716758,0.019716758,0.019716758,0.019716758,0.019716758,0.019716758,0.019716758,0.019716758,0.019716758,0.019716758,0.019716758,0.019716758,0.019716758,0.019716758,0.019716758,0.019716758,0.019716758,0.019716758,0.019716758,0.019716758,0.019716758,0.019716758,0.019716758,0.019716758,0.019716758,0.019716758,0.019716758,0.019716758,0.019716758,0.019716758,0.019716758,0.019716758
0.019716758,0.019716758,0.053595703,0.019716758,0.019716758,0.019716758,0.019716758,0.019716758,0.019716758,0.019716758,0.019716758,0.019716758,0.019716758,0.019716758,0.019716758,0.019716758,0.019716758,0.019716758,0.019716758,0.019716758,0.019716758,0.019716758,0.019716758,0.019716758,0.019716758,0.019716758,0.019716758,0.019716758,0.019716758,0.019716758,0.019716758,0.019716758,0.019716758,0.019716758,0.019716758,0.019716758,0.019716758,0.019716758,0.019716758,0.019716758,0.019716758,0.019716758,0.019716758,0.019716758,0.019716758,0.019716758,0.019716758,0.019716758,0.019716758
0.019716758,0.019716758,0.019716758,0.019716758,0.019716758,0.019716758,0.019716758,0.019716758,0.019716758,0.019716758,0.019716758,0.019716758,0.019716758,0.019716758,0.019716758,0.019716758,0.019716758,0.019716758,0.019716758,0.019716758,0.019716758,0.019716758,0.019716758,0.019716758,0.019716758,0.019716758,0.019716758,0.019716758,0.019716758,0.019716758,0.019716758,0.019716758,0.019716758,0.019716758,0.019716758,0.019716758,0.019716758,0.053595703,0.019716758,0.019716758,0.019716758,0.019716758,0.019716758,0.019716758,0.019716758,0.019716758,0.019716758,0.019716758,0.019716758
0.019716758,0.019716758,0.019716758,0.019716758,0.019716758,0.019716758,0.019716758,0.019716758,0.019716758,0.019716758,0.019716758,0.019716758,0.019716758,0.019716758,0.019716758,0.019716758,0.019716758,0.019716758,0.019716758,0.019716758,0.053595703,0.019716758,0.019716758,0.019716758,0.019716758,0.019716758,0.019716758,0.019716758,0.019716758,0.019716758,0.019716758,0.019716758,0.019716758,0.019716758,0.019716758,0.019716758,0.019716758,0.019716758,0.019716758,0.019716758,0.019716758,0.019716758,0.019716758,0.019716758,0.019716758,0.019716758,0.019716758,0.019716758,0.019716758
0.019716758,0.019716758,0.019716758,0.019716758,0.019716758,0.019716758,0.019716758,0.019716758,0.019716758,0.019716758,0.019716758,0.019716758,0.019716758,0.019716758,0.019716758,0.053595707,0.019716758,0.019716758,0.019716758,0.019716758,0.019716758,0.019716758,0.019716758,0.019716758,0.019716758,0.019716758,0.019716758,0.019716758,0.019716758,0.019716758,0.019716758,0.019716758,0.019716758,0.019716758,0.019716758,0.019716758,0.019716758,0.019716758,0.019716758,0.019716758,0.019716758,0.019716758,0.019716758,0.019716758,0.019716758,0.019716758,0.019716758,0.019716758,0.019716758
0.019716758,0.019716758,0.019716758,0.019716758,0.019716758,0.019716758,0.019716758,0.019716758,0.019716758,0.019716758,0.019716758,0.019716758,0.019716758,0.019716758,0.019716758,0.019716758,0.019716758,0.019716758,0.019716758,0.019716758,0.053595703,0.019716758,0.019716758,0.019716758,0.019716758,0.019716758,0.019716758,0.019716758,0.019716758,0.019716758,0.019716758,0.019716758,0.019716758,0.019716758,0.019716758,0.019716758,0.019716758,0.019716758,0.019716758,0.019716758,0.019716758,0.019716758,0.019716758,0.019716758,0.019716758,0.019716758,0.019716758,0.019716758,0.019716758
0.019716758,0.019716758,0.019716758,0.019716758,0.019716758,0.019716758,0.019716758,0.019716758,0.019716758,0.019716758,0.019716758,0.019716758,0.019716758,0.019716758,0.019716758,0.019716758,0.019716758,0.019716758,0.019716758,0.019716758,0.019716758,0.053595703,0.019716758,0.019716758,0.019716758,0.019716758,0.019716758,0.019716758,0.019716758,0.019716758,0.019716758,0.019716758,0.019716758,0.019716758,0.019716758,0.019716758,0.019716758,0.019716758,0.019716758,0.019716758,0.019716758,0.019716758,0.019716758,0.019716758,0.019716758,0.019716758,0.019716758,0.019716758,0.019716758
0.019716758,0.019716758,0.019716758,0.019716758,0.019716758,0.019716758,0.019716758,0.019716758,0.019716758,0.019716758,0.019716758,0.019716758,0.019716758,0.019716758,0.019716758,0.019716758,0.019716758,0.019716758,0.019716758,0.019716758,0.019716758,0.019716758,0.019716758,0.019716758,0.019716758,0.019716758,0.019716758,0.019716758,0.019716758,0.019716758,0.019716758,0.019716758,0.053595703,0.019716758,0.019716758,0.019716758,0.019716758,0.019716758,0.019716758,0.019716758,0.019716758,0.019716758,0.019716758,0.019716758,0.019716758,0.019716758,0.019716758,0.019716758,0.019716758
0.019716758,0.019716758,0.019716758,0.019716758,0.019716758,0.019716758,0.019716758,0.019716758,0.019716758,0.019716758,0.019716758,0.053595703,0.019716758,0.019716758,0.019716758,0.019716758,0.019716758,0.019716758,0.019716758,0.019716758,0.019716758,0.019716758,0.019716758,0.019716758,0.019716758,0.019716758,0.019716758,0.019716758,0.019716758,0.019716758,0.019716758,0.019716758,0.019716758,0.019716758,0.019716758,0.019716758,0.019716758,0.019716758,0.019716758,0.019716758,0.019716758,0.019716758,0.019716758,0.019716758,0.019716758,0.019716758,0.019716758,0.019716758,0.019716758
0.019716758,0.019716758,0.019716758,0.019716758,0.019716758,0.019716758,0.019716758,0.019716758,0.019716758,0.019716758,0.019716758,0.019716758,0.019716758,0.019716758,0.019716758,0.019716758,0.019716758,0.019716758,0.053595703,0.019716758,0.019716758,0.019716758,0.019716758,0.019716758,0.019716758,0.019716758,0.019716758,0.019716758,0.019716758,0.019716758,0.019716758,0.019716758,0.019716758,0.019716758,0.019716758,0.019716758,0.019716758,0.019716758,0.019716758,0.019716758,0.019716758,0.019716758,0.019716758,0.019716758,0.019716758,0.019716758,0.019716758,0.019716758,0.019716758
0.019716758,0.019716758,0.019716758,0.019716758,0.019716758,0.019716758,0.019716758,0.019716758,0.019716758,0.019716758,0.019716758,0.019716758,0.019716758,0.019716758,0.019716758,0.019716758,0.019716758,0.053595703,0.019716758,0.019716758,0.019716758,0.019716758,0.019716758,0.019716758,0.019716758,0.019716758,0.019716758,0.019716758,0.019716758,0.019716758,0.019716758,0.019716758,0.019716758,0.019716758,0.019716758,0.019716758,0.019716758,0.019716758,0.019716758,0.019716758,0.019716758,0.019716758,0.019716758,0.019716758,0.019716758,0.019716758,0.019716758,0.019716758,0.019716758
0.019716758,0.019716758,0.019716758,0.019716758,0.019716758,0.019716758,0.019716758,0.019716758,0.019716758,0.019716758,0.019716758,0.019716758,0.019716758,0.019716758,0.019716758,0.019716758,0.019716758,0.019716758,0.019716758,0.019716758,0.019716758,0.019716758,0.019716758,0.019716758,0.019716758,0.019716758,0.019716758,0.019716758,0.019716758,0.019716758,0.019716758,0.019716758,0.019716758,0.019716758,0.053595703,0.019716758,0.019716758,0.019716758,0.019716758,0.019716758,0.019716758,0.019716758,0.019716758,0.019716758,0.019716758,0.019716758,0.019716758,0.019716758,0.019716758
0.019716758,0.019716758,0.019716758,0.019716758,0.019716758,0.019716758,0.019716758,0.019716758,0.019716758,0.019716758,0.019716758,0.019716758,0.019716758,0.019716758,0.019716758,0.019716758,0.019716758,0.019716758,0.053595703,0.019716758,0.019716758,0.019716758,0.019716758,0.019716758,0.019716758,0.019716758,0.019716758,0.019716758,0.019716758,0.019716758,0.019716758,0.019716758,0.019716758,0.019716758,0.019716758,0.019716758,0.019716758,0.019716758,0.019716758,0.019716758,0.019716758,0.019716758,0.019716758,0.019716758,0.019716758,0.019716758,0.019716758,0.019716758,0.019716758
0.019716758,0.019716758,0.019716758,0.019716758,0.019716758,0.019716758,0.019716758,0.019716758,0.019716758,0.019716758,0.019716758,0.019716758,0.019716758,0.019716758,0.019716758,0.019716758,0.019716758,0.019716758,0.019716758,0.053595703,0.019716758,0.019716758,0.019716758,0.019716758,0.019716758,0.019716758,0.019716758,0.019716758,0.019716758,0.019716758,0.019716758,0.019716758,0.019716758,0.019716758,0.019716758,0.019716758,0.019716758,0.019716758,0.019716758,0.019716758,0.019716758,0.019716758,0.019716758,0.019716758,0.019716758,0.019716758,0.019716758,0.019716758,0.019716758
0.019716758,0.019716758,0.019716758,0.019716758,0.019716758,0.019716758,0.019716758,0.019716758,0.019716758,0.019716758,0.019716758,0.019716758,0.019716758,0.019716758,0.019716758,0.019716758,0.019716758,0.019716758,0.019716758,0.019716758,0.019716758,0.019716758,0.019716758,0.019716758,0.019716758,0.019716758,0.019716758,0.019716758,0.019716758,0.019716758,0.019716758,0.019716758,0.019716758,0.019716758,0.053595703,0.019716758,0.019716758,0.019716758,0.019716758,0.019716758,0.019716758,0.019716758,0.019716758,0.019716758,0.019716758,0.019716758,0.019716758,0.019716758,0.019716758
0.019716758,0.019716758,0.019716758,0.019716758,0.019716758,0.019716758,0.019716758,0.019716758,0.019716758,0.019716758,0.019716758,0.019716758,0.019716758,0.019716758,0.053595703,0.019716758,0.019716758,0.019716758,0.019716758,0.019716758,0.019716758,0.019716758,0.019716758,0.019716758,0.019716758,0.019716758,0.019716758,0.019716758,0.019716758,0.019716758,0.019716758,0.019716758,0.019716758,0.019716758,0.019716758,0.019716758,0.019716758,0.019716758,0.019716758,0.019716758,0.019716758,0.019716758,0.019716758,0.019716758,0.019716758,0.019716758,0.019716758,0.019716758,0.019716758
0.019716758,0.019716758,0.019716758,0.019716758,0.019716758,0.019716758,0.019716758,0.019716758,0.019716758,0.053595703,0.019716758,0.019716758,0.019716758,0.019716758,0.019716758,0.019716758,0.019716758,0.019716758,0.019716758,0.019716758,0.019716758,0.019716758,0.019716758,0.019716758,0.019716758,0.019716758,0.019716758,0.019716758,0.019716758,0.019716758,0.019716758,0.019716758,0.019716758,0.019716758,0.019716758,0.019716758,0.019716758,0.019716758,0.019716758,0.019716758,0.019716758,0.019716758,0.019716758,0.019716758,0.019716758,0.019716758,0.019716758,0.019716758,0.019716758
0.019716758,0.019716758,0.019716758,0.019716758,0.019716758,0.019716758,0.019716758,0.019716758,0.019716758,0.019716758,0.019716758,0.019716758,0.019716758,0.019716758,0.019716758,0.019716758,0.019716758,0.019716758,0.019716758,0.019716758,0.019716758,0.053595703,0.019716758,0.019716758,0.019716758,0.019716758,0.019716758,0.019716758,0.019716758,0.019716758,0.019716758,0.019716758,0.019716758,0.019716758,0.019716758,0.019716758,0.019716758,0.019716758,0.019716758,0.019716758,0.019716758,0.019716758,0.019716758,0.019716758,0.019716758,0.019716758,0.019716758,0.019716758,0.019716758
0.019716758,0.019716758,0.019716758,0.019716758,0.019716758,0.019716758,0.019716758,0.019716758,0.019716758,0.019716758,0.019716758,0.019716758,0.019716758,0.019716758,0.019716758,0.019716758,0.019716758,0.019716758,0.019716758,0.019716758,0.019716758,0.019716758,0.019716758,0.019716758,0.019716758,0.019716758,0.019716758,0.019716758,0.019716758,0.019716758,0.019716758,0.019716758,0.019716758,0.019716758,0.019716758,0.019716758,0.019716758,0.019716758,0.019716758,0.019716758,0.019716758,0.019716758,0.019716758,0.019716758,0.019716758,0.019716758,0.019716758,0.019716758,0.053595703
0.019716758,0.019716758,0.019716758,0.019716758,0.019716758,0.019716758,0.019716758,0.019716758,0.019716758,0.019716758,0.019716758,0.019716758,0.019716758,0.019716758,0.019716758,0.019716758,0.019716758,0.019716758,0.019716758,0.019716758,0.019716758,0.019716758,0.019716758,0.019716758,0.019716758,0.019716758,0.019716758,0.019716758,0.019716758,0.019716758,0.019716758,0.019716758,0.019716758,0.019716758,0.019716758,0.019716758,0.019716758,0.019716758,0.019716758,0.019716758,0.019716758,0.053595703,0.019716758,0.019716758,0.019716758,0.019716758,0.019716758,0.019716758,0.019716758
0.019716758,0.019716758,0.019716758,0.019716758,0.019716758,0.019716758,0.019716758,0.019716758,0.019716758,0.019716758,0.019716758,0.019716758,0.019716758,0.019716758,0.019716758,0.019716758,0.019716758,0.053595703,0.019716758,0.019716758,0.019716758,0.019716758,0.019716758,0.019716758,0.019716758,0.019716758,0.019716758,0.019716758,0.019716758,0.019716758,0.019716758,0.019716758,0.019716758,0.019716758,0.019716758,0.019716758,0.019716758,0.019716758,0.019716758,0.019716758,0.019716758,0.019716758,0.019716758,0.019716758,0.019716758,0.019716758,0.019716758,0.019716758,0.019716758
0.019716758,0.019716758,0.019716758,0.019716758,0.019716758,0.019716758,0.019716758,0.019716758,0.019716758,0.019716758,0.053595703,0.019716758,0.019716758,0.019716758,0.019716758,0.019716758,0.019716758,0.019716758,0.019716758,0.019716758,0.019716758,0.019716758,0.019716758,0.019716758,0.019716758,0.019716758,0.019716758,0.019716758,0.019716758,0.019716758,0.019716758,0.019716758,0.019716758,0.019716758,0.019716758,0.019716758,0.019716758,0.019716758,0.019716758,0.019716758,0.019716758,0.019716758,0.019716758,0.019716758,0.019716758,0.019716758,0.019716758,0.019716758,0.019716758
0.019716758,0.019716758,0.019716758,0.019716758,0.019716758,0.019716758,0.019716758,0.019716758,0.019716758,0.019716758,0.019716758,0.019716758,0.019716758,0.019716758,0.019716758,0.019716758,0.019716758,0.019716758,0.019716758,0.019716758,0.019716758,0.019716758,0.019716758,0.019716758,0.019716758,0.019716758,0.019716758,0.019716758,0.019716758,0.019716758,0.053595703,0.019716758,0.019716758,0.019716758,0.019716758,0.019716758,0.019716758,0.019716758,0.019716758,0.019716758,0.019716758,0.019716758,0.019716758,0.019716758,0.019716758,0.019716758,0.019716758,0.019716758,0.019716758
0.019716758,0.019716758,0.019716758,0.019716758,0.019716758,0.019716758,0.019716758,0.019716758,0.019716758,0.019716758,0.019716758,0.019716758,0.053595703,0.019716758,0.019716758,0.019716758,0.019716758,0.019716758,0.019716758,0.019716758,0.019716758,0.019716758,0.019716758,0.019716758,0.019716758,0.019716758,0.019716758,0.019716758,0.019716758,0.019716758,0.019716758,0.019716758,0.019716758,0.019716758,0.019716758,0.019716758,0.019716758,0.019716758,0.019716758,0.019716758,0.019716758,0.019716758,0.019716758,0.019716758,0.019716758,0.019716758,0.019716758,0.019716758,0.019716758
0.019716758,0.019716758,0.019716758,0.019716758,0.019716758,0.019716758,0.019716758,0.019716758,0.019716758,0.019716758,0.019716758,0.019716758,0.019716758,0.019716758,0.053595703,0.019716758,0.019716758,0.019716758,0.019716758,0.019716758,0.019716758,0.019716758,0.019716758,0.019716758,0.019716758,0.019716758,0.019716758,0.019716758,0.019716758,0.019716758,0.019716758,0.019716758,0.019716758,0.019716758,0.019716758,0.019716758,0.019716758,0.019716758,0.019716758,0.019716758,0.019716758,0.019716758,0.019716758,0.019716758,0.019716758,0.019716758,0.019716758,0.019716758,0.019716758
0.019716758,0.019716758,0.019716758,0.019716758,0.019716758,0.019716758,0.019716758,0.019716758,0.053595703,0.019716758,0.019716758,0.019716758,0.019716758,0.019716758,0.019716758,0.019716758,0.019716758,0.019716758,0.019716758,0.019716758,0.019716758,0.019716758,0.019716758,0.019716758,0.019716758,0.019716758,0.019716758,0.019716758,0.019716758,0.019716758,0.019716758,0.019716758,0.019716758,0.019716758,0.019716758,0.019716758,0.019716758,0.019716758,0.019716758,0.019716758,0.019716758,0.019716758,0.019716758,0.019716758,0.019716758,0.019716758,0.019716758,0.019716758,0.019716758
0.019716758,0.019716758,0.019716758,0.019716758,0.019716758,0.019716758,0.019716758,0.019716758,0.019716758,0.019716758,0.019716758,0.019716758,0.019716758,0.019716758,0.019716758,0.019716758,0.019716758,0.019716758,0.019716758,0.019716758,0.019716758,0.019716758,0.019716758,0.019716758,0.019716758,0.019716758,0.019716758,0.019716758,0.019716758,0.019716758,0.019716758,0.019716758,0.019716758,0.019716758,0.019716758,0.019716758,0.019716758,0.053595703,0.019716758,0.019716758,0.019716758,0.019716758,0.019716758,0.019716758,0.019716758,0.019716758,0.019716758,0.019716758,0.019716758
0.019716758,0.019716758,0.019716758,0.019716758,0.019716758,0.019716758,0.019716758,0.019716758,0.019716758,0.019716758,0.019716758,0.019716758,0.019716758,0.019716758,0.019716758,0.019716758,0.019716758,0.019716758,0.019716758,0.019716758,0.019716758,0.019716758,0.019716758,0.019716758,0.019716758,0.019716758,0.019716758,0.053595703,0.019716758,0.019716758,0.019716758,0.019716758,0.019716758,0.019716758,0.019716758,0.019716758,0.019716758,0.019716758,0.019716758,0.019716758,0.019716758,0.019716758,0.019716758,0.019716758,0.019716758,0.019716758,0.019716758,0.019716758,0.019716758
0.019716758,0.019716758,0.019716758,0.019716758,0.019716758,0.019716758,0.019716758,0.019716758,0.019716758,0.019716758,0.019716758,0.019716758,0.019716758,0.019716758,0.019716758,0.019716758,0.019716758,0.019716758,0.019716758,0.019716758,0.019716758,0.019716758,0.019716758,0.019716758,0.019716758,0.019716758,0.019716758,0.019716758,0.019716758,0.053595703,0.019716758,0.019716758,0.019716758,0.019716758,0.019716758,0.019716758,0.019716758,0.019716758,0.019716758,0.019716758,0.019716758,0.019716758,0.019716758,0.019716758,0.019716758,0.019716758,0.019716758,0.019716758,0.019716758
0.019716758,0.019716758,0.019716758,0.019716758,0.019716758,0.019716758,0.019716758,0.019716758,0.019716758,0.019716758,0.019716758,0.019716758,0.019716758,0.019716758,0.019716758,0.019716758,0.019716758,0.019716758,0.019716758,0.019716758,0.019716758,0.019716758,0.019716758,0.019716758,0.053595703,0.019716758,0.019716758,0.019716758,0.019716758,0.019716758,0.019716758,0.019716758,0.019716758,0.019716758,0.019716758,0.019716758,0.019716758,0.019716758,0.019716758,0.019716758,0.019716758,0.019716758,0.019716758,0.019716758,0.019716758,0.019716758,0.019716758,0.019716758,0.019716758
0.019716758,0.019716758,0.019716758,0.019716758,0.053595703,0.019716758,0.019716758,0.019716758,0.019716758,0.019716758,0.019716758,0.019716758,0.019716758,0.019716758,0.019716758,0.019716758,0.019716758,0.019716758,0.019716758,0.019716758,0.019716758,0.019716758,0.019716758,0.019716758,0.019716758,0.019716758,0.019716758,0.019716758,0.019716758,0.019716758,0.019716758,0.019716758,0.019716758,0.019716758,0.019716758,0.019716758,0.019716758,0.019716758,0.019716758,0.019716758,0.019716758,0.019716758,0.019716758,0.019716758,0.019716758,0.019716758,0.019716758,0.019716758,0.019716758
0.019716758,0.019716758,0.019716758,0.019716758,0.019716758,0.019716758,0.019716758,0.019716758,0.019716758,0.019716758,0.019716758,0.019716758,0.019716758,0.019716758,0.019716758,0.019716758,0.019716758,0.019716758,0.019716758,0.019716758,0.019716758,0.019716758,0.019716758,0.019716758,0.019716758,0.019716758,0.019716758,0.019716758,0.019716758,0.019716758,0.019716758,0.019716758,0.019716758,0.019716758,0.019716758,0.053595703,0.019716758,0.019716758,0.019716758,0.019716758,0.019716758,0.019716758,0.019716758,0.019716758,0.019716758,0.019716758,0.019716758,0.019716758,0.019716758
0.019716758,0.019716758,0.019716758,0.019716758,0.019716758,0.019716758,0.019716758,0.019716758,0.019716758,0.019716758,0.019716758,0.019716758,0.019716758,0.019716758,0.019716758,0.019716758,0.019716758,0.019716758,0.019716758,0.019716758,0.019716758,0.019716758,0.019716758,0.019716758,0.019716758,0.019716758,0.019716758,0.019716758,0.019716758,0.019716758,0.019716758,0.019716758,0.019716758,0.019716758,0.019716758,0.019716758,0.019716758,0.019716758,0.019716758,0.019716758,0.019716758,0.019716758,0.019716758,0.053595703,0.019716758,0.019716758,0.019716758,0.019716758,0.019716758
0.019716758,0.019716758,0.019716758,0.019716758,0.019716758,0.019716758,0.019716758,0.019716758,0.019716758,0.019716758,0.019716758,0.019716758,0.019716758,0.019716758,0.019716758,0.019716758,0.019716758,0.019716758,0.019716758,0.019716758,0.019716758,0.019716758,0.019716758,0.019716758,0.019716758,0.019716758,0.019716758,0.019716758,0.019716758,0.019716758,0.053595703,0.019716758,0.019716758,0.019716758,0.019716758,0.019716758,0.019716758,0.019716758,0.019716758,0.019716758,0.019716758,0.019716758,0.019716758,0.019716758,0.019716758,0.019716758,0.019716758,0.019716758,0.019716758
0.019716758,0.019716758,0.019716758,0.019716758,0.019716758,0.019716758,0.019716758,0.019716758,0.019716758,0.019716758,0.019716758,0.053595703,0.019716758,0.019716758,0.019716758,0.019716758,0.019716758,0.019716758,0.019716758,0.019716758,0.019716758,0.019716758,0.019716758,0.019716758,0.019716758,0.019716758,0.019716758,0.019716758,0.019716758,0.019716758,0.019716758,0.019716758,0.019716758,0.019716758,0.019716758,0.019716758,0.019716758,0.019716758,0.019716758,0.019716758,0.019716758,0.019716758,0.019716758,0.019716758,0.019716758,0.019716758,0.019716758,0.019716758,0.019716758
0.019716758,0.019716758,0.019716758,0.019716758,0.019716758,0.019716758,0.019716758,0.019716758,0.019716758,0.019716758,0.019716758,0.019716758,0.019716758,0.019716758,0.019716758,0.019716758,0.019716758,0.019716758,0.019716758,0.019716758,0.019716758,0.019716758,0.019716758,0.019716758,0.019716758,0.019716758,0.019716758,0.053595703,0.019716758,0.019716758,0.019716758,0.019716758,0.019716758,0.019716758,0.019716758,0.019716758,0.019716758,0.019716758,0.019716758,0.019716758,0.019716758,0.019716758,0.019716758,0.019716758,0.019716758,0.019716758,0.019716758,0.019716758,0.019716758
0.019716758,0.019716758,0.019716758,0.019716758,0.019716758,0.019716758,0.019716758,0.019716758,0.019716758,0.019716758,0.019716758,0.019716758,0.019716758,0.053595703,0.019716758,0.019716758,0.019716758,0.019716758,0.019716758,0.019716758,0.019716758,0.019716758,0.019716758,0.019716758,0.019716758,0.019716758,0.019716758,0.019716758,0.019716758,0.019716758,0.019716758,0.019716758,0.019716758,0.019716758,0.019716758,0.019716758,0.019716758,0.019716758,0.019716758,0.019716758,0.019716758,0.019716758,0.019716758,0.019716758,0.019716758,0.019716758,0.019716758,0.019716758,0.019716758
0.019716758,0.019716758,0.019716758,0.019716758,0.019716758,0.053595703,0.019716758,0.019716758,0.019716758,0.019716758,0.019716758,0.019716758,0.019716758,0.019716758,0.019716758,0.019716758,0.019716758,0.019716758,0.019716758,0.019716758,0.019716758,0.019716758,0.019716758,0.019716758,0.019716758,0.019716758,0.019716758,0.019716758,0.019716758,0.019716758,0.019716758,0.019716758,0.019716758,0.019716758,0.019716758,0.019716758,0.019716758,0.019716758,0.019716758,0.019716758,0.019716758,0.019716758,0.019716758,0.019716758,0.019716758,0.019716758,0.019716758,0.019716758,0.019716758
0.019716758,0.019716758,0.019716758,0.019716758,0.019716758,0.019716758,0.019716758,0.019716758,0.019716758,0.019716758,0.019716758,0.019716758,0.019716758,0.019716758,0.019716758,0.019716758,0.019716758,0.019716758,0.019716758,0.019716758,0.019716758,0.019716758,0.019716758,0.019716758,0.019716758,0.019716758,0.019716758,0.019716758,0.019716758,0.019716758,0.019716758,0.019716758,0.019716758,0.019716758,0.019716758,0.019716758,0.019716758,0.019716758,0.053595703,0.019716758,0.019716758,0.019716758,0.019716758,0.019716758,0.019716758,0.019716758,0.019716758,0.019716758,0.019716758
0.019716758,0.019716758,0.019716758,0.019716758,0.019716758,0.019716758,0.019716758,0.019716758,0.019716758,0.019716758,0.019716758,0.019716758,0.019716758,0.019716758,0.019716758,0.019716758,0.019716758,0.019716758,0.019716758,0.019716758,0.019716758,0.019716758,0.019716758,0.019716758,0.019716758,0.019716758,0.019716758,0.019716758,0.019716758,0.019716758,0.019716758,0.019716758,0.019716758,0.019716758,0.019716758,0.019716758,0.019716758,0.019716758,0.019716758,0.019716758,0.019716758,0.019716758,0.019716758,0.019716758,0.019716758,0.019716758,0.053595703,0.019716758,0.019716758
0.019716758,0.019716758,0.019716758,0.019716758,0.019716758,0.019716758,0.019716758,0.019716758,0.019716758,0.019716758,0.019716758,0.019716758,0.019716758,0.019716758,0.019716758,0.019716758,0.019716758,0.019716758,0.019716758,0.019716758,0.019716758,0.019716758,0.019716758,0.019716758,0.019716758,0.019716758,0.019716758,0.019716758,0.019716758,0.019716758,0.019716758,0.019716758,0.019716758,0.019716758,0.053595703,0.019716758,0.019716758,0.019716758,0.019716758,0.019716758,0.019716758,0.019716758,0.019716758,0.019716758,0.019716758,0.019716758,0.019716758,0.019716758,0.019716758
0.019716758,0.019716758,0.019716758,0.019716758,0.019716758,0.019716758,0.019716758,0.019716758,0.019716758,0.019716758,0.019716758,0.019716758,0.019716758,0.053595703,0.019716758,0.019716758,0.019716758,0.019716758,0.019716758,0.019716758,0.019716758,0.019716758,0.019716758,0.019716758,0.019716758,0.019716758,0.019716758,0.019716758,0.019716758,0.019716758,0.019716758,0.019716758,0.019716758,0.019716758,0.019716758,0.019716758,0.019716758,0.019716758,0.019716758,0.019716758,0.019716758,0.019716758,0.019716758,0.019716758,0.019716758,0.019716758,0.019716758,0.019716758,0.019716758
0.019716758,0.019716758,0.019716758,0.019716758,0.019716758,0.019716758,0.019716758,0.019716758,0.019716758,0.019716758,0.019716758,0.019716758,0.019716758,0.019716758,0.019716758,0.019716758,0.019716758,0.019716758,0.019716758,0.019716758,0.019716758,0.019716758,0.019716758,0.019716758,0.019716758,0.019716758,0.019716758,0.019716758,0.019716758,0.019716758,0.019716758,0.019716758,0.019716758,0.019716758,0.019716758,0.019716758,0.019716758,0.019716758,0.019716758,0.019716758,0.019716758,0.019716758,0.019716758,0.019716758,0.019716758,0.019716758,0.053595703,0.019716758,0.019716758
0.019716758,0.053595703,0.019716758,0.019716758,0.019716758,0.019716758,0.019716758,0.019716758,0.019716758,0.019716758,0.019716758,0.019716758,0.019716758,0.019716758,0.019716758,0.019716758,0.019716758,0.019716758,0.019716758,0.019716758,0.019716758,0.019716758,0.019716758,0.019716758,0.019716758,0.019716758,0.019716758,0.019716758,0.019716758,0.019716758,0.019716758,0.019716758,0.019716758,0.019716758,0.019716758,0.019716758,0.019716758,0.019716758,0.019716758,0.019716758,0.019716758,0.019716758,0.019716758,0.019716758,0.019716758,0.019716758,0.019716758,0.019716758,0.019716758
0.019716758,0.019716758,0.019716758,0.019716758,0.019716758,0.019716758,0.019716758,0.019716758,0.019716758,0.019716758,0.019716758,0.019716758,0.019716758,0.053595703,0.019716758,0.019716758,0.019716758,0.019716758,0.019716758,0.019716758,0.019716758,0.019716758,0.019716758,0.019716758,0.019716758,0.019716758,0.019716758,0.019716758,0.019716758,0.019716758,0.019716758,0.019716758,0.019716758,0.019716758,0.019716758,0.019716758,0.019716758,0.019716758,0.019716758,0.019716758,0.019716758,0.019716758,0.019716758,0.019716758,0.019716758,0.019716758,0.019716758,0.019716758,0.019716758
0.019716758,0.019716758,0.019716758,0.019716758,0.019716758,0.019716758,0.019716758,0.019716758,0.019716758,0.019716758,0.019716758,0.019716758,0.053595703,0.019716758,0.019716758,0.019716758,0.019716758,0.019716758,0.019716758,0.019716758,0.019716758,0.019716758,0.019716758,0.019716758,0.019716758,0.019716758,0.019716758,0.019716758,0.019716758,0.019716758,0.019716758,0.019716758,0.019716758,0.019716758,0.019716758,0.019716758,0.019716758,0.019716758,0.019716758,0.019716758,0.019716758,0.019716758,0.019716758,0.019716758,0.019716758,0.019716758,0.019716758,0.019716758,0.019716758
0.019716758,0.019716758,0.019716758,0.019716758,0.019716758,0.019716758,0.019716758,0.019716758,0.019716758,0.019716758,0.019716758,0.053595703,0.019716758,0.019716758,0.019716758,0.019716758,0.019716758,0.019716758,0.019716758,0.019716758,0.019716758,0.019716758,0.019716758,0.019716758,0.019716758,0.019716758,0.019716758,0.019716758,0.019716758,0.019716758,0.019716758,0.019716758,0.019716758,0.019716758,0.019716758,0.019716758,0.019716758,0.019716758,0.019716758,0.019716758,0.019716758,0.019716758,0.019716758,0.019716758,0.019716758,0.019716758,0.019716758,0.019716758,0.019716758
0.01976033,0.01976033,0.01976033,0.01976033,0.01976033,0.01976033,0.01976033,0.01976033,0.01976033,0.01976033,0.01976033,0.01976033,0.01976033,0.01976033,0.01976033,0.01976033,0.01976033,0.050063122,0.01976033,0.01976033,0.01976033,0.01976033,0.01976033,0.01976033,0.021201417,0.01976033,0.01976033,0.01976033,0.01976033,0.01976033,0.01976033,0.01976033,0.01976033,0.01976033,0.01976033,0.01976033,0.01976033,0.01976033,0.01976033,0.01976033,0.01976033,0.01976033,0.01976033,0.01976033,0.01976033,0.01976033,0.01976033,0.01976033,0.01976033
0.019879177,0.019879177,0.019879177,0.019879177,0.019879177,0.019879177,0.019879177,0.019879177,0.019879177,0.019879177,0.019879177,0.019879177,0.019879177,0.019879177,0.019879177,0.019879177,0.019879177,0.019879177,0.019879177,0.019879177,0.03489033,0.019879177,0.019879177,0.019879177,0.019879177,0.019879177,0.019879177,0.019879177,0.019879177,0.019879177,0.019879177,0.019879177,0.019879177,0.019879177,0.019879177,0.019879177,0.019879177,0.019879177,0.019879177,0.019879177,0.019879177,0.019879177,0.019879177,0.019879177,0.019879177,0.019879177,0.019879177,0.019879177,0.03078833
0.019716758,0.019716758,0.019716758,0.019716758,0.019716758,0.019716758,0.019716758,0.019716758,0.019716758,0.019716758,0.019716758,0.019716758,0.019716758,0.019716758,0.019716758,0.019716758,0.019716758,0.053595703,0.019716758,0.019716758,0.019716758,0.019716758,0.019716758,0.019716758,0.019716758,0.019716758,0.019716758,0.019716758,0.019716758,0.019716758,0.019716758,0.019716758,0.019716758,0.019716758,0.019716758,0.019716758,0.019716758,0.019716758,0.019716758,0.019716758,0.019716758,0.019716758,0.019716758,0.019716758,0.019716758,0.019716758,0.019716758,0.019716758,0.019716758
0.019716758,0.053595703,0.019716758,0.019716758,0.019716758,0.019716758,0.019716758,0.019716758,0.019716758,0.019716758,0.019716758,0.019716758,0.019716758,0.019716758,0.019716758,0.019716758,0.019716758,0.019716758,0.019716758,0.019716758,0.019716758,0.019716758,0.019716758,0.019716758,0.019716758,0.019716758,0.019716758,0.019716758,0.019716758,0.019716758,0.019716758,0.019716758,0.019716758,0.019716758,0.019716758,0.019716758,0.019716758,0.019716758,0.019716758,0.019716758,0.019716758,0.019716758,0.019716758,0.019716758,0.019716758,0.019716758,0.019716758,0.019716758,0.019716758
0.019716758,0.019716758,0.019716758,0.019716758,0.019716758,0.019716758,0.019716758,0.019716758,0.019716758,0.019716758,0.053595703,0.019716758,0.019716758,0.019716758,0.019716758,0.019716758,0.019716758,0.019716758,0.019716758,0.019716758,0.019716758,0.019716758,0.019716758,0.019716758,0.019716758,0.019716758,0.019716758,0.019716758,0.019716758,0.019716758,0.019716758,0.019716758,0.019716758,0.019716758,0.019716758,0.019716758,0.019716758,0.019716758,0.019716758,0.019716758,0.019716758,0.019716758,0.019716758,0.019716758,0.019716758,0.019716758,0.019716758,0.019716758,0.019716758
0.019716758,0.019716758,0.019716758,0.019716758,0.019716758,0.019716758,0.019716758,0.019716758,0.019716758,0.019716758,0.019716758,0.019716758,0.053595703,0.019716758,0.019716758,0.019716758,0.019716758,0.019716758,0.019716758,0.019716758,0.019716758,0.019716758,0.019716758,0.019716758,0.019716758,0.019716758,0.019716758,0.019716758,0.019716758,0.019716758,0.019716758,0.019716758,0.019716758,0.019716758,0.019716758,0.019716758,0.019716758,0.019716758,0.019716758,0.019716758,0.019716758,0.019716758,0.019716758,0.019716758,0.019716758,0.019716758,0.019716758,0.019716758,0.019716758
0.019716758,0.019716758,0.053595703,0.019716758,0.019716758,0.019716758,0.019716758,0.019716758,0.019716758,0.019716758,0.019716758,0.019716758,0.019716758,0.019716758,0.019716758,0.019716758,0.019716758,0.019716758,0.019716758,0.019716758,0.019716758,0.019716758,0.019716758,0.019716758,0.019716758,0.019716758,0.019716758,0.019716758,0.019716758,0.019716758,0.019716758,0.019716758,0.019716758,0.019716758,0.019716758,0.019716758,0.019716758,0.019716758,0.019716758,0.019716758,0.019716758,0.019716758,0.019716758,0.019716758,0.019716758,0.019716758,0.019716758,0.019716758,0.019716758
0.019716758,0.019716758,0.019716758,0.019716758,0.019716758,0.019716758,0.019716758,0.019716758,0.019716758,0.019716758,0.019716758,0.019716758,0.019716758,0.019716758,0.019716758,0.019716758,0.019716758,0.019716758,0.019716758,0.019716758,0.019716758,0.019716758,0.019716758,0.019716758,0.019716758,0.019716758,0.019716758,0.053595703,0.019716758,0.019716758,0.019716758,0.019716758,0.019716758,0.019716758,0.019716758,0.019716758,0.019716758,0.019716758,0.019716758,0.019716758,0.019716758,0.019716758,0.019716758,0.019716758,0.019716758,0.019716758,0.019716758,0.019716758,0.019716758
0.019716758,0.019716758,0.019716758,0.019716758,0.019716758,0.019716758,0.019716758,0.019716758,0.019716758,0.019716758,0.019716758,0.019716758,0.019716758,0.019716758,0.019716758,0.019716758,0.019716758,0.019716758,0.019716758,0.019716758,0.019716758,0.019716758,0.019716758,0.019716758,0.019716758,0.019716758,0.019716758,0.019716758,0.019716758,0.019716758,0.019716758,0.019716758,0.019716758,0.019716758,0.019716758,0.019716758,0.019716758,0.019716758,0.019716758,0.019716758,0.019716758,0.053595703,0.019716758,0.019716758,0.019716758,0.019716758,0.019716758,0.019716758,0.019716758
0.019716758,0.019716758,0.019716758,0.019716758,0.019716758,0.019716758,0.019716758,0.019716758,0.019716758,0.019716758,0.019716758,0.019716758,0.019716758,0.053595703,0.019716758,0.019716758,0.019716758,0.019716758,0.019716758,0.019716758,0.019716758,0.019716758,0.019716758,0.019716758,0.019716758,0.019716758,0.019716758,0.019716758,0.019716758,0.019716758,0.019716758,0.019716758,0.019716758,0.019716758,0.019716758,0.019716758,0.019716758,0.019716758,0.019716758,0.019716758,0.019716758,0.019716758,0.019716758,0.019716758,0.019716758,0.019716758,0.019716758,0.019716758,0.019716758
0.019716758,0.019716758,0.019716758,0.019716758,0.019716758,0.019716758,0.019716758,0.019716758,0.019716758,0.019716758,0.019716758,0.019716758,0.019716758,0.019716758,0.019716758,0.019716758,0.019716758,0.019716758,0.019716758,0.019716758,0.019716758,0.019716758,0.019716758,0.019716758,0.019716758,0.019716758,0.019716758,0.019716758,0.019716758,0.019716758,0.019716758,0.019716758,0.019716758,0.019716758,0.019716758,0.019716758,0.019716758,0.019716758,0.019716758,0.019716758,0.019716758,0.019716758,0.019716758,0.053595703,0.019716758,0.019716758,0.019716758,0.019716758,0.019716758
0.019716758,0.053595703,0.019716758,0.019716758,0.019716758,0.019716758,0.019716758,0.019716758,0.019716758,0.019716758,0.019716758,0.019716758,0.019716758,0.019716758,0.019716758,0.019716758,0.019716758,0.019716758,0.019716758,0.019716758,0.019716758,0.019716758,0.019716758,0.019716758,0.019716758,0.019716758,0.019716758,0.019716758,0.019716758,0.019716758,0.019716758,0.019716758,0.019716758,0.019716758,0.019716758,0.019716758,0.019716758,0.019716758,0.019716758,0.019716758,0.019716758,0.019716758,0.019716758,0.019716758,0.019716758,0.019716758,0.019716758,0.019716758,0.019716758
0.019716758,0.019716758,0.019716758,0.019716758,0.019716758,0.019716758,0.019716758,0.019716758,0.019716758,0.019716758,0.019716758,0.019716758,0.053595703,0.019716758,0.019716758,0.019716758,0.019716758,0.019716758,0.019716758,0.019716758,0.019716758,0.019716758,0.019716758,0.019716758,0.019716758,0.019716758,0.019716758,0.019716758,0.019716758,0.019716758,0.019716758,0.019716758,0.019716758,0.019716758,0.019716758,0.019716758,0.019716758,0.019716758,0.019716758,0.019716758,0.019716758,0.019716758,0.019716758,0.019716758,0.019716758,0.019716758,0.019716758,0.019716758,0.019716758
0.019716758,0.019716758,0.019716758,0.019716758,0.019716758,0.019716758,0.019716758,0.019716758,0.019716758,0.019716758,0.019716758,0.019716758,0.019716758,0.019716758,0.019716758,0.019716758,0.019716758,0.019716758,0.019716758,0.019716758,0.019716758,0.019716758,0.019716758,0.019716758,0.019716758,0.019716758,0.019716758,0.053595703,0.019716758,0.019716758,0.019716758,0.019716758,0.019716758,0.019716758,0.019716758,0.019716758,0.019716758,0.019716758,0.019716758,0.019716758,0.019716758,0.019716758,0.019716758,0.019716758,0.019716758,0.019716758,0.019716758,0.019716758,0.019716758
0.019823296,0.019823296,0.019823296,0.019823296,0.019823296,0.019823296,0.019823296,0.019823296,0.019823296,0.019823296,0.019823296,0.019823296,0.024242355,0.019823296,0.019823296,0.019823296,0.019823296,0.019823296,0.019823296,0.019823296,0.019823296,0.019823296,0.019823296,0.019823296,0.044062726,0.019823296,0.019823296,0.019823296,0.019823296,0.019823296,0.019823296,0.019823296,0.019823296,0.019823296,0.019823296,0.019823296,0.019823296,0.019823296,0.019823296,0.019823296,0.019823296,0.019823296,0.019823296,0.019823296,0.019823296,0.019823296,0.019823296,0.019823296,0.019823296
0.019716758,0.019716758,0.019716758,0.019716758,0.019716758,0.019716758,0.019716758,0.019716758,0.019716758,0.019716758,0.019716758,0.019716758,0.019716758,0.019716758,0.019716758,0.019716758,0.019716758,0.019716758,0.019716758,0.019716758,0.019716758,0.053595703,0.019716758,0.019716758,0.019716758,0.019716758,0.019716758,0.019716758,0.019716758,0.019716758,0.019716758,0.019716758,0.019716758,0.019716758,0.019716758,0.019716758,0.019716758,0.019716758,0.019716758,0.019716758,0.019716758,0.019716758,0.019716758,0.019716758,0.019716758,0.019716758,0.019716758,0.019716758,0.019716758
0.019716758,0.019716758,0.019716758,0.019716758,0.019716758,0.019716758,0.019716758,0.019716758,0.019716758,0.019716758,0.053595703,0.019716758,0.019716758,0.019716758,0.019716758,0.019716758,0.019716758,0.019716758,0.019716758,0.019716758,0.019716758,0.019716758,0.019716758,0.019716758,0.019716758,0.019716758,0.019716758,0.019716758,0.019716758,0.019716758,0.019716758,0.019716758,0.019716758,0.019716758,0.019716758,0.019716758,0.019716758,0.019716758,0.019716758,0.019716758,0.019716758,0.019716758,0.019716758,0.019716758,0.019716758,0.019716758,0.019716758,0.019716758,0.019716758
0.019716758,0.053595703,0.019716758,0.019716758,0.019716758,0.019716758,0.019716758,0.019716758,0.019716758,0.019716758,0.019716758,0.019716758,0.019716758,0.019716758,0.019716758,0.019716758,0.019716758,0.019716758,0.019716758,0.019716758,0.019716758,0.019716758,0.019716758,0.019716758,0.019716758,0.019716758,0.019716758,0.019716758,0.019716758,0.019716758,0.019716758,0.019716758,0.019716758,0.019716758,0.019716758,0.019716758,0.019716758,0.019716758,0.019716758,0.019716758,0.019716758,0.019716758,0.019716758,0.019716758,0.019716758,0.019716758,0.019716758,0.019716758,0.019716758
0.019716758,0.019716758,0.019716758,0.019716758,0.019716758,0.019716758,0.019716758,0.019716758,0.019716758,0.019716758,0.019716758,0.019716758,0.019716758,0.019716758,0.019716758,0.019716758,0.019716758,0.019716758,0.019716758,0.019716758,0.019716758,0.019716758,0.019716758,0.019716758,0.019716758,0.019716758,0.019716758,0.019716758,0.019716758,0.019716758,0.019716758,0.019716758,0.019716758,0.019716758,0.019716758,0.019716758,0.019716758,0.019716758,0.019716758,0.019716758,0.019716758,0.019716758,0.019716758,0.019716758,0.019716758,0.019716758,0.053595703,0.019716758,0.019716758
0.019716758,0.019716758,0.019716758,0.019716758,0.019716758,0.019716758,0.019716758,0.019716758,0.019716758,0.019716758,0.019716758,0.019716758,0.019716758,0.019716758,0.019716758,0.019716758,0.019716758,0.019716758,0.019716758,0.019716758,0.019716758,0.019716758,0.019716758,0.019716758,0.019716758,0.019716758,0.019716758,0.019716758,0.019716758,0.019716758,0.019716758,0.019716758,0.019716758,0.019716758,0.019716758,0.053595703,0.019716758,0.019716758,0.019716758,0.019716758,0.019716758,0.019716758,0.019716758,0.019716758,0.019716758,0.019716758,0.019716758,0.019716758,0.019716758
0.019716758,0.019716758,0.019716758,0.019716758,0.019716758,0.019716758,0.019716758,0.019716758,0.019716758,0.019716758,0.019716758,0.019716758,0.019716758,0.019716758,0.019716758,0.019716758,0.019716758,0.019716758,0.019716758,0.019716758,0.019716758,0.019716758,0.019716758,0.019716758,0.019716758,0.019716758,0.053595703,0.019716758,0.019716758,0.019716758,0.019716758,0.019716758,0.019716758,0.019716758,0.019716758,0.019716758,0.019716758,0.019716758,0.019716758,0.019716758,0.019716758,0.019716758,0.019716758,0.019716758,0.019716758,0.019716758,0.019716758,0.019716758,0.019716758
0.019716758,0.019716758,0.019716758,0.019716758,0.019716758,0.019716758,0.019716758,0.019716758,0.019716758,0.019716758,0.019716758,0.019716758,0.053595703,0.019716758,0.019716758,0.019716758,0.019716758,0.019716758,0.019716758,0.019716758,0.019716758,0.019716758,0.019716758,0.019716758,0.019716758,0.019716758,0.019716758,0.019716758,0.019716758,0.019716758,0.019716758,0.019716758,0.019716758,0.019716758,0.019716758,0.019716758,0.019716758,0.019716758,0.019716758,0.019716758,0.019716758,0.019716758,0.019716758,0.019716758,0.019716758,0.019716758,0.019716758,0.019716758,0.019716758
0.019716758,0.019716758,0.019716758,0.019716758,0.019716758,0.019716758,0.019716758,0.019716758,0.019716758,0.019716758,0.019716758,0.019716758,0.019716758,0.053595703,0.019716758,0.019716758,0.019716758,0.019716758,0.019716758,0.019716758,0.019716758,0.019716758,0.019716758,0.019716758,0.019716758,0.019716758,0.019716758,0.019716758,0.019716758,0.019716758,0.019716758,0.019716758,0.019716758,0.019716758,0.019716758,0.019716758,0.019716758,0.019716758,0.019716758,0.019716758,0.019716758,0.019716758,0.019716758,0.019716758,0.019716758,0.019716758,0.019716758,0.019716758,0.019716758
0.019716758,0.019716758,0.019716758,0.019716758,0.019716758,0.019716758,0.019716758,0.019716758,0.019716758,0.019716758,0.019716758,0.019716758,0.019716758,0.019716758,0.019716758,0.019716758,0.019716758,0.053595703,0.019716758,0.019716758,0.019716758,0.019716758,0.019716758,0.019716758,0.019716758,0.019716758,0.019716758,0.019716758,0.019716758,0.019716758,0.019716758,0.019716758,0.019716758,0.019716758,0.019716758,0.019716758,0.019716758,0.019716758,0.019716758,0.019716758,0.019716758,0.019716758,0.019716758,0.019716758,0.019716758,0.019716758,0.019716758,0.019716758,0.019716758
0.019716758,0.019716758,0.019716758,0.019716758,0.019716758,0.019716758,0.019716758,0.019716758,0.019716758,0.019716758,0.019716758,0.019716758,0.019716758,0.019716758,0.019716758,0.019716758,0.019716758,0.019716758,0.019716758,0.019716758,0.019716758,0.019716758,0.019716758,0.019716758,0.019716758,0.053595703,0.019716758,0.019716758,0.019716758,0.019716758,0.019716758,0.019716758,0.019716758,0.019716758,0.019716758,0.019716758,0.019716758,0.019716758,0.019716758,0.019716758,0.019716758,0.019716758,0.019716758,0.019716758,0.019716758,0.019716758,0.019716758,0.019716758,0.019716758
0.019880114,0.019880114,0.019880114,0.019880114,0.019880114,0.019880114,0.019880114,0.019880114,0.019880114,0.019880114,0.019880114,0.019880114,0.019880114,0.019880114,0.019880114,0.019880114,0.019880114,0.019880114,0.019880114,0.019880114,0.019880114,0.019880114,0.019880114,0.019880114,0.019880114,0.019880114,0.019880114,0.019880114,0.019880114,0.019880114,0.019880114,0.03444905,0.019880114,0.019880114,0.019880114,0.019880114,0.019880114,0.019880114,0.019880114,0.019880114,0.019880114,0.019880114,0.019880114,0.019880114,0.019880114,0.019880114,0.019880114,0.03118566,0.019880114
0.019716758,0.019716758,0.019716758,0.019716758,0.019716758,0.019716758,0.019716758,0.019716758,0.019716758,0.019716758,0.019716758,0.019716758,0.019716758,0.019716758,0.019716758,0.019716758,0.019716758,0.019716758,0.019716758,0.019716758,0.019716758,0.019716758,0.019716758,0.019716758,0.019716758,0.019716758,0.019716758,0.019716758,0.019716758,0.019716758,0.019716758,0.019716758,0.019716758,0.019716758,0.019716758,0.019716758,0.019716758,0.019716758,0.019716758,0.019716758,0.053595703,0.019716758,0.019716758,0.019716758,0.019716758,0.019716758,0.019716758,0.019716758,0.019716758
0.019716758,0.019716758,0.019716758,0.019716758,0.019716758,0.019716758,0.019716758,0.019716758,0.019716758,0.019716758,0.019716758,0.019716758,0.019716758,0.019716758,0.019716758,0.019716758,0.019716758,0.019716758,0.019716758,0.019716758,0.019716758,0.019716758,0.019716758,0.019716758,0.019716758,0.019716758,0.019716758,0.019716758,0.019716758,0.019716758,0.019716758,0.019716758,0.019716758,0.019716758,0.019716758,0.019716758,0.019716758,0.019716758,0.019716758,0.019716758,0.019716758,0.019716758,0.019716758,0.019716758,0.053595703,0.019716758,0.019716758,0.019716758,0.019716758
0.053595703,0.019716758,0.019716758,0.019716758,0.019716758,0.019716758,0.019716758,0.019716758,0.019716758,0.019716758,0.019716758,0.019716758,0.019716758,0.019716758,0.019716758,0.019716758,0.019716758,0.019716758,0.019716758,0.019716758,0.019716758,0.019716758,0.019716758,0.019716758,0.019716758,0.019716758,0.019716758,0.019716758,0.019716758,0.019716758,0.019716758,0.019716758,0.019716758,0.019716758,0.019716758,0.019716758,0.019716758,0.019716758,0.019716758,0.019716758,0.019716758,0.019716758,0.019716758,0.019716758,0.019716758,0.019716758,0.019716758,0.019716758,0.019716758
0.019716758,0.019716758,0.019716758,0.019716758,0.019716758,0.019716758,0.019716758,0.019716758,0.019716758,0.019716758,0.019716758,0.019716758,0.019716758,0.019716758,0.053595703,0.019716758,0.019716758,0.019716758,0.019716758,0.019716758,0.019716758,0.019716758,0.019716758,0.019716758,0.019716758,0.019716758,0.019716758,0.019716758,0.019716758,0.019716758,0.019716758,0.019716758,0.019716758,0.019716758,0.019716758,0.019716758,0.019716758,0.019716758,0.019716758,0.019716758,0.019716758,0.019716758,0.019716758,0.019716758,0.019716758,0.019716758,0.019716758,0.019716758,0.019716758
0.019716758,0.019716758,0.019716758,0.019716758,0.019716758,0.019716758,0.019716758,0.053595707,0.019716758,0.019716758,0.019716758,0.019716758,0.019716758,0.019716758,0.019716758,0.019716758,0.019716758,0.019716758,0.019716758,0.019716758,0.019716758,0.019716758,0.019716758,0.019716758,0.019716758,0.019716758,0.019716758,0.019716758,0.019716758,0.019716758,0.019716758,0.019716758,0.019716758,0.019716758,0.019716758,0.019716758,0.019716758,0.019716758,0.019716758,0.019716758,0.019716758,0.019716758,0.019716758,0.019716758,0.019716758,0.019716758,0.019716758,0.019716758,0.019716758
0.019716758,0.019716758,0.019716758,0.019716758,0.019716758,0.019716758,0.019716758,0.019716758,0.019716758,0.019716758,0.019716758,0.019716758,0.019716758,0.019716758,0.019716758,0.019716758,0.053595703,0.019716758,0.019716758,0.019716758,0.019716758,0.019716758,0.019716758,0.019716758,0.019716758,0.019716758,0.019716758,0.019716758,0.019716758,0.019716758,0.019716758,0.019716758,0.019716758,0.019716758,0.019716758,0.019716758,0.019716758,0.019716758,0.019716758,0.019716758,0.019716758,0.019716758,0.019716758,0.019716758,0.019716758,0.019716758,0.019716758,0.019716758,0.019716758
0.019716758,0.019716758,0.019716758,0.019716758,0.019716758,0.019716758,0.019716758,0.019716758,0.019716758,0.019716758,0.019716758,0.019716758,0.019716758,0.019716758,0.019716758,0.019716758,0.019716758,0.019716758,0.019716758,0.019716758,0.019716758,0.019716758,0.019716758,0.019716758,0.019716758,0.019716758,0.053595703,0.019716758,0.019716758,0.019716758,0.019716758,0.019716758,0.019716758,0.019716758,0.019716758,0.019716758,0.019716758,0.019716758,0.019716758,0.019716758,0.019716758,0.019716758,0.019716758,0.019716758,0.019716758,0.019716758,0.019716758,0.019716758,0.019716758
0.019716758,0.019716758,0.019716758,0.019716758,0.019716758,0.019716758,0.019716758,0.019716758,0.019716758,0.019716758,0.019716758,0.019716758,0.019716758,0.019716758,0.019716758,0.019716758,0.019716758,0.019716758,0.019716758,0.019716758,0.019716758,0.019716758,0.019716758,0.019716758,0.019716758,0.019716758,0.019716758,0.019716758,0.019716758,0.053595703,0.019716758,0.019716758,0.019716758,0.019716758,0.019716758,0.019716758,0.019716758,0.019716758,0.019716758,0.019716758,0.019716758,0.019716758,0.019716758,0.019716758,0.019716758,0.019716758,0.019716758,0.019716758,0.019716758
0.019716758,0.019716758,0.019716758,0.019716758,0.019716758,0.019716758,0.019716758,0.019716758,0.019716758,0.019716758,0.053595703,0.019716758,0.019716758,0.019716758,0.019716758,0.019716758,0.019716758,0.019716758,0.019716758,0.019716758,0.019716758,0.019716758,0.019716758,0.019716758,0.019716758,0.019716758,0.019716758,0.019716758,0.019716758,0.019716758,0.019716758,0.019716758,0.019716758,0.019716758,0.019716758,0.019716758,0.019716758,0.019716758,0.019716758,0.019716758,0.019716758,0.019716758,0.019716758,0.019716758,0.019716758,0.019716758,0.019716758,0.019716758,0.019716758
0.019716758,0.019716758,0.019716758,0.019716758,0.019716758,0.019716758,0.019716758,0.019716758,0.019716758,0.019716758,0.019716758,0.019716758,0.019716758,0.019716758,0.019716758,0.019716758,0.019716758,0.019716758,0.019716758,0.019716758,0.019716758,0.019716758,0.019716758,0.019716758,0.019716758,0.019716758,0.019716758,0.019716758,0.019716758,0.019716758,0.019716758,0.019716758,0.019716758,0.019716758,0.019716758,0.019716758,0.019716758,0.019716758,0.019716758,0.019716758,0.019716758,0.019716758,0.019716758,0.019716758,0.019716758,0.019716758,0.053595703,0.019716758,0.019716758
0.019716758,0.019716758,0.019716758,0.019716758,0.019716758,0.053595703,0.019716758,0.019716758,0.019716758,0.019716758,0.019716758,0.019716758,0.019716758,0.019716758,0.019716758,0.019716758,0.019716758,0.019716758,0.019716758,0.019716758,0.019716758,0.019716758,0.019716758,0.019716758,0.019716758,0.019716758,0.019716758,0.019716758,0.019716758,0.019716758,0.019716758,0.019716758,0.019716758,0.019716758,0.019716758,0.019716758,0.019716758,0.019716758,0.019716758,0.019716758,0.019716758,0.019716758,0.019716758,0.019716758,0.019716758,0.019716758,0.019716758,0.019716758,0.019716758
0.019716758,0.019716758,0.019716758,0.019716758,0.019716758,0.019716758,0.019716758,0.019716758,0.019716758,0.053595703,0.019716758,0.019716758,0.019716758,0.019716758,0.019716758,0.019716758,0.019716758,0.019716758,0.019716758,0.019716758,0.019716758,0.019716758,0.019716758,0.019716758,0.019716758,0.019716758,0.019716758,0.019716758,0.019716758,0.019716758,0.019716758,0.019716758,0.019716758,0.019716758,0.019716758,0.019716758,0.019716758,0.019716758,0.019716758,0.019716758,0.019716758,0.019716758,0.019716758,0.019716758,0.019716758,0.019716758,0.019716758,0.019716758,0.019716758
0.019716758,0.019716758,0.019716758,0.019716758,0.019716758,0.019716758,0.019716758,0.019716758,0.019716758,0.019716758,0.019716758,0.019716758,0.019716758,0.019716758,0.019716758,0.019716758,0.019716758,0.019716758,0.019716758,0.019716758,0.019716758,0.019716758,0.019716758,0.019716758,0.019716758,0.019716758,0.019716758,0.019716758,0.019716758,0.019716758,0.019716758,0.053595707,0.019716758,0.019716758,0.019716758,0.019716758,0.019716758,0.019716758,0.019716758,0.019716758,0.019716758,0.019716758,0.019716758,0.019716758,0.019716758,0.019716758,0.019716758,0.019716758,0.019716758
0.019716758,0.019716758,0.019716758,0.019716758,0.019716758,0.019716758,0.019716758,0.019716758,0.019716758,0.019716758,0.019716758,0.019716758,0.019716758,0.019716758,0.053595703,0.019716758,0.019716758,0.019716758,0.019716758,0.019716758,0.019716758,0.019716758,0.019716758,0.019716758,0.019716758,0.019716758,0.019716758,0.019716758,0.019716758,0.019716758,0.019716758,0.019716758,0.019716758,0.019716758,0.019716758,0.019716758,0.019716758,0.019716758,0.019716758,0.019716758,0.019716758,0.019716758,0.019716758,0.019716758,0.019716758,0.019716758,0.019716758,0.019716758,0.019716758
0.019716758,0.019716758,0.019716758,0.019716758,0.019716758,0.019716758,0.019716758,0.019716758,0.019716758,0.019716758,0.019716758,0.019716758,0.019716758,0.019716758,0.019716758,0.019716758,0.019716758,0.019716758,0.019716758,0.019716758,0.019716758,0.019716758,0.019716758,0.019716758,0.053595703,0.019716758,0.019716758,0.019716758,0.019716758,0.019716758,0.019716758,0.019716758,0.019716758,0.019716758,0.019716758,0.019716758,0.019716758,0.019716758,0.019716758,0.019716758,0.019716758,0.019716758,0.019716758,0.019716758,0.019716758,0.019716758,0.019716758,0.019716758,0.019716758
0.019716758,0.019716758,0.019716758,0.019716758,0.019716758,0.019716758,0.019716758,0.019716758,0.019716758,0.019716758,0.019716758,0.053595703,0.019716758,0.019716758,0.019716758,0.019716758,0.019716758,0.019716758,0.019716758,0.019716758,0.019716758,0.019716758,0.019716758,0.019716758,0.019716758,0.019716758,0.019716758,0.019716758,0.019716758,0.019716758,0.019716758,0.019716758,0.019716758,0.019716758,0.019716758,0.019716758,0.019716758,0.019716758,0.019716758,0.019716758,0.019716758,0.019716758,0.019716758,0.019716758,0.019716758,0.019716758,0.019716758,0.019716758,0.019716758
0.019716758,0.019716758,0.019716758,0.019716758,0.019716758,0.019716758,0.019716758,0.019716758,0.019716758,0.053595703,0.019716758,0.019716758,0.019716758,0.019716758,0.019716758,0.019716758,0.019716758,0.019716758,0.019716758,0.019716758,0.019716758,0.019716758,0.019716758,0.019716758,0.019716758,0.019716758,0.019716758,0.019716758,0.019716758,0.019716758,0.019716758,0.019716758,0.019716758,0.019716758,0.019716758,0.019716758,0.019716758,0.019716758,0.019716758,0.019716758,0.019716758,0.019716758,0.019716758,0.019716758,0.019716758,0.019716758,0.019716758,0.019716758,0.019716758
0.019716758,0.019716758,0.019716758,0.019716758,0.019716758,0.019716758,0.019716758,0.019716758,0.019716758,0.019716758,0.019716758,0.019716758,0.019716758,0.019716758,0.019716758,0.019716758,0.019716758,0.019716758,0.019716758,0.019716758,0.019716758,0.019716758,0.019716758,0.019716758,0.019716758,0.019716758,0.019716758,0.019716758,0.019716758,0.019716758,0.019716758,0.019716758,0.019716758,0.019716758,0.019716758,0.019716758,0.019716758,0.019716758,0.053595703,0.019716758,0.019716758,0.019716758,0.019716758,0.019716758,0.019716758,0.019716758,0.019716758,0.019716758,0.019716758
0.019716758,0.019716758,0.019716758,0.019716758,0.019716758,0.019716758,0.019716758,0.019716758,0.019716758,0.019716758,0.019716758,0.019716758,0.019716758,0.019716758,0.019716758,0.019716758,0.019716758,0.019716758,0.019716758,0.019716758,0.019716758,0.019716758,0.019716758,0.019716758,0.019716758,0.053595703,0.019716758,0.019716758,0.019716758,0.019716758,0.019716758,0.019716758,0.019716758,0.019716758,0.019716758,0.019716758,0.019716758,0.019716758,0.019716758,0.019716758,0.019716758,0.019716758,0.019716758,0.019716758,0.019716758,0.019716758,0.019716758,0.019716758,0.019716758
0.019716758,0.019716758,0.019716758,0.019716758,0.019716758,0.019716758,0.019716758,0.019716758,0.019716758,0.019716758,0.019716758,0.019716758,0.019716758,0.019716758,0.019716758,0.019716758,0.019716758,0.019716758,0.019716758,0.019716758,0.019716758,0.019716758,0.019716758,0.019716758,0.019716758,0.019716758,0.019716758,0.019716758,0.019716758,0.053595703,0.019716758,0.019716758,0.019716758,0.019716758,0.019716758,0.019716758,0.019716758,0.019716758,0.019716758,0.019716758,0.019716758,0.019716758,0.019716758,0.019716758,0.019716758,0.019716758,0.019716758,0.019716758,0.019716758
0.019716758,0.019716758,0.053595703,0.019716758,0.019716758,0.019716758,0.019716758,0.019716758,0.019716758,0.019716758,0.019716758,0.019716758,0.019716758,0.019716758,0.019716758,0.019716758,0.019716758,0.019716758,0.019716758,0.019716758,0.019716758,0.019716758,0.019716758,0.019716758,0.019716758,0.019716758,0.019716758,0.019716758,0.019716758,0.019716758,0.019716758,0.019716758,0.019716758,0.019716758,0.019716758,0.019716758,0.019716758,0.019716758,0.019716758,0.019716758,0.019716758,0.019716758,0.019716758,0.019716758,0.019716758,0.019716758,0.019716758,0.019716758,0.019716758
0.019716758,0.019716758,0.019716758,0.019716758,0.019716758,0.053595703,0.019716758,0.019716758,0.019716758,0.019716758,0.019716758,0.019716758,0.019716758,0.019716758,0.019716758,0.019716758,0.019716758,0.019716758,0.019716758,0.019716758,0.019716758,0.019716758,0.019716758,0.019716758,0.019716758,0.019716758,0.019716758,0.019716758,0.019716758,0.019716758,0.019716758,0.019716758,0.019716758,0.019716758,0.019716758,0.019716758,0.019716758,0.019716758,0.019716758,0.019716758,0.019716758,0.019716758,0.019716758,0.019716758,0.019716758,0.019716758,0.019716758,0.019716758,0.019716758
0.019716758,0.019716758,0.019716758,0.019716758,0.019716758,0.019716758,0.019716758,0.019716758,0.019716758,0.019716758,0.053595703,0.019716758,0.019716758,0.019716758,0.019716758,0.019716758,0.019716758,0.019716758,0.019716758,0.019716758,0.019716758,0.019716758,0.019716758,0.019716758,0.019716758,0.019716758,0.019716758,0.019716758,0.019716758,0.019716758,0.019716758,0.019716758,0.019716758,0.019716758,0.019716758,0.019716758,0.019716758,0.019716758,0.019716758,0.019716758,0.019716758,0.019716758,0.019716758,0.019716758,0.019716758,0.019716758,0.019716758,0.019716758,0.019716758
0.053595703,0.019716758,0.019716758,0.019716758,0.019716758,0.019716758,0.019716758,0.019716758,0.019716758,0.019716758,0.019716758,0.019716758,0.019716758,0.019716758,0.019716758,0.019716758,0.019716758,0.019716758,0.019716758,0.019716758,0.019716758,0.019716758,0.019716758,0.019716758,0.019716758,0.019716758,0.019716758,0.019716758,0.019716758,0.019716758,0.019716758,0.019716758,0.019716758,0.019716758,0.019716758,0.019716758,0.019716758,0.019716758,0.019716758,0.019716758,0.019716758,0.019716758,0.019716758,0.019716758,0.019716758,0.019716758,0.019716758,0.019716758,0.019716758
0.019716758,0.019716758,0.019716758,0.019716758,0.019716758,0.019716758,0.019716758,0.019716758,0.019716758,0.019716758,0.019716758,0.019716758,0.019716758,0.019716758,0.019716758,0.019716758,0.019716758,0.019716758,0.019716758,0.019716758,0.019716758,0.019716758,0.019716758,0.019716758,0.019716758,0.019716758,0.019716758,0.019716758,0.019716758,0.019716758,0.019716758,0.019716758,0.019716758,0.019716758,0.019716758,0.019716758,0.019716758,0.053595703,0.019716758,0.019716758,0.019716758,0.019716758,0.019716758,0.019716758,0.019716758,0.019716758,0.019716758,0.019716758,0.019716758
0.019716758,0.019716758,0.019716758,0.019716758,0.019716758,0.019716758,0.019716758,0.019716758,0.019716758,0.019716758,0.019716758,0.019716758,0.019716758,0.019716758,0.019716758,0.019716758,0.019716758,0.019716758,0.019716758,0.019716758,0.019716758,0.019716758,0.019716758,0.053595707,0.019716758,0.019716758,0.019716758,0.019716758,0.019716758,0.019716758,0.019716758,0.019716758,0.019716758,0.019716758,0.019716758,0.019716758,0.019716758,0.019716758,0.019716758,0.019716758,0.019716758,0.019716758,0.019716758,0.019716758,0.019716758,0.019716758,0.019716758,0.019716758,0.019716758
0.019716758,0.019716758,0.019716758,0.019716758,0.019716758,0.019716758,0.019716758,0.019716758,0.019716758,0.019716758,0.019716758,0.019716758,0.019716758,0.019716758,0.019716758,0.019716758,0.019716758,0.019716758,0.019716758,0.019716758,0.019716758,0.053595703,0.019716758,0.019716758,0.019716758,0.019716758,0.019716758,0.019716758,0.019716758,0.019716758,0.019716758,0.019716758,0.019716758,0.019716758,0.019716758,0.019716758,0.019716758,0.019716758,0.019716758,0.019716758,0.019716758,0.019716758,0.019716758,0.019716758,0.019716758,0.019716758,0.019716758,0.019716758,0.019716758
0.019716758,0.019716758,0.019716758,0.019716758,0.019716758,0.019716758,0.019716758,0.019716758,0.019716758,0.019716758,0.019716758,0.019716758,0.019716758,0.019716758,0.019716758,0.019716758,0.019716758,0.019716758,0.019716758,0.019716758,0.019716758,0.019716758,0.019716758,0.019716758,0.019716758,0.019716758,0.019716758,0.019716758,0.053595703,0.019716758,0.019716758,0.019716758,0.019716758,0.019716758,0.019716758,0.019716758,0.019716758,0.019716758,0.019716758,0.019716758,0.019716758,0.019716758,0.019716758,0.019716758,0.019716758,0.019716758,0.019716758,0.019716758,0.019716758
0.019716758,0.019716758,0.019716758,0.019716758,0.019716758,0.019716758,0.019716758,0.019716758,0.019716758,0.019716758,0.019716758,0.019716758,0.019716758,0.019716758,0.019716758,0.019716758,0.019716758,0.019716758,0.019716758,0.019716758,0.019716758,0.019716758,0.019716758,0.019716758,0.019716758,0.019716758,0.019716758,0.019716758,0.019716758,0.019716758,0.019716758,0.019716758,0.019716758,0.019716758,0.019716758,0.019716758,0.019716758,0.019716758,0.019716758,0.019716758,0.019716758,0.019716758,0.019716758,0.019716758,0.019716758,0.019716758,0.053595703,0.019716758,0.019716758
0.019716758,0.053595703,0.019716758,0.019716758,0.019716758,0.019716758,0.019716758,0.019716758,0.019716758,0.019716758,0.019716758,0.019716758,0.019716758,0.019716758,0.019716758,0.019716758,0.019716758,0.019716758,0.019716758,0.019716758,0.019716758,0.019716758,0.019716758,0.019716758,0.019716758,0.019716758,0.019716758,0.019716758,0.019716758,0.019716758,0.019716758,0.019716758,0.019716758,0.019716758,0.019716758,0.019716758,0.019716758,0.019716758,0.019716758,0.019716758,0.019716758,0.019716758,0.019716758,0.019716758,0.019716758,0.019716758,0.019716758,0.019716758,0.019716758
0.019716758,0.019716758,0.019716758,0.019716758,0.019716758,0.019716758,0.019716758,0.019716758,0.019716758,0.019716758,0.019716758,0.019716758,0.019716758,0.019716758,0.053595703,0.019716758,0.019716758,0.019716758,0.019716758,0.019716758,0.019716758,0.019716758,0.019716758,0.019716758,0.019716758,0.019716758,0.019716758,0.019716758,0.019716758,0.019716758,0.019716758,0.019716758,0.019716758,0.019716758,0.019716758,0.019716758,0.019716758,0.019716758,0.019716758,0.019716758,0.019716758,0.019716758,0.019716758,0.019716758,0.019716758,0.019716758,0.019716758,0.019716758,0.019716758
0.019716758,0.019716758,0.019716758,0.019716758,0.019716758,0.019716758,0.019716758,0.019716758,0.019716758,0.019716758,0.019716758,0.019716758,0.019716758,0.053595703,0.019716758,0.019716758,0.019716758,0.019716758,0.019716758,0.019716758,0.019716758,0.019716758,0.019716758,0.019716758,0.019716758,0.019716758,0.019716758,0.019716758,0.019716758,0.019716758,0.019716758,0.019716758,0.019716758,0.019716758,0.019716758,0.019716758,0.019716758,0.019716758,0.019716758,0.019716758,0.019716758,0.019716758,0.019716758,0.019716758,0.019716758,0.019716758,0.019716758,0.019716758,0.019716758
0.019716758,0.019716758,0.019716758,0.019716758,0.019716758,0.019716758,0.019716758,0.019716758,0.019716758,0.019716758,0.019716758,0.019716758,0.019716758,0.019716758,0.019716758,0.019716758,0.019716758,0.019716758,0.019716758,0.019716758,0.019716758,0.019716758,0.019716758,0.019716758,0.019716758,0.019716758,0.019716758,0.019716758,0.019716758,0.019716758,0.019716758,0.019716758,0.019716758,0.019716758,0.019716758,0.019716758,0.019716758,0.053595703,0.019716758,0.019716758,0.019716758,0.019716758,0.019716758,0.019716758,0.019716758,0.019716758,0.019716758,0.019716758,0.019716758
0.019716758,0.019716758,0.019716758,0.019716758,0.019716758,0.019716758,0.019716758,0.019716758,0.019716758,0.019716758,0.019716758,0.019716758,0.019716758,0.019716758,0.019716758,0.019716758,0.019716758,0.019716758,0.019716758,0.019716758,0.019716758,0.019716758,0.019716758,0.019716758,0.019716758,0.019716758,0.019716758,0.019716758,0.053595703,0.019716758,0.019716758,0.019716758,0.019716758,0.019716758,0.019716758,0.019716758,0.019716758,0.019716758,0.019716758,0.019716758,0.019716758,0.019716758,0.019716758,0.019716758,0.019716758,0.019716758,0.019716758,0.019716758,0.019716758
0.019716758,0.019716758,0.019716758,0.019716758,0.019716758,0.019716758,0.019716758,0.019716758,0.019716758,0.019716758,0.019716758,0.019716758,0.019716758,0.019716758,0.019716758,0.019716758,0.019716758,0.019716758,0.019716758,0.019716758,0.019716758,0.053595703,0.019716758,0.019716758,0.019716758,0.019716758,0.019716758,0.019716758,0.019716758,0.019716758,0.019716758,0.019716758,0.019716758,0.019716758,0.019716758,0.019716758,0.019716758,0.019716758,0.019716758,0.019716758,0.019716758,0.019716758,0.019716758,0.019716758,0.019716758,0.019716758,0.019716758,0.019716758,0.019716758
0.019716758,0.019716758,0.019716758,0.019716758,0.019716758,0.019716758,0.019716758,0.019716758,0.019716758,0.019716758,0.019716758,0.019716758,0.019716758,0.019716758,0.019716758,0.019716758,0.019716758,0.019716758,0.019716758,0.019716758,0.019716758,0.019716758,0.019716758,0.019716758,0.019716758,0.019716758,0.019716758,0.019716758,0.019716758,0.019716758,0.019716758,0.019716758,0.019716758,0.019716758,0.019716758,0.019716758,0.019716758,0.019716758,0.019716758,0.019716758,0.019716758,0.019716758,0.019716758,0.019716758,0.019716758,0.019716758,0.019716758,0.019716758,0.053595703
0.019716758,0.019716758,0.019716758,0.019716758,0.019716758,0.019716758,0.019716758,0.019716758,0.019716758,0.053595703,0.019716758,0.019716758,0.019716758,0.019716758,0.019716758,0.019716758,0.019716758,0.019716758,0.019716758,0.019716758,0.019716758,0.019716758,0.019716758,0.019716758,0.019716758,0.019716758,0.019716758,0.019716758,0.019716758,0.019716758,0.019716758,0.019716758,0.019716758,0.019716758,0.019716758,0.019716758,0.019716758,0.019716758,0.019716758,0.019716758,0.019716758,0.019716758,0.019716758,0.019716758,0.019716758,0.019716758,0.019716758,0.019716758,0.019716758
0.019716758,0.019716758,0.019716758,0.019716758,0.019716758,0.019716758,0.019716758,0.019716758,0.019716758,0.019716758,0.019716758,0.019716758,0.019716758,0.019716758,0.019716758,0.019716758,0.019716758,0.019716758,0.019716758,0.019716758,0.019716758,0.019716758,0.019716758,0.053595707,0.019716758,0.019716758,0.019716758,0.019716758,0.019716758,0.019716758,0.019716758,0.019716758,0.019716758,0.019716758,0.019716758,0.019716758,0.019716758,0.019716758,0.019716758,0.019716758,0.019716758,0.019716758,0.019716758,0.019716758,0.019716758,0.019716758,0.019716758,0.019716758,0.019716758
0.019716758,0.019716758,0.019716758,0.019716758,0.019716758,0.019716758,0.019716758,0.019716758,0.019716758,0.019716758,0.019716758,0.019716758,0.019716758,0.019716758,0.019716758,0.019716758,0.019716758,0.019716758,0.019716758,0.019716758,0.019716758,0.019716758,0.019716758,0.019716758,0.019716758,0.019716758,0.019716758,0.019716758,0.019716758,0.019716758,0.019716758,0.019716758,0.019716758,0.019716758,0.019716758,0.019716758,0.019716758,0.019716758,0.053595703,0.019716758,0.019716758,0.019716758,0.019716758,0.019716758,0.019716758,0.019716758,0.019716758,0.019716758,0.019716758
0.019716758,0.019716758,0.019716758,0.019716758,0.019716758,0.019716758,0.019716758,0.019716758,0.019716758,0.019716758,0.019716758,0.019716758,0.019716758,0.019716758,0.019716758,0.019716758,0.019716758,0.019716758,0.019716758,0.019716758,0.053595703,0.019716758,0.019716758,0.019716758,0.019716758,0.019716758,0.019716758,0.019716758,0.019716758,0.019716758,0.019716758,0.019716758,0.019716758,0.019716758,0.019716758,0.019716758,0.019716758,0.019716758,0.019716758,0.019716758,0.019716758,0.019716758,0.019716758,0.019716758,0.019716758,0.019716758,0.019716758,0.019716758,0.019716758
0.019716758,0.019716758,0.019716758,0.019716758,0.019716758,0.019716758,0.019716758,0.019716758,0.019716758,0.019716758,0.019716758,0.019716758,0.019716758,0.019716758,0.019716758,0.019716758,0.053595703,0.019716758,0.019716758,0.019716758,0.019716758,0.019716758,0.019716758,0.019716758,0.019716758,0.019716758,0.019716758,0.019716758,0.019716758,0.019716758,0.019716758,0.019716758,0.019716758,0.019716758,0.019716758,0.019716758,0.019716758,0.019716758,0.019716758,0.019716758,0.019716758,0.019716758,0.019716758,0.019716758,0.019716758,0.019716758,0.019716758,0.019716758,0.019716758
0.019716758,0.019716758,0.019716758,0.019716758,0.019716758,0.019716758,0.019716758,0.019716758,0.019716758,0.019716758,0.019716758,0.019716758,0.019716758,0.019716758,0.019716758,0.019716758,0.019716758,0.019716758,0.019716758,0.019716758,0.019716758,0.019716758,0.019716758,0.053595707,0.019716758,0.019716758,0.019716758,0.019716758,0.019716758,0.019716758,0.019716758,0.019716758,0.019716758,0.019716758,0.019716758,0.019716758,0.019716758,0.019716758,0.019716758,0.019716758,0.019716758,0.019716758,0.019716758,0.019716758,0.019716758,0.019716758,0.019716758,0.019716758,0.019716758
0.019716758,0.019716758,0.019716758,0.019716758,0.019716758,0.019716758,0.019716758,0.019716758,0.019716758,0.019716758,0.019716758,0.019716758,0.019716758,0.019716758,0.019716758,0.019716758,0.019716758,0.019716758,0.019716758,0.019716758,0.019716758,0.019716758,0.019716758,0.053595707,0.019716758,0.019716758,0.019716758,0.019716758,0.019716758,0.019716758,0.019716758,0.019716758,0.019716758,0.019716758,0.019716758,0.019716758,0.019716758,0.019716758,0.019716758,0.019716758,0.019716758,0.019716758,0.019716758,0.019716758,0.019716758,0.019716758,0.019716758,0.019716758,0.019716758
0.019716758,0.019716758,0.019716758,0.019716758,0.019716758,0.019716758,0.019716758,0.019716758,0.019716758,0.019716758,0.019716758,0.019716758,0.019716758,0.019716758,0.019716758,0.019716758,0.019716758,0.019716758,0.019716758,0.019716758,0.019716758,0.053595703,0.019716758,0.019716758,0.019716758,0.019716758,0.019716758,0.019716758,0.019716758,0.019716758,0.019716758,0.019716758,0.019716758,0.019716758,0.019716758,0.019716758,0.019716758,0.019716758,0.019716758,0.019716758,0.019716758,0.019716758,0.019716758,0.019716758,0.019716758,0.019716758,0.019716758,0.019716758,0.019716758
0.019716758,0.019716758,0.019716758,0.019716758,0.019716758,0.019716758,0.019716758,0.019716758,0.019716758,0.019716758,0.053595703,0.019716758,0.019716758,0.019716758,0.019716758,0.019716758,0.019716758,0.019716758,0.019716758,0.019716758,0.019716758,0.019716758,0.019716758,0.019716758,0.019716758,0.019716758,0.019716758,0.019716758,0.019716758,0.019716758,0.019716758,0.019716758,0.019716758,0.019716758,0.019716758,0.019716758,0.019716758,0.019716758,0.019716758,0.019716758,0.019716758,0.019716758,0.019716758,0.019716758,0.019716758,0.019716758,0.019716758,0.019716758,0.019716758
0.019716758,0.019716758,0.019716758,0.019716758,0.019716758,0.019716758,0.019716758,0.019716758,0.019716758,0.019716758,0.019716758,0.019716758,0.019716758,0.019716758,0.019716758,0.019716758,0.019716758,0.019716758,0.019716758,0.019716758,0.019716758,0.019716758,0.019716758,0.019716758,0.019716758,0.019716758,0.053595703,0.019716758,0.019716758,0.019716758,0.019716758,0.019716758,0.019716758,0.019716758,0.019716758,0.019716758,0.019716758,0.019716758,0.019716758,0.019716758,0.019716758,0.019716758,0.019716758,0.019716758,0.019716758,0.019716758,0.019716758,0.019716758,0.019716758
0.019716758,0.019716758,0.019716758,0.019716758,0.019716758,0.019716758,0.019716758,0.019716758,0.019716758,0.019716758,0.019716758,0.019716758,0.019716758,0.019716758,0.019716758,0.019716758,0.019716758,0.019716758,0.019716758,0.019716758,0.019716758,0.019716758,0.019716758,0.019716758,0.019716758,0.019716758,0.019716758,0.019716758,0.019716758,0.019716758,0.019716758,0.019716758,0.019716758,0.019716758,0.019716758,0.019716758,0.019716758,0.019716758,0.019716758,0.019716758,0.019716758,0.019716758,0.019716758,0.019716758,0.053595703,0.019716758,0.019716758,0.019716758,0.019716758
0.019716758,0.019716758,0.019716758,0.019716758,0.019716758,0.019716758,0.019716758,0.019716758,0.019716758,0.019716758,0.019716758,0.019716758,0.019716758,0.019716758,0.019716758,0.019716758,0.019716758,0.019716758,0.019716758,0.019716758,0.053595703,0.019716758,0.019716758,0.019716758,0.019716758,0.019716758,0.019716758,0.019716758,0.019716758,0.019716758,0.019716758,0.019716758,0.019716758,0.019716758,0.019716758,0.019716758,0.019716758,0.019716758,0.019716758,0.019716758,0.019716758,0.019716758,0.019716758,0.019716758,0.019716758,0.019716758,0.019716758,0.019716758,0.019716758
0.019716758,0.019716758,0.019716758,0.019716758,0.019716758,0.019716758,0.019716758,0.019716758,0.019716758,0.053595703,0.019716758,0.019716758,0.019716758,0.019716758,0.019716758,0.019716758,0.019716758,0.019716758,0.019716758,0.019716758,0.019716758,0.019716758,0.019716758,0.019716758,0.019716758,0.019716758,0.019716758,0.019716758,0.019716758,0.019716758,0.019716758,0.019716758,0.019716758,0.019716758,0.019716758,0.019716758,0.019716758,0.019716758,0.019716758,0.019716758,0.019716758,0.019716758,0.019716758,0.019716758,0.019716758,0.019716758,0.019716758,0.019716758,0.019716758
0.019716758,0.019716758,0.019716758,0.019716758,0.019716758,0.019716758,0.019716758,0.019716758,0.019716758,0.019716758,0.019716758,0.019716758,0.019716758,0.019716758,0.019716758,0.019716758,0.019716758,0.019716758,0.019716758,0.019716758,0.019716758,0.019716758,0.019716758,0.053595707,0.019716758,0.019716758,0.019716758,0.019716758,0.019716758,0.019716758,0.019716758,0.019716758,0.019716758,0.019716758,0.019716758,0.019716758,0.019716758,0.019716758,0.019716758,0.019716758,0.019716758,0.019716758,0.019716758,0.019716758,0.019716758,0.019716758,0.019716758,0.019716758,0.019716758
0.053595703,0.019716758,0.019716758,0.019716758,0.019716758,0.019716758,0.019716758,0.019716758,0.019716758,0.019716758,0.019716758,0.019716758,0.019716758,0.019716758,0.019716758,0.019716758,0.019716758,0.019716758,0.019716758,0.019716758,0.019716758,0.019716758,0.019716758,0.019716758,0.019716758,0.019716758,0.019716758,0.019716758,0.019716758,0.019716758,0.019716758,0.019716758,0.019716758,0.019716758,0.019716758,0.019716758,0.019716758,0.019716758,0.019716758,0.019716758,0.019716758,0.019716758,0.019716758,0.019716758,0.019716758,0.019716758,0.019716758,0.019716758,0.019716758
0.019716758,0.019716758,0.019716758,0.019716758,0.019716758,0.019716758,0.053595703,0.019716758,0.019716758,0.019716758,0.019716758,0.019716758,0.019716758,0.019716758,0.019716758,0.019716758,0.019716758,0.019716758,0.019716758,0.019716758,0.019716758,0.019716758,0.019716758,0.019716758,0.019716758,0.019716758,0.019716758,0.019716758,0.019716758,0.019716758,0.019716758,0.019716758,0.019716758,0.019716758,0.019716758,0.019716758,0.019716758,0.019716758,0.019716758,0.019716758,0.019716758,0.019716758,0.019716758,0.019716758,0.019716758,0.019716758,0.019716758,0.019716758,0.019716758
0.019716758,0.019716758,0.019716758,0.019716758,0.019716758,0.019716758,0.019716758,0.019716758,0.019716758,0.019716758,0.019716758,0.019716758,0.053595703,0.019716758,0.019716758,0.019716758,0.019716758,0.019716758,0.019716758,0.019716758,0.019716758,0.019716758,0.019716758,0.019716758,0.019716758,0.019716758,0.019716758,0.019716758,0.019716758,0.019716758,0.019716758,0.019716758,0.019716758,0.019716758,0.019716758,0.019716758,0.019716758,0.019716758,0.019716758,0.019716758,0.019716758,0.019716758,0.019716758,0.019716758,0.019716758,0.019716758,0.019716758,0.019716758,0.019716758
0.019716758,0.019716758,0.019716758,0.019716758,0.019716758,0.019716758,0.019716758,0.019716758,0.019716758,0.019716758,0.019716758,0.019716758,0.019716758,0.019716758,0.019716758,0.019716758,0.019716758,0.019716758,0.019716758,0.019716758,0.019716758,0.019716758,0.019716758,0.019716758,0.019716758,0.019716758,0.019716758,0.019716758,0.019716758,0.019716758,0.019716758,0.019716758,0.019716758,0.019716758,0.019716758,0.019716758,0.019716758,0.019716758,0.019716758,0.019716758,0.019716758,0.053595703,0.019716758,0.019716758,0.019716758,0.019716758,0.019716758,0.019716758,0.019716758
0.019716758,0.019716758,0.019716758,0.019716758,0.019716758,0.019716758,0.019716758,0.019716758,0.019716758,0.019716758,0.053595703,0.019716758,0.019716758,0.019716758,0.019716758,0.019716758,0.019716758,0.019716758,0.019716758,0.019716758,0.019716758,0.019716758,0.019716758,0.019716758,0.019716758,0.019716758,0.019716758,0.019716758,0.019716758,0.019716758,0.019716758,0.019716758,0.019716758,0.019716758,0.019716758,0.019716758,0.019716758,0.019716758,0.019716758,0.019716758,0.019716758,0.019716758,0.019716758,0.019716758,0.019716758,0.019716758,0.019716758,0.019716758,0.019716758
0.019716764,0.019716764,0.019716764,0.019716764,0.019716764,0.019716764,0.019716764,0.019716764,0.019716764,0.019716764,0.019716764,0.019716764,0.019716764,0.019716764,0.019716764,0.019716764,0.019716764,0.019716764,0.019716764,0.019716764,0.019716764,0.019716764,0.019716764,0.019716764,0.019716764,0.019716764,0.019716764,0.019716764,0.019716764,0.019716764,0.019716764,0.019716764,0.019716764,0.019716764,0.019716764,0.019716764,0.019716764,0.053595133,0.019716764,0.019716764,0.019716764,0.019716764,0.019716764,0.01971698,0.019716764,0.019716764,0.019716764,0.019716764,0.019716764
0.053595703,0.019716758,0.019716758,0.019716758,0.019716758,0.019716758,0.019716758,0.019716758,0.019716758,0.019716758,0.019716758,0.019716758,0.019716758,0.019716758,0.019716758,0.019716758,0.019716758,0.019716758,0.019716758,0.019716758,0.019716758,0.019716758,0.019716758,0.019716758,0.019716758,0.019716758,0.019716758,0.019716758,0.019716758,0.019716758,0.019716758,0.019716758,0.019716758,0.019716758,0.019716758,0.019716758,0.019716758,0.019716758,0.019716758,0.019716758,0.019716758,0.019716758,0.019716758,0.019716758,0.019716758,0.019716758,0.019716758,0.019716758,0.019716758
0.019716758,0.019716758,0.019716758,0.019716758,0.019716758,0.019716758,0.019716758,0.019716758,0.019716758,0.019716758,0.019716758,0.019716758,0.019716758,0.019716758,0.019716758,0.019716758,0.019716758,0.019716758,0.019716758,0.019716758,0.019716758,0.019716758,0.019716758,0.019716758,0.019716758,0.019716758,0.019716758,0.019716758,0.019716758,0.019716758,0.019716758,0.019716758,0.019716758,0.019716758,0.019716758,0.019716758,0.019716758,0.019716758,0.019716758,0.019716758,0.053595703,0.019716758,0.019716758,0.019716758,0.019716758,0.019716758,0.019716758,0.019716758,0.019716758
0.019716758,0.019716758,0.019716758,0.019716758,0.019716758,0.019716758,0.019716758,0.019716758,0.019716758,0.019716758,0.019716758,0.019716758,0.019716758,0.019716758,0.019716758,0.019716758,0.019716758,0.019716758,0.053595703,0.019716758,0.019716758,0.019716758,0.019716758,0.019716758,0.019716758,0.019716758,0.019716758,0.019716758,0.019716758,0.019716758,0.019716758,0.019716758,0.019716758,0.019716758,0.019716758,0.019716758,0.019716758,0.019716758,0.019716758,0.019716758,0.019716758,0.019716758,0.019716758,0.019716758,0.019716758,0.019716758,0.019716758,0.019716758,0.019716758
0.019716758,0.019716758,0.019716758,0.019716758,0.019716758,0.019716758,0.019716758,0.019716758,0.019716758,0.019716758,0.019716758,0.019716758,0.019716758,0.019716758,0.019716758,0.019716758,0.019716758,0.019716758,0.019716758,0.019716758,0.019716758,0.019716758,0.019716758,0.019716758,0.019716758,0.019716758,0.019716758,0.019716758,0.019716758,0.019716758,0.019716758,0.019716758,0.019716758,0.019716758,0.019716758,0.019716758,0.019716758,0.019716758,0.019716758,0.019716758,0.019716758,0.019716758,0.019716758,0.019716758,0.019716758,0.019716758,0.053595703,0.019716758,0.019716758
0.019716758,0.019716758,0.019716758,0.019716758,0.019716758,0.019716758,0.019716758,0.019716758,0.019716758,0.019716758,0.019716758,0.019716758,0.019716758,0.019716758,0.019716758,0.019716758,0.019716758,0.019716758,0.019716758,0.019716758,0.019716758,0.019716758,0.019716758,0.019716758,0.019716758,0.019716758,0.019716758,0.019716758,0.019716758,0.019716758,0.019716758,0.019716758,0.019716758,0.019716758,0.019716758,0.019716758,0.019716758,0.019716758,0.019716758,0.019716758,0.019716758,0.019716758,0.019716758,0.019716758,0.019716758,0.019716758,0.019716758,0.053595707,0.019716758
0.019716758,0.019716758,0.019716758,0.019716758,0.019716758,0.019716758,0.019716758,0.019716758,0.019716758,0.019716758,0.019716758,0.019716758,0.019716758,0.019716758,0.019716758,0.019716758,0.019716758,0.019716758,0.019716758,0.019716758,0.019716758,0.019716758,0.019716758,0.019716758,0.019716758,0.053595703,0.019716758,0.019716758,0.019716758,0.019716758,0.019716758,0.019716758,0.019716758,0.019716758,0.019716758,0.019716758,0.019716758,0.019716758,0.019716758,0.019716758,0.019716758,0.019716758,0.019716758,0.019716758,0.019716758,0.019716758,0.019716758,0.019716758,0.019716758
0.019716758,0.019716758,0.019716758,0.019716758,0.019716758,0.019716758,0.019716758,0.019716758,0.053595703,0.019716758,0.019716758,0.019716758,0.019716758,0.019716758,0.019716758,0.019716758,0.019716758,0.019716758,0.019716758,0.019716758,0.019716758,0.019716758,0.019716758,0.019716758,0.019716758,0.019716758,0.019716758,0.019716758,0.019716758,0.019716758,0.019716758,0.019716758,0.019716758,0.019716758,0.019716758,0.019716758,0.019716758,0.019716758,0.019716758,0.019716758,0.019716758,0.019716758,0.019716758,0.019716758,0.019716758,0.019716758,0.019716758,0.019716758,0.019716758
0.019716758,0.019716758,0.019716758,0.019716758,0.019716758,0.019716758,0.019716758,0.019716758,0.019716758,0.019716758,0.019716758,0.019716758,0.019716758,0.019716758,0.019716758,0.019716758,0.019716758,0.019716758,0.019716758,0.019716758,0.019716758,0.019716758,0.019716758,0.019716758,0.019716758,0.019716758,0.019716758,0.019716758,0.019716758,0.019716758,0.019716758,0.019716758,0.019716758,0.019716758,0.053595703,0.019716758,0.019716758,0.019716758,0.019716758,0.019716758,0.019716758,0.019716758,0.019716758,0.019716758,0.019716758,0.019716758,0.019716758,0.019716758,0.019716758
0.019716758,0.019716758,0.019716758,0.019716758,0.019716758,0.019716758,0.019716758,0.019716758,0.019716758,0.019716758,0.019716758,0.019716758,0.019716758,0.019716758,0.019716758,0.019716758,0.019716758,0.019716758,0.019716758,0.019716758,0.019716758,0.019716758,0.019716758,0.019716758,0.019716758,0.019716758,0.019716758,0.019716758,0.019716758,0.019716758,0.019716758,0.053595707,0.019716758,0.019716758,0.019716758,0.019716758,0.019716758,0.019716758,0.019716758,0.019716758,0.019716758,0.019716758,0.019716758,0.019716758,0.019716758,0.019716758,0.019716758,0.019716758,0.019716758
0.019716758,0.019716758,0.019716758,0.019716758,0.019716758,0.019716758,0.019716758,0.019716758,0.019716758,0.019716758,0.019716758,0.019716758,0.019716758,0.019716758,0.019716758,0.019716758,0.019716758,0.019716758,0.019716758,0.019716758,0.019716758,0.019716758,0.019716758,0.019716758,0.019716758,0.053595703,0.019716758,0.019716758,0.019716758,0.019716758,0.019716758,0.019716758,0.019716758,0.019716758,0.019716758,0.019716758,0.019716758,0.019716758,0.019716758,0.019716758,0.019716758,0.019716758,0.019716758,0.019716758,0.019716758,0.019716758,0.019716758,0.019716758,0.019716758
0.053595703,0.019716758,0.019716758,0.019716758,0.019716758,0.019716758,0.019716758,0.019716758,0.019716758,0.019716758,0.019716758,0.019716758,0.019716758,0.019716758,0.019716758,0.019716758,0.019716758,0.019716758,0.019716758,0.019716758,0.019716758,0.019716758,0.019716758,0.019716758,0.019716758,0.019716758,0.019716758,0.019716758,0.019716758,0.019716758,0.019716758,0.019716758,0.019716758,0.019716758,0.019716758,0.019716758,0.019716758,0.019716758,0.019716758,0.019716758,0.019716758,0.019716758,0.019716758,0.019716758,0.019716758,0.019716758,0.019716758,0.019716758,0.019716758
0.019716758,0.019716758,0.019716758,0.019716758,0.019716758,0.019716758,0.019716758,0.019716758,0.019716758,0.019716758,0.019716758,0.019716758,0.019716758,0.019716758,0.019716758,0.019716758,0.019716758,0.019716758,0.019716758,0.019716758,0.019716758,0.019716758,0.019716758,0.019716758,0.019716758,0.019716758,0.019716758,0.019716758,0.019716758,0.019716758,0.019716758,0.019716758,0.019716758,0.019716758,0.019716758,0.019716758,0.019716758,0.019716758,0.019716758,0.019716758,0.053595703,0.019716758,0.019716758,0.019716758,0.019716758,0.019716758,0.019716758,0.019716758,0.019716758
0.019716758,0.019716758,0.019716758,0.019716758,0.019716758,0.019716758,0.019716758,0.019716758,0.019716758,0.019716758,0.019716758,0.019716758,0.019716758,0.019716758,0.019716758,0.019716758,0.019716758,0.019716758,0.019716758,0.019716758,0.053595703,0.019716758,0.019716758,0.019716758,0.019716758,0.019716758,0.019716758,0.019716758,0.019716758,0.019716758,0.019716758,0.019716758,0.019716758,0.019716758,0.019716758,0.019716758,0.019716758,0.019716758,0.019716758,0.019716758,0.019716758,0.019716758,0.019716758,0.019716758,0.019716758,0.019716758,0.019716758,0.019716758,0.019716758
0.019716758,0.019716758,0.019716758,0.019716758,0.019716758,0.019716758,0.019716758,0.019716758,0.019716758,0.053595703,0.019716758,0.019716758,0.019716758,0.019716758,0.019716758,0.019716758,0.019716758,0.019716758,0.019716758,0.019716758,0.019716758,0.019716758,0.019716758,0.019716758,0.019716758,0.019716758,0.019716758,0.019716758,0.019716758,0.019716758,0.019716758,0.019716758,0.019716758,0.019716758,0.019716758,0.019716758,0.019716758,0.019716758,0.019716758,0.019716758,0.019716758,0.019716758,0.019716758,0.019716758,0.019716758,0.019716758,0.019716758,0.019716758,0.019716758
0.019734731,0.019734731,0.019734731,0.019734731,0.019734731,0.019734731,0.019734731,0.019734731,0.019734731,0.019734731,0.019734731,0.019734731,0.020289294,0.019734731,0.019734731,0.019734731,0.019734731,0.019734731,0.019734731,0.019734731,0.019734731,0.019734731,0.019734731,0.019734731,0.019734731,0.019734731,0.019734731,0.019734731,0.019734731,0.019734731,0.019734731,0.019734731,0.019734731,0.019734731,0.05217831,0.019734731,0.019734731,0.019734731,0.019734731,0.019734731,0.019734731,0.019734731,0.019734731,0.019734731,0.019734731,0.019734731,0.019734731,0.019734731,0.019734731
0.019716758,0.019716758,0.019716758,0.019716758,0.019716758,0.019716758,0.019716758,0.019716758,0.019716758,0.019716758,0.019716758,0.019716758,0.019716758,0.019716758,0.019716758,0.019716758,0.019716758,0.019716758,0.019716758,0.019716758,0.019716758,0.019716758,0.019716758,0.019716758,0.019716758,0.019716758,0.019716758,0.019716758,0.019716758,0.019716758,0.019716758,0.019716758,0.019716758,0.019716758,0.019716758,0.019716758,0.019716758,0.019716758,0.019716758,0.019716758,0.019716758,0.019716758,0.019716758,0.019716758,0.019716758,0.019716758,0.019716758,0.053595707,0.019716758
0.019716758,0.019716758,0.019716758,0.019716758,0.019716758,0.019716758,0.019716758,0.019716758,0.019716758,0.019716758,0.019716758,0.019716758,0.019716758,0.019716758,0.019716758,0.019716758,0.019716758,0.019716758,0.019716758,0.019716758,0.019716758,0.019716758,0.019716758,0.019716758,0.019716758,0.019716758,0.019716758,0.019716758,0.019716758,0.019716758,0.019716758,0.019716758,0.053595703,0.019716758,0.019716758,0.019716758,0.019716758,0.019716758,0.019716758,0.019716758,0.019716758,0.019716758,0.019716758,0.019716758,0.019716758,0.019716758,0.019716758,0.019716758,0.019716758
0.019716758,0.019716758,0.019716758,0.019716758,0.019716758,0.019716758,0.019716758,0.019716758,0.019716758,0.019716758,0.019716758,0.019716758,0.019716758,0.019716758,0.019716758,0.019716758,0.019716758,0.019716758,0.019716758,0.019716758,0.019716758,0.019716758,0.019716758,0.019716758,0.019716758,0.019716758,0.019716758,0.019716758,0.019716758,0.019716758,0.019716758,0.019716758,0.019716758,0.019716758,0.019716758,0.053595703,0.019716758,0.019716758,0.019716758,0.019716758,0.019716758,0.019716758,0.019716758,0.019716758,0.019716758,0.019716758,0.019716758,0.019716758,0.019716758
0.019716758,0.019716758,0.019716758,0.019716758,0.019716758,0.019716758,0.019716758,0.019716758,0.019716758,0.019716758,0.019716758,0.019716758,0.019716758,0.019716758,0.019716758,0.019716758,0.019716758,0.019716758,0.019716758,0.019716758,0.053595703,0.019716758,0.019716758,0.019716758,0.019716758,0.019716758,0.019716758,0.019716758,0.019716758,0.019716758,0.019716758,0.019716758,0.019716758,0.019716758,0.019716758,0.019716758,0.019716758,0.019716758,0.019716758,0.019716758,0.019716758,0.019716758,0.019716758,0.019716758,0.019716758,0.019716758,0.019716758,0.019716758,0.019716758
0.019716758,0.019716758,0.019716758,0.019716758,0.019716758,0.019716758,0.019716758,0.019716758,0.019716758,0.019716758,0.019716758,0.019716758,0.019716758,0.019716758,0.019716758,0.019716758,0.019716758,0.019716758,0.019716758,0.019716758,0.019716758,0.019716758,0.019716758,0.019716758,0.053595703,0.019716758,0.019716758,0.019716758,0.019716758,0.019716758,0.019716758,0.019716758,0.019716758,0.019716758,0.019716758,0.019716758,0.019716758,0.019716758,0.019716758,0.019716758,0.019716758,0.019716758,0.019716758,0.019716758,0.019716758,0.019716758,0.019716758,0.019716758,0.019716758
0.019716758,0.019716758,0.019716758,0.019716758,0.019716758,0.019716758,0.053595703,0.019716758,0.019716758,0.019716758,0.019716758,0.019716758,0.019716758,0.019716758,0.019716758,0.019716758,0.019716758,0.019716758,0.019716758,0.019716758,0.019716758,0.019716758,0.019716758,0.019716758,0.019716758,0.019716758,0.019716758,0.019716758,0.019716758,0.019716758,0.019716758,0.019716758,0.019716758,0.019716758,0.019716758,0.019716758,0.019716758,0.019716758,0.019716758,0.019716758,0.019716758,0.019716758,0.019716758,0.019716758,0.019716758,0.019716758,0.019716758,0.019716758,0.019716758
0.019716758,0.019716758,0.019716758,0.019716758,0.019716758,0.019716758,0.019716758,0.019716758,0.019716758,0.019716758,0.019716758,0.019716758,0.019716758,0.019716758,0.019716758,0.019716758,0.019716758,0.019716758,0.019716758,0.019716758,0.019716758,0.019716758,0.019716758,0.019716758,0.019716758,0.019716758,0.019716758,0.019716758,0.019716758,0.019716758,0.019716758,0.019716758,0.019716758,0.019716758,0.019716758,0.019716758,0.019716758,0.019716758,0.019716758,0.019716758,0.019716758,0.019716758,0.019716758,0.019716758,0.019716758,0.019716758,0.019716758,0.019716758,0.053595703
0.053595703,0.019716758,0.019716758,0.019716758,0.019716758,0.019716758,0.019716758,0.019716758,0.019716758,0.019716758,0.019716758,0.019716758,0.019716758,0.019716758,0.019716758,0.019716758,0.019716758,0.019716758,0.019716758,0.019716758,0.019716758,0.019716758,0.019716758,0.019716758,0.019716758,0.019716758,0.019716758,0.019716758,0.019716758,0.019716758,0.019716758,0.019716758,0.019716758,0.019716758,0.019716758,0.019716758,0.019716758,0.019716758,0.019716758,0.019716758,0.019716758,0.019716758,0.019716758,0.019716758,0.019716758,0.019716758,0.019716758,0.019716758,0.019716758
0.019716758,0.019716758,0.019716758,0.019716758,0.019716758,0.019716758,0.019716758,0.019716758,0.019716758,0.019716758,0.019716758,0.019716758,0.019716758,0.019716758,0.019716758,0.019716758,0.019716758,0.019716758,0.019716758,0.019716758,0.019716758,0.019716758,0.019716758,0.019716758,0.019716758,0.019716758,0.019716758,0.019716758,0.019716758,0.019716758,0.019716758,0.019716758,0.019716758,0.019716758,0.019716758,0.019716758,0.019716758,0.019716758,0.019716758,0.019716758,0.019716758,0.019716758,0.019716758,0.019716758,0.019716758,0.019716758,0.019716758,0.019716758,0.053595703
0.019716758,0.019716758,0.019716758,0.019716758,0.053595703,0.019716758,0.019716758,0.019716758,0.019716758,0.019716758,0.019716758,0.019716758,0.019716758,0.019716758,0.019716758,0.019716758,0.019716758,0.019716758,0.019716758,0.019716758,0.019716758,0.019716758,0.019716758,0.019716758,0.019716758,0.019716758,0.019716758,0.019716758,0.019716758,0.019716758,0.019716758,0.019716758,0.019716758,0.019716758,0.019716758,0.019716758,0.019716758,0.019716758,0.019716758,0.019716758,0.019716758,0.019716758,0.019716758,0.019716758,0.019716758,0.019716758,0.019716758,0.019716758,0.019716758
0.019716758,0.019716758,0.019716758,0.019716758,0.019716758,0.019716758,0.019716758,0.019716758,0.019716758,0.019716758,0.019716758,0.019716758,0.053595703,0.019716758,0.019716758,0.019716758,0.019716758,0.019716758,0.019716758,0.019716758,0.019716758,0.019716758,0.019716758,0.019716758,0.019716758,0.019716758,0.019716758,0.019716758,0.019716758,0.019716758,0.019716758,0.019716758,0.019716758,0.019716758,0.019716758,0.019716758,0.019716758,0.019716758,0.019716758,0.019716758,0.019716758,0.019716758,0.019716758,0.019716758,0.019716758,0.019716758,0.019716758,0.019716758,0.019716758
0.053595703,0.019716758,0.019716758,0.019716758,0.019716758,0.019716758,0.019716758,0.019716758,0.019716758,0.019716758,0.019716758,0.019716758,0.019716758,0.019716758,0.019716758,0.019716758,0.019716758,0.019716758,0.019716758,0.019716758,0.019716758,0.019716758,0.019716758,0.019716758,0.019716758,0.019716758,0.019716758,0.019716758,0.019716758,0.019716758,0.019716758,0.019716758,0.019716758,0.019716758,0.019716758,0.019716758,0.019716758,0.019716758,0.019716758,0.019716758,0.019716758,0.019716758,0.019716758,0.019716758,0.019716758,0.019716758,0.019716758,0.019716758,0.019716758
0.019716758,0.019716758,0.053595703,0.019716758,0.019716758,0.019716758,0.019716758,0.019716758,0.019716758,0.019716758,0.019716758,0.019716758,0.019716758,0.019716758,0.019716758,0.019716758,0.019716758,0.019716758,0.019716758,0.019716758,0.019716758,0.019716758,0.019716758,0.019716758,0.019716758,0.019716758,0.019716758,0.019716758,0.019716758,0.019716758,0.019716758,0.019716758,0.019716758,0.019716758,0.019716758,0.019716758,0.019716758,0.019716758,0.019716758,0.019716758,0.019716758,0.019716758,0.019716758,0.019716758,0.019716758,0.019716758,0.019716758,0.019716758,0.019716758
0.019716758,0.019716758,0.019716758,0.019716758,0.019716758,0.019716758,0.019716758,0.019716758,0.019716758,0.019716758,0.019716758,0.053595703,0.019716758,0.019716758,0.019716758,0.019716758,0.019716758,0.019716758,0.019716758,0.019716758,0.019716758,0.019716758,0.019716758,0.019716758,0.019716758,0.019716758,0.019716758,0.019716758,0.019716758,0.019716758,0.019716758,0.019716758,0.019716758,0.019716758,0.019716758,0.019716758,0.019716758,0.019716758,0.019716758,0.019716758,0.019716758,0.019716758,0.019716758,0.019716758,0.019716758,0.019716758,0.019716758,0.019716758,0.019716758
0.019716758,0.053595703,0.019716758,0.019716758,0.019716758,0.019716758,0.019716758,0.019716758,0.019716758,0.019716758,0.019716758,0.019716758,0.019716758,0.019716758,0.019716758,0.019716758,0.019716758,0.019716758,0.019716758,0.019716758,0.019716758,0.019716758,0.019716758,0.019716758,0.019716758,0.019716758,0.019716758,0.019716758,0.019716758,0.019716758,0.019716758,0.019716758,0.019716758,0.019716758,0.019716758,0.019716758,0.019716758,0.019716758,0.019716758,0.019716758,0.019716758,0.019716758,0.019716758,0.019716758,0.019716758,0.019716758,0.019716758,0.019716758,0.019716758
0.019716758,0.019716758,0.019716758,0.019716758,0.019716758,0.019716758,0.019716758,0.019716758,0.019716758,0.019716758,0.019716758,0.019716758,0.019716758,0.019716758,0.019716758,0.019716758,0.019716758,0.019716758,0.019716758,0.019716758,0.019716758,0.019716758,0.019716758,0.019716758,0.019716758,0.019716758,0.019716758,0.019716758,0.019716758,0.019716758,0.019716758,0.019716758,0.019716758,0.019716758,0.019716758,0.019716758,0.019716758,0.053595703,0.019716758,0.019716758,0.019716758,0.019716758,0.019716758,0.019716758,0.019716758,0.019716758,0.019716758,0.019716758,0.019716758
0.019716758,0.019716758,0.019716758,0.019716758,0.019716758,0.019716758,0.019716758,0.019716758,0.019716758,0.019716758,0.019716758,0.019716758,0.019716758,0.019716758,0.019716758,0.019716758,0.019716758,0.019716758,0.019716758,0.019716758,0.019716758,0.019716758,0.019716758,0.019716758,0.019716758,0.019716758,0.019716758,0.019716758,0.053595703,0.019716758,0.019716758,0.019716758,0.019716758,0.019716758,0.019716758,0.019716758,0.019716758,0.019716758,0.019716758,0.019716758,0.019716758,0.019716758,0.019716758,0.019716758,0.019716758,0.019716758,0.019716758,0.019716758,0.019716758
0.019716758,0.019716758,0.053595703,0.019716758,0.019716758,0.019716758,0.019716758,0.019716758,0.019716758,0.019716758,0.019716758,0.019716758,0.019716758,0.019716758,0.019716758,0.019716758,0.019716758,0.019716758,0.019716758,0.019716758,0.019716758,0.019716758,0.019716758,0.019716758,0.019716758,0.019716758,0.019716758,0.019716758,0.019716758,0.019716758,0.019716758,0.019716758,0.019716758,0.019716758,0.019716758,0.019716758,0.019716758,0.019716758,0.019716758,0.019716758,0.019716758,0.019716758,0.019716758,0.019716758,0.019716758,0.019716758,0.019716758,0.019716758,0.019716758
0.019716758,0.019716758,0.019716758,0.019716758,0.019716758,0.019716758,0.019716758,0.019716758,0.019716758,0.019716758,0.019716758,0.019716758,0.019716758,0.019716758,0.019716758,0.019716758,0.019716758,0.053595703,0.019716758,0.019716758,0.019716758,0.019716758,0.019716758,0.019716758,0.019716758,0.019716758,0.019716758,0.019716758,0.019716758,0.019716758,0.019716758,0.019716758,0.019716758,0.019716758,0.019716758,0.019716758,0.019716758,0.019716758,0.019716758,0.019716758,0.019716758,0.019716758,0.019716758,0.019716758,0.019716758,0.019716758,0.019716758,0.019716758,0.019716758
0.019716758,0.019716758,0.019716758,0.019716758,0.019716758,0.019716758,0.019716758,0.019716758,0.019716758,0.019716758,0.019716758,0.019716758,0.019716758,0.019716758,0.019716758,0.019716758,0.019716758,0.019716758,0.019716758,0.019716758,0.019716758,0.019716758,0.019716758,0.019716758,0.019716758,0.019716758,0.019716758,0.019716758,0.019716758,0.019716758,0.019716758,0.019716758,0.019716758,0.019716758,0.019716758,0.019716758,0.019716758,0.019716758,0.019716758,0.019716758,0.053595703,0.019716758,0.019716758,0.019716758,0.019716758,0.019716758,0.019716758,0.019716758,0.019716758
0.019716758,0.019716758,0.019716758,0.019716758,0.019716758,0.019716758,0.019716758,0.019716758,0.019716758,0.019716758,0.019716758,0.019716758,0.019716758,0.019716758,0.019716758,0.019716758,0.019716758,0.019716758,0.019716758,0.019716758,0.019716758,0.019716758,0.019716758,0.019716758,0.053595703,0.019716758,0.019716758,0.019716758,0.019716758,0.019716758,0.019716758,0.019716758,0.019716758,0.019716758,0.019716758,0.019716758,0.019716758,0.019716758,0.019716758,0.019716758,0.019716758,0.019716758,0.019716758,0.019716758,0.019716758,0.019716758,0.019716758,0.019716758,0.019716758
0.019716758,0.019716758,0.019716758,0.019716758,0.019716758,0.019716758,0.019716758,0.019716758,0.019716758,0.019716758,0.019716758,0.019716758,0.019716758,0.019716758,0.019716758,0.019716758,0.019716758,0.019716758,0.019716758,0.019716758,0.053595703,0.019716758,0.019716758,0.019716758,0.019716758,0.019716758,0.019716758,0.019716758,0.019716758,0.019716758,0.019716758,0.019716758,0.019716758,0.019716758,0.019716758,0.019716758,0.019716758,0.019716758,0.019716758,0.019716758,0.019716758,0.019716758,0.019716758,0.019716758,0.019716758,0.019716758,0.019716758,0.019716758,0.019716758
0.019716758,0.019716758,0.019716758,0.019716758,0.019716758,0.019716758,0.019716758,0.019716758,0.053595703,0.019716758,0.019716758,0.019716758,0.019716758,0.019716758,0.019716758,0.019716758,0.019716758,0.019716758,0.019716758,0.019716758,0.019716758,0.019716758,0.019716758,0.019716758,0.019716758,0.019716758,0.019716758,0.019716758,0.019716758,0.019716758,0.019716758,0.019716758,0.019716758,0.019716758,0.019716758,0.019716758,0.019716758,0.019716758,0.019716758,0.019716758,0.019716758,0.019716758,0.019716758,0.019716758,0.019716758,0.019716758,0.019716758,0.019716758,0.019716758
0.019716758,0.019716758,0.019716758,0.019716758,0.019716758,0.019716758,0.019716758,0.019716758,0.019716758,0.019716758,0.019716758,0.019716758,0.019716758,0.019716758,0.019716758,0.019716758,0.019716758,0.019716758,0.019716758,0.019716758,0.019716758,0.019716758,0.053595703,0.019716758,0.019716758,0.019716758,0.019716758,0.019716758,0.019716758,0.019716758,0.019716758,0.019716758,0.019716758,0.019716758,0.019716758,0.019716758,0.019716758,0.019716758,0.019716758,0.019716758,0.019716758,0.019716758,0.019716758,0.019716758,0.019716758,0.019716758,0.019716758,0.019716758,0.019716758
0.019716758,0.019716758,0.019716758,0.019716758,0.019716758,0.019716758,0.053595703,0.019716758,0.019716758,0.019716758,0.019716758,0.019716758,0.019716758,0.019716758,0.019716758,0.019716758,0.019716758,0.019716758,0.019716758,0.019716758,0.019716758,0.019716758,0.019716758,0.019716758,0.019716758,0.019716758,0.019716758,0.019716758,0.019716758,0.019716758,0.019716758,0.019716758,0.019716758,0.019716758,0.019716758,0.019716758,0.019716758,0.019716758,0.019716758,0.019716758,0.019716758,0.019716758,0.019716758,0.019716758,0.019716758,0.019716758,0.019716758,0.019716758,0.019716758
0.019716758,0.019716758,0.019716758,0.019716758,0.019716758,0.019716758,0.019716758,0.019716758,0.019716758,0.019716758,0.019716758,0.019716758,0.019716758,0.019716758,0.019716758,0.019716758,0.019716758,0.019716758,0.019716758,0.019716758,0.019716758,0.019716758,0.019716758,0.019716758,0.019716758,0.019716758,0.019716758,0.019716758,0.019716758,0.019716758,0.019716758,0.019716758,0.019716758,0.019716758,0.019716758,0.019716758,0.019716758,0.019716758,0.019716758,0.019716758,0.053595703,0.019716758,0.019716758,0.019716758,0.019716758,0.019716758,0.019716758,0.019716758,0.019716758
0.019716758,0.019716758,0.019716758,0.019716758,0.019716758,0.019716758,0.019716758,0.019716758,0.019716758,0.019716758,0.019716758,0.019716758,0.019716758,0.019716758,0.019716758,0.019716758,0.019716758,0.019716758,0.019716758,0.019716758,0.019716758,0.019716758,0.019716758,0.019716758,0.019716758,0.019716758,0.019716758,0.019716758,0.019716758,0.019716758,0.019716758,0.019716758,0.019716758,0.019716758,0.053595703,0.019716758,0.019716758,0.019716758,0.019716758,0.019716758,0.019716758,0.019716758,0.019716758,0.019716758,0.019716758,0.019716758,0.019716758,0.019716758,0.019716758
0.019716758,0.019716758,0.019716758,0.019716758,0.019716758,0.019716758,0.019716758,0.019716758,0.019716758,0.019716758,0.019716758,0.019716758,0.019716758,0.019716758,0.019716758,0.019716758,0.019716758,0.019716758,0.019716758,0.019716758,0.019716758,0.019716758,0.019716758,0.019716758,0.053595703,0.019716758,0.019716758,0.019716758,0.019716758,0.019716758,0.019716758,0.019716758,0.019716758,0.019716758,0.019716758,0.019716758,0.019716758,0.019716758,0.019716758,0.019716758,0.019716758,0.019716758,0.019716758,0.019716758,0.019716758,0.019716758,0.019716758,0.019716758,0.019716758
0.053595703,0.019716758,0.019716758,0.019716758,0.019716758,0.019716758,0.019716758,0.019716758,0.019716758,0.019716758,0.019716758,0.019716758,0.019716758,0.019716758,0.019716758,0.019716758,0.019716758,0.019716758,0.019716758,0.019716758,0.019716758,0.019716758,0.019716758,0.019716758,0.019716758,0.019716758,0.019716758,0.019716758,0.019716758,0.019716758,0.019716758,0.019716758,0.019716758,0.019716758,0.019716758,0.019716758,0.019716758,0.019716758,0.019716758,0.019716758,0.019716758,0.019716758,0.019716758,0.019716758,0.019716758,0.019716758,0.019716758,0.019716758,0.019716758
0.019716758,0.019716758,0.019716758,0.019716758,0.019716758,0.019716758,0.019716758,0.019716758,0.019716758,0.053595703,0.019716758,0.019716758,0.019716758,0.019716758,0.019716758,0.019716758,0.019716758,0.019716758,0.019716758,0.019716758,0.019716758,0.019716758,0.019716758,0.019716758,0.019716758,0.019716758,0.019716758,0.019716758,0.019716758,0.019716758,0.019716758,0.019716758,0.019716758,0.019716758,0.019716758,0.019716758,0.019716758,0.019716758,0.019716758,0.019716758,0.019716758,0.019716758,0.019716758,0.019716758,0.019716758,0.019716758,0.019716758,0.019716758,0.019716758
0.019716758,0.019716758,0.019716758,0.019716758,0.019716758,0.019716758,0.019716758,0.019716758,0.019716758,0.019716758,0.019716758,0.019716758,0.019716758,0.019716758,0.019716758,0.019716758,0.019716758,0.019716758,0.019716758,0.019716758,0.019716758,0.019716758,0.019716758,0.019716758,0.019716758,0.019716758,0.019716758,0.019716758,0.019716758,0.019716758,0.019716758,0.019716758,0.053595703,0.019716758,0.019716758,0.019716758,0.019716758,0.019716758,0.019716758,0.019716758,0.019716758,0.019716758,0.019716758,0.019716758,0.019716758,0.019716758,0.019716758,0.019716758,0.019716758
0.019716758,0.019716758,0.019716758,0.019716758,0.019716758,0.019716758,0.019716758,0.019716758,0.019716758,0.019716758,0.019716758,0.019716758,0.019716758,0.019716758,0.019716758,0.019716758,0.019716758,0.019716758,0.019716758,0.019716758,0.019716758,0.019716758,0.019716758,0.019716758,0.019716758,0.019716758,0.019716758,0.019716758,0.019716758,0.019716758,0.019716758,0.019716758,0.019716758,0.019716758,0.019716758,0.019716758,0.019716758,0.019716758,0.053595703,0.019716758,0.019716758,0.019716758,0.019716758,0.019716758,0.019716758,0.019716758,0.019716758,0.019716758,0.019716758
0.019716758,0.019716758,0.019716758,0.019716758,0.019716758,0.019716758,0.019716758,0.019716758,0.019716758,0.019716758,0.019716758,0.019716758,0.019716758,0.019716758,0.019716758,0.019716758,0.019716758,0.019716758,0.019716758,0.019716758,0.019716758,0.019716758,0.019716758,0.019716758,0.019716758,0.019716758,0.019716758,0.019716758,0.019716758,0.019716758,0.019716758,0.019716758,0.019716758,0.019716758,0.019716758,0.019716758,0.019716758,0.019716758,0.053595703,0.019716758,0.019716758,0.019716758,0.019716758,0.019716758,0.019716758,0.019716758,0.019716758,0.019716758,0.019716758
0.019716758,0.019716758,0.019716758,0.019716758,0.019716758,0.019716758,0.019716758,0.019716758,0.019716758,0.019716758,0.019716758,0.019716758,0.019716758,0.019716758,0.019716758,0.019716758,0.019716758,0.019716758,0.019716758,0.019716758,0.019716758,0.019716758,0.019716758,0.019716758,0.019716758,0.019716758,0.019716758,0.019716758,0.019716758,0.019716758,0.019716758,0.019716758,0.019716758,0.019716758,0.019716758,0.019716758,0.019716758,0.053595703,0.019716758,0.019716758,0.019716758,0.019716758,0.019716758,0.019716758,0.019716758,0.019716758,0.019716758,0.019716758,0.019716758
0.019716758,0.019716758,0.019716758,0.019716758,0.019716758,0.019716758,0.019716758,0.019716758,0.019716758,0.019716758,0.019716758,0.019716758,0.019716758,0.019716758,0.019716758,0.019716758,0.019716758,0.019716758,0.019716758,0.019716758,0.019716758,0.019716758,0.019716758,0.019716758,0.019716758,0.019716758,0.019716758,0.019716758,0.019716758,0.019716758,0.019716758,0.019716758,0.019716758,0.019716758,0.019716758,0.019716758,0.019716758,0.019716758,0.053595703,0.019716758,0.019716758,0.019716758,0.019716758,0.019716758,0.019716758,0.019716758,0.019716758,0.019716758,0.019716758
0.019716755,0.019716755,0.019716755,0.019716755,0.019716755,0.019716755,0.019716755,0.019716755,0.019716755,0.019716755,0.019716773,0.019716755,0.019716755,0.019716755,0.019716755,0.05359564,0.019716755,0.019716755,0.019716755,0.019716755,0.019716755,0.019716755,0.019716755,0.019716755,0.019716755,0.019716755,0.019716755,0.019716755,0.019716755,0.019716755,0.019716755,0.019716755,0.019716755,0.019716755,0.019716755,0.019716755,0.019716755,0.019716755,0.019716755,0.019716755,0.019716755,0.019716755,0.019716755,0.019716755,0.019716755,0.019716755,0.019716755,0.019716755,0.019716755
0.019716758,0.019716758,0.019716758,0.019716758,0.019716758,0.019716758,0.019716758,0.019716758,0.019716758,0.019716758,0.019716758,0.019716758,0.019716758,0.019716758,0.019716758,0.019716758,0.019716758,0.019716758,0.019716758,0.019716758,0.019716758,0.019716758,0.019716758,0.019716758,0.053595703,0.019716758,0.019716758,0.019716758,0.019716758,0.019716758,0.019716758,0.019716758,0.019716758,0.019716758,0.019716758,0.019716758,0.019716758,0.019716758,0.019716758,0.019716758,0.019716758,0.019716758,0.019716758,0.019716758,0.019716758,0.019716758,0.019716758,0.019716758,0.019716758
0.019716758,0.019716758,0.019716758,0.019716758,0.019716758,0.019716758,0.019716758,0.019716758,0.019716758,0.019716758,0.019716758,0.019716758,0.053595703,0.019716758,0.019716758,0.019716758,0.019716758,0.019716758,0.019716758,0.019716758,0.019716758,0.019716758,0.019716758,0.019716758,0.019716758,0.019716758,0.019716758,0.019716758,0.019716758,0.019716758,0.019716758,0.019716758,0.019716758,0.019716758,0.019716758,0.019716758,0.019716758,0.019716758,0.019716758,0.019716758,0.019716758,0.019716758,0.019716758,0.019716758,0.019716758,0.019716758,0.019716758,0.019716758,0.019716758
0.019716758,0.019716758,0.019716758,0.019716758,0.019716758,0.019716758,0.019716758,0.019716758,0.019716758,0.019716758,0.019716758,0.019716758,0.019716758,0.019716758,0.019716758,0.019716758,0.019716758,0.019716758,0.019716758,0.019716758,0.019716758,0.019716758,0.019716758,0.019716758,0.019716758,0.019716758,0.019716758,0.053595703,0.019716758,0.019716758,0.019716758,0.019716758,0.019716758,0.019716758,0.019716758,0.019716758,0.019716758,0.019716758,0.019716758,0.019716758,0.019716758,0.019716758,0.019716758,0.019716758,0.019716758,0.019716758,0.019716758,0.019716758,0.019716758
0.019716758,0.019716758,0.019716758,0.019716758,0.019716758,0.019716758,0.019716758,0.019716758,0.019716758,0.019716758,0.019716758,0.019716758,0.019716758,0.019716758,0.019716758,0.019716758,0.019716758,0.019716758,0.019716758,0.019716758,0.019716758,0.019716758,0.019716758,0.019716758,0.019716758,0.019716758,0.053595703,0.019716758,0.019716758,0.019716758,0.019716758,0.019716758,0.019716758,0.019716758,0.019716758,0.019716758,0.019716758,0.019716758,0.019716758,0.019716758,0.019716758,0.019716758,0.019716758,0.019716758,0.019716758,0.019716758,0.019716758,0.019716758,0.019716758
0.019716758,0.019716758,0.019716758,0.019716758,0.019716758,0.019716758,0.019716758,0.019716758,0.019716758,0.019716758,0.019716758,0.019716758,0.019716758,0.019716758,0.019716758,0.019716758,0.019716758,0.019716758,0.019716758,0.019716758,0.019716758,0.019716758,0.019716758,0.019716758,0.019716758,0.019716758,0.019716758,0.019716758,0.019716758,0.019716758,0.019716758,0.019716758,0.019716758,0.019716758,0.053595703,0.019716758,0.019716758,0.019716758,0.019716758,0.019716758,0.019716758,0.019716758,0.019716758,0.019716758,0.019716758,0.019716758,0.019716758,0.019716758,0.019716758
0.019716758,0.019716758,0.019716758,0.019716758,0.019716758,0.019716758,0.019716758,0.019716758,0.019716758,0.019716758,0.019716758,0.019716758,0.019716758,0.019716758,0.019716758,0.019716758,0.019716758,0.019716758,0.019716758,0.019716758,0.019716758,0.019716758,0.019716758,0.019716758,0.019716758,0.019716758,0.019716758,0.019716758,0.019716758,0.019716758,0.019716758,0.019716758,0.019716758,0.019716758,0.053595703,0.019716758,0.019716758,0.019716758,0.019716758,0.019716758,0.019716758,0.019716758,0.019716758,0.019716758,0.019716758,0.019716758,0.019716758,0.019716758,0.019716758
0.019716758,0.019716758,0.019716758,0.019716758,0.019716758,0.019716758,0.019716758,0.019716758,0.019716758,0.019716758,0.019716758,0.019716758,0.019716758,0.019716758,0.019716758,0.019716758,0.019716758,0.019716758,0.019716758,0.019716758,0.019716758,0.019716758,0.019716758,0.019716758,0.019716758,0.019716758,0.019716758,0.019716758,0.019716758,0.019716758,0.019716758,0.019716758,0.019716758,0.019716758,0.019716758,0.019716758,0.019716758,0.019716758,0.019716758,0.019716758,0.019716758,0.019716758,0.019716758,0.019716758,0.019716758,0.019716758,0.053595703,0.019716758,0.019716758
0.019716758,0.019716758,0.019716758,0.019716758,0.019716758,0.019716758,0.019716758,0.019716758,0.019716758,0.019716758,0.019716758,0.053595703,0.019716758,0.019716758,0.019716758,0.019716758,0.019716758,0.019716758,0.019716758,0.019716758,0.019716758,0.019716758,0.019716758,0.019716758,0.019716758,0.019716758,0.019716758,0.019716758,0.019716758,0.019716758,0.019716758,0.019716758,0.019716758,0.019716758,0.019716758,0.019716758,0.019716758,0.019716758,0.019716758,0.019716758,0.019716758,0.019716758,0.019716758,0.019716758,0.019716758,0.019716758,0.019716758,0.019716758,0.019716758
0.019716758,0.019716758,0.019716758,0.019716758,0.019716758,0.019716758,0.019716758,0.019716758,0.019716758,0.053595703,0.019716758,0.019716758,0.019716758,0.019716758,0.019716758,0.019716758,0.019716758,0.019716758,0.019716758,0.019716758,0.019716758,0.019716758,0.019716758,0.019716758,0.019716758,0.019716758,0.019716758,0.019716758,0.019716758,0.019716758,0.019716758,0.019716758,0.019716758,0.019716758,0.019716758,0.019716758,0.019716758,0.019716758,0.019716758,0.019716758,0.019716758,0.019716758,0.019716758,0.019716758,0.019716758,0.019716758,0.019716758,0.019716758,0.019716758
0.053595703,0.019716758,0.019716758,0.019716758,0.019716758,0.019716758,0.019716758,0.019716758,0.019716758,0.019716758,0.019716758,0.019716758,0.019716758,0.019716758,0.019716758,0.019716758,0.019716758,0.019716758,0.019716758,0.019716758,0.019716758,0.019716758,0.019716758,0.019716758,0.019716758,0.019716758,0.019716758,0.019716758,0.019716758,0.019716758,0.019716758,0.019716758,0.019716758,0.019716758,0.019716758,0.019716758,0.019716758,0.019716758,0.019716758,0.019716758,0.019716758,0.019716758,0.019716758,0.019716758,0.019716758,0.019716758,0.019716758,0.019716758,0.019716758
0.019716758,0.019716758,0.019716758,0.019716758,0.019716758,0.019716758,0.019716758,0.019716758,0.019716758,0.019716758,0.019716758,0.019716758,0.019716758,0.019716758,0.019716758,0.019716758,0.019716758,0.019716758,0.019716758,0.019716758,0.019716758,0.019716758,0.019716758,0.019716758,0.019716758,0.019716758,0.019716758,0.019716758,0.019716758,0.019716758,0.019716758,0.019716758,0.019716758,0.019716758,0.019716758,0.019716758,0.019716758,0.019716758,0.019716758,0.019716758,0.019716758,0.053595703,0.019716758,0.019716758,0.019716758,0.019716758,0.019716758,0.019716758,0.019716758
0.019716758,0.019716758,0.019716758,0.019716758,0.019716758,0.019716758,0.019716758,0.019716758,0.019716758,0.019716758,0.019716758,0.053595703,0.019716758,0.019716758,0.019716758,0.019716758,0.019716758,0.019716758,0.019716758,0.019716758,0.019716758,0.019716758,0.019716758,0.019716758,0.019716758,0.019716758,0.019716758,0.019716758,0.019716758,0.019716758,0.019716758,0.019716758,0.019716758,0.019716758,0.019716758,0.019716758,0.019716758,0.019716758,0.019716758,0.019716758,0.019716758,0.019716758,0.019716758,0.019716758,0.019716758,0.019716758,0.019716758,0.019716758,0.019716758
0.019716758,0.019716758,0.019716758,0.019716758,0.019716758,0.019716758,0.019716758,0.019716758,0.019716758,0.019716758,0.019716758,0.019716758,0.019716758,0.019716758,0.019716758,0.019716758,0.019716758,0.019716758,0.019716758,0.053595703,0.019716758,0.019716758,0.019716758,0.019716758,0.019716758,0.019716758,0.019716758,0.019716758,0.019716758,0.019716758,0.019716758,0.019716758,0.019716758,0.019716758,0.019716758,0.019716758,0.019716758,0.019716758,0.019716758,0.019716758,0.019716758,0.019716758,0.019716758,0.019716758,0.019716758,0.019716758,0.019716758,0.019716758,0.019716758
0.019716758,0.019716758,0.019716758,0.019716758,0.019716758,0.019716758,0.019716758,0.019716758,0.019716758,0.019716758,0.019716758,0.019716758,0.019716758,0.019716758,0.019716758,0.019716758,0.019716758,0.019716758,0.019716758,0.019716758,0.019716758,0.019716758,0.019716758,0.053595707,0.019716758,0.019716758,0.019716758,0.019716758,0.019716758,0.019716758,0.019716758,0.019716758,0.019716758,0.019716758,0.019716758,0.019716758,0.019716758,0.019716758,0.019716758,0.019716758,0.019716758,0.019716758,0.019716758,0.019716758,0.019716758,0.019716758,0.019716758,0.019716758,0.019716758
0.019716758,0.019716758,0.019716758,0.019716758,0.019716758,0.019716758,0.019716758,0.019716758,0.019716758,0.019716758,0.019716758,0.019716758,0.019716758,0.019716758,0.019716758,0.019716758,0.019716758,0.019716758,0.019716758,0.019716758,0.019716758,0.019716758,0.019716758,0.019716758,0.019716758,0.019716758,0.019716758,0.019716758,0.019716758,0.019716758,0.019716758,0.019716758,0.019716758,0.019716758,0.019716758,0.019716758,0.019716758,0.019716758,0.019716758,0.019716758,0.019716758,0.019716758,0.053595703,0.019716758,0.019716758,0.019716758,0.019716758,0.019716758,0.019716758
0.019716758,0.019716758,0.019716758,0.019716758,0.019716758,0.019716758,0.019716758,0.019716758,0.019716758,0.019716758,0.019716758,0.019716758,0.019716758,0.019716758,0.053595703,0.019716758,0.019716758,0.019716758,0.019716758,0.019716758,0.019716758,0.019716758,0.019716758,0.019716758,0.019716758,0.019716758,0.019716758,0.019716758,0.019716758,0.019716758,0.019716758,0.019716758,0.019716758,0.019716758,0.019716758,0.019716758,0.019716758,0.019716758,0.019716758,0.019716758,0.019716758,0.019716758,0.019716758,0.019716758,0.019716758,0.019716758,0.019716758,0.019716758,0.019716758
0.019716758,0.019716758,0.019716758,0.019716758,0.019716758,0.019716758,0.053595703,0.019716758,0.019716758,0.019716758,0.019716758,0.019716758,0.019716758,0.019716758,0.019716758,0.019716758,0.019716758,0.019716758,0.019716758,0.019716758,0.019716758,0.019716758,0.019716758,0.019716758,0.019716758,0.019716758,0.019716758,0.019716758,0.019716758,0.019716758,0.019716758,0.019716758,0.019716758,0.019716758,0.019716758,0.019716758,0.019716758,0.019716758,0.019716758,0.019716758,0.019716758,0.019716758,0.019716758,0.019716758,0.019716758,0.019716758,0.019716758,0.019716758,0.019716758
0.019716758,0.019716758,0.019716758,0.019716758,0.019716758,0.019716758,0.019716758,0.019716758,0.019716758,0.019716758,0.019716758,0.019716758,0.019716758,0.019716758,0.019716758,0.019716758,0.019716758,0.019716758,0.019716758,0.019716758,0.019716758,0.019716758,0.019716758,0.019716758,0.019716758,0.019716758,0.019716758,0.019716758,0.053595703,0.019716758,0.019716758,0.019716758,0.019716758,0.019716758,0.019716758,0.019716758,0.019716758,0.019716758,0.019716758,0.019716758,0.019716758,0.019716758,0.019716758,0.019716758,0.019716758,0.019716758,0.019716758,0.019716758,0.019716758
0.019716758,0.019716758,0.019716758,0.019716758,0.019716758,0.019716758,0.019716758,0.019716758,0.019716758,0.019716758,0.019716758,0.019716758,0.019716758,0.019716758,0.019716758,0.019716758,0.019716758,0.019716758,0.053595703,0.019716758,0.019716758,0.019716758,0.019716758,0.019716758,0.019716758,0.019716758,0.019716758,0.019716758,0.019716758,0.019716758,0.019716758,0.019716758,0.019716758,0.019716758,0.019716758,0.019716758,0.019716758,0.019716758,0.019716758,0.019716758,0.019716758,0.019716758,0.019716758,0.019716758,0.019716758,0.019716758,0.019716758,0.019716758,0.019716758
0.019716758,0.019716758,0.019716758,0.019716758,0.019716758,0.019716758,0.019716758,0.019716758,0.019716758,0.019716758,0.019716758,0.019716758,0.019716758,0.019716758,0.019716758,0.019716758,0.019716758,0.019716758,0.019716758,0.019716758,0.019716758,0.019716758,0.019716758,0.019716758,0.019716758,0.019716758,0.019716758,0.053595703,0.019716758,0.019716758,0.019716758,0.019716758,0.019716758,0.019716758,0.019716758,0.019716758,0.019716758,0.019716758,0.019716758,0.019716758,0.019716758,0.019716758,0.019716758,0.019716758,0.019716758,0.019716758,0.019716758,0.019716758,0.019716758
0.019716758,0.019716758,0.019716758,0.019716758,0.019716758,0.019716758,0.019716758,0.019716758,0.019716758,0.019716758,0.019716758,0.019716758,0.019716758,0.053595703,0.019716758,0.019716758,0.019716758,0.019716758,0.019716758,0.019716758,0.019716758,0.019716758,0.019716758,0.019716758,0.019716758,0.019716758,0.019716758,0.019716758,0.019716758,0.019716758,0.019716758,0.019716758,0.019716758,0.019716758,0.019716758,0.019716758,0.019716758,0.019716758,0.019716758,0.019716758,0.019716758,0.019716758,0.019716758,0.019716758,0.019716758,0.019716758,0.019716758,0.019716758,0.019716758
0.019716758,0.019716758,0.019716758,0.019716758,0.019716758,0.019716758,0.019716758,0.019716758,0.019716758,0.019716758,0.019716758,0.019716758,0.019716758,0.019716758,0.019716758,0.019716758,0.019716758,0.019716758,0.019716758,0.019716758,0.019716758,0.019716758,0.019716758,0.019716758,0.019716758,0.019716758,0.019716758,0.019716758,0.019716758,0.019716758,0.019716758,0.019716758,0.019716758,0.019716758,0.019716758,0.053595703,0.019716758,0.019716758,0.019716758,0.019716758,0.019716758,0.019716758,0.019716758,0.019716758,0.019716758,0.019716758,0.019716758,0.019716758,0.019716758
0.019716758,0.019716758,0.019716758,0.019716758,0.019716758,0.019716758,0.019716758,0.019716758,0.019716758,0.019716758,0.019716758,0.019716758,0.019716758,0.019716758,0.019716758,0.019716758,0.019716758,0.019716758,0.019716758,0.019716758,0.019716758,0.019716758,0.019716758,0.019716758,0.019716758,0.019716758,0.019716758,0.019716758,0.019716758,0.019716758,0.019716758,0.019716758,0.019716758,0.019716758,0.019716758,0.019716758,0.019716758,0.019716758,0.019716758,0.019716758,0.053595703,0.019716758,0.019716758,0.019716758,0.019716758,0.019716758,0.019716758,0.019716758,0.019716758
0.019716758,0.019716758,0.019716758,0.019716758,0.019716758,0.019716758,0.019716758,0.019716758,0.019716758,0.019716758,0.019716758,0.019716758,0.019716758,0.019716758,0.019716758,0.019716758,0.053595703,0.019716758,0.019716758,0.019716758,0.019716758,0.019716758,0.019716758,0.019716758,0.019716758,0.019716758,0.019716758,0.019716758,0.019716758,0.019716758,0.019716758,0.019716758,0.019716758,0.019716758,0.019716758,0.019716758,0.019716758,0.019716758,0.019716758,0.019716758,0.019716758,0.019716758,0.019716758,0.019716758,0.019716758,0.019716758,0.019716758,0.019716758,0.019716758
0.019716758,0.019716758,0.019716758,0.019716758,0.019716758,0.019716758,0.019716758,0.019716758,0.019716758,0.019716758,0.019716758,0.019716758,0.019716758,0.053595703,0.019716758,0.019716758,0.019716758,0.019716758,0.019716758,0.019716758,0.019716758,0.019716758,0.019716758,0.019716758,0.019716758,0.019716758,0.019716758,0.019716758,0.019716758,0.019716758,0.019716758,0.019716758,0.019716758,0.019716758,0.019716758,0.019716758,0.019716758,0.019716758,0.019716758,0.019716758,0.019716758,0.019716758,0.019716758,0.019716758,0.019716758,0.019716758,0.019716758,0.019716758,0.019716758
0.019716758,0.019716758,0.019716758,0.019716758,0.019716758,0.019716758,0.019716758,0.019716758,0.019716758,0.019716758,0.019716758,0.019716758,0.019716758,0.019716758,0.053595703,0.019716758,0.019716758,0.019716758,0.019716758,0.019716758,0.019716758,0.019716758,0.019716758,0.019716758,0.019716758,0.019716758,0.019716758,0.019716758,0.019716758,0.019716758,0.019716758,0.019716758,0.019716758,0.019716758,0.019716758,0.019716758,0.019716758,0.019716758,0.019716758,0.019716758,0.019716758,0.019716758,0.019716758,0.019716758,0.019716758,0.019716758,0.019716758,0.019716758,0.019716758
0.019716758,0.019716758,0.019716758,0.019716758,0.019716758,0.019716758,0.019716758,0.053595707,0.019716758,0.019716758,0.019716758,0.019716758,0.019716758,0.019716758,0.019716758,0.019716758,0.019716758,0.019716758,0.019716758,0.019716758,0.019716758,0.019716758,0.019716758,0.019716758,0.019716758,0.019716758,0.019716758,0.019716758,0.019716758,0.019716758,0.019716758,0.019716758,0.019716758,0.019716758,0.019716758,0.019716758,0.019716758,0.019716758,0.019716758,0.019716758,0.019716758,0.019716758,0.019716758,0.019716758,0.019716758,0.019716758,0.019716758,0.019716758,0.019716758
0.019716758,0.019716758,0.019716758,0.019716758,0.019716758,0.019716758,0.019716758,0.019716758,0.019716758,0.019716758,0.019716758,0.019716758,0.019716758,0.019716758,0.019716758,0.019716758,0.019716758,0.019716758,0.019716758,0.019716758,0.019716758,0.019716758,0.019716758,0.019716758,0.019716758,0.019716758,0.019716758,0.019716758,0.019716758,0.019716758,0.019716758,0.053595707,0.019716758,0.019716758,0.019716758,0.019716758,0.019716758,0.019716758,0.019716758,0.019716758,0.019716758,0.019716758,0.019716758,0.019716758,0.019716758,0.019716758,0.019716758,0.019716758,0.019716758
0.053595703,0.019716758,0.019716758,0.019716758,0.019716758,0.019716758,0.019716758,0.019716758,0.019716758,0.019716758,0.019716758,0.019716758,0.019716758,0.019716758,0.019716758,0.019716758,0.019716758,0.019716758,0.019716758,0.019716758,0.019716758,0.019716758,0.019716758,0.019716758,0.019716758,0.019716758,0.019716758,0.019716758,0.019716758,0.019716758,0.019716758,0.019716758,0.019716758,0.019716758,0.019716758,0.019716758,0.019716758,0.019716758,0.019716758,0.019716758,0.019716758,0.019716758,0.019716758,0.019716758,0.019716758,0.019716758,0.019716758,0.019716758,0.019716758
0.019716758,0.019716758,0.019716758,0.019716758,0.019716758,0.019716758,0.019716758,0.019716758,0.019716758,0.019716758,0.019716758,0.019716758,0.019716758,0.019716758,0.019716758,0.019716758,0.019716758,0.019716758,0.019716758,0.019716758,0.053595703,0.019716758,0.019716758,0.019716758,0.019716758,0.019716758,0.019716758,0.019716758,0.019716758,0.019716758,0.019716758,0.019716758,0.019716758,0.019716758,0.019716758,0.019716758,0.019716758,0.019716758,0.019716758,0.019716758,0.019716758,0.019716758,0.019716758,0.019716758,0.019716758,0.019716758,0.019716758,0.019716758,0.019716758
0.019716758,0.019716758,0.019716758,0.019716758,0.019716758,0.019716758,0.019716758,0.019716758,0.019716758,0.019716758,0.019716758,0.019716758,0.019716758,0.019716758,0.019716758,0.019716758,0.019716758,0.019716758,0.019716758,0.019716758,0.019716758,0.019716758,0.019716758,0.019716758,0.019716758,0.053595703,0.019716758,0.019716758,0.019716758,0.019716758,0.019716758,0.019716758,0.019716758,0.019716758,0.019716758,0.019716758,0.019716758,0.019716758,0.019716758,0.019716758,0.019716758,0.019716758,0.019716758,0.019716758,0.019716758,0.019716758,0.019716758,0.019716758,0.019716758
0.019716758,0.019716758,0.019716758,0.019716758,0.019716758,0.019716758,0.019716758,0.019716758,0.019716758,0.019716758,0.019716758,0.019716758,0.019716758,0.019716758,0.019716758,0.019716758,0.019716758,0.019716758,0.019716758,0.019716758,0.019716758,0.019716758,0.019716758,0.019716758,0.019716758,0.019716758,0.019716758,0.019716758,0.019716758,0.019716758,0.019716758,0.019716758,0.019716758,0.019716758,0.019716758,0.019716758,0.019716758,0.053595703,0.019716758,0.019716758,0.019716758,0.019716758,0.019716758,0.019716758,0.019716758,0.019716758,0.019716758,0.019716758,0.019716758
0.019716758,0.019716758,0.019716758,0.019716758,0.019716758,0.019716758,0.019716758,0.019716758,0.019716758,0.019716758,0.019716758,0.019716758,0.019716758,0.019716758,0.019716758,0.019716758,0.019716758,0.019716758,0.019716758,0.019716758,0.019716758,0.019716758,0.019716758,0.019716758,0.019716758,0.053595703,0.019716758,0.019716758,0.019716758,0.019716758,0.019716758,0.019716758,0.019716758,0.019716758,0.019716758,0.019716758,0.019716758,0.019716758,0.019716758,0.019716758,0.019716758,0.019716758,0.019716758,0.019716758,0.019716758,0.019716758,0.019716758,0.019716758,0.019716758
0.019716758,0.019716758,0.019716758,0.019716758,0.019716758,0.019716758,0.019716758,0.019716758,0.019716758,0.019716758,0.019716758,0.019716758,0.019716758,0.019716758,0.019716758,0.019716758,0.019716758,0.019716758,0.019716758,0.019716758,0.019716758,0.019716758,0.019716758,0.019716758,0.019716758,0.019716758,0.019716758,0.019716758,0.019716758,0.019716758,0.019716758,0.019716758,0.019716758,0.019716758,0.053595703,0.019716758,0.019716758,0.019716758,0.019716758,0.019716758,0.019716758,0.019716758,0.019716758,0.019716758,0.019716758,0.019716758,0.019716758,0.019716758,0.019716758
0.019716758,0.019716758,0.019716758,0.019716758,0.019716758,0.019716758,0.019716758,0.019716758,0.019716758,0.019716758,0.019716758,0.019716758,0.019716758,0.019716758,0.019716758,0.019716758,0.053595703,0.019716758,0.019716758,0.019716758,0.019716758,0.019716758,0.019716758,0.019716758,0.019716758,0.019716758,0.019716758,0.019716758,0.019716758,0.019716758,0.019716758,0.019716758,0.019716758,0.019716758,0.019716758,0.019716758,0.019716758,0.019716758,0.019716758,0.019716758,0.019716758,0.019716758,0.019716758,0.019716758,0.019716758,0.019716758,0.019716758,0.019716758,0.019716758
0.019716758,0.019716758,0.019716758,0.019716758,0.019716758,0.019716758,0.019716758,0.019716758,0.019716758,0.019716758,0.019716758,0.019716758,0.019716758,0.019716758,0.019716758,0.019716758,0.019716758,0.019716758,0.019716758,0.019716758,0.019716758,0.019716758,0.019716758,0.019716758,0.019716758,0.019716758,0.019716758,0.019716758,0.019716758,0.019716758,0.019716758,0.019716758,0.019716758,0.019716758,0.019716758,0.019716758,0.019716758,0.053595703,0.019716758,0.019716758,0.019716758,0.019716758,0.019716758,0.019716758,0.019716758,0.019716758,0.019716758,0.019716758,0.019716758
0.019716758,0.019716758,0.019716758,0.019716758,0.019716758,0.019716758,0.019716758,0.019716758,0.019716758,0.019716758,0.019716758,0.019716758,0.019716758,0.019716758,0.019716758,0.019716758,0.019716758,0.019716758,0.019716758,0.019716758,0.053595703,0.019716758,0.019716758,0.019716758,0.019716758,0.019716758,0.019716758,0.019716758,0.019716758,0.019716758,0.019716758,0.019716758,0.019716758,0.019716758,0.019716758,0.019716758,0.019716758,0.019716758,0.019716758,0.019716758,0.019716758,0.019716758,0.019716758,0.019716758,0.019716758,0.019716758,0.019716758,0.019716758,0.019716758
0.019716758,0.019716758,0.019716758,0.053595703,0.019716758,0.019716758,0.019716758,0.019716758,0.019716758,0.019716758,0.019716758,0.019716758,0.019716758,0.019716758,0.019716758,0.019716758,0.019716758,0.019716758,0.019716758,0.019716758,0.019716758,0.019716758,0.019716758,0.019716758,0.019716758,0.019716758,0.019716758,0.019716758,0.019716758,0.019716758,0.019716758,0.019716758,0.019716758,0.019716758,0.019716758,0.019716758,0.019716758,0.019716758,0.019716758,0.019716758,0.019716758,0.019716758,0.019716758,0.019716758,0.019716758,0.019716758,0.019716758,0.019716758,0.019716758
0.019716758,0.053595703,0.019716758,0.019716758,0.019716758,0.019716758,0.019716758,0.019716758,0.019716758,0.019716758,0.019716758,0.019716758,0.019716758,0.019716758,0.019716758,0.019716758,0.019716758,0.019716758,0.019716758,0.019716758,0.019716758,0.019716758,0.019716758,0.019716758,0.019716758,0.019716758,0.019716758,0.019716758,0.019716758,0.019716758,0.019716758,0.019716758,0.019716758,0.019716758,0.019716758,0.019716758,0.019716758,0.019716758,0.019716758,0.019716758,0.019716758,0.019716758,0.019716758,0.019716758,0.019716758,0.019716758,0.019716758,0.019716758,0.019716758
0.019716758,0.019716758,0.019716758,0.019716758,0.019716758,0.019716758,0.019716758,0.019716758,0.019716758,0.019716758,0.019716758,0.019716758,0.019716758,0.019716758,0.019716758,0.019716758,0.019716758,0.019716758,0.019716758,0.019716758,0.019716758,0.019716758,0.019716758,0.019716758,0.019716758,0.019716758,0.019716758,0.019716758,0.019716758,0.019716758,0.019716758,0.019716758,0.019716758,0.019716758,0.019716758,0.019716758,0.019716758,0.019716758,0.019716758,0.019716758,0.019716758,0.019716758,0.019716758,0.019716758,0.019716758,0.053595703,0.019716758,0.019716758,0.019716758
0.019716758,0.019716758,0.053595703,0.019716758,0.019716758,0.019716758,0.019716758,0.019716758,0.019716758,0.019716758,0.019716758,0.019716758,0.019716758,0.019716758,0.019716758,0.019716758,0.019716758,0.019716758,0.019716758,0.019716758,0.019716758,0.019716758,0.019716758,0.019716758,0.019716758,0.019716758,0.019716758,0.019716758,0.019716758,0.019716758,0.019716758,0.019716758,0.019716758,0.019716758,0.019716758,0.019716758,0.019716758,0.019716758,0.019716758,0.019716758,0.019716758,0.019716758,0.019716758,0.019716758,0.019716758,0.019716758,0.019716758,0.019716758,0.019716758
0.019716758,0.019716758,0.019716758,0.019716758,0.019716758,0.019716758,0.019716758,0.019716758,0.019716758,0.019716758,0.019716758,0.019716758,0.019716758,0.019716758,0.019716758,0.019716758,0.019716758,0.019716758,0.019716758,0.019716758,0.019716758,0.019716758,0.019716758,0.019716758,0.019716758,0.019716758,0.019716758,0.019716758,0.019716758,0.019716758,0.019716758,0.019716758,0.019716758,0.019716758,0.019716758,0.019716758,0.019716758,0.019716758,0.053595703,0.019716758,0.019716758,0.019716758,0.019716758,0.019716758,0.019716758,0.019716758,0.019716758,0.019716758,0.019716758
0.019716758,0.019716758,0.019716758,0.019716758,0.053595703,0.019716758,0.019716758,0.019716758,0.019716758,0.019716758,0.019716758,0.019716758,0.019716758,0.019716758,0.019716758,0.019716758,0.019716758,0.019716758,0.019716758,0.019716758,0.019716758,0.019716758,0.019716758,0.019716758,0.019716758,0.019716758,0.019716758,0.019716758,0.019716758,0.019716758,0.019716758,0.019716758,0.019716758,0.019716758,0.019716758,0.019716758,0.019716758,0.019716758,0.019716758,0.019716758,0.019716758,0.019716758,0.019716758,0.019716758,0.019716758,0.019716758,0.019716758,0.019716758,0.019716758
0.019716758,0.019716758,0.019716758,0.019716758,0.019716758,0.019716758,0.019716758,0.019716758,0.053595703,0.019716758,0.019716758,0.019716758,0.019716758,0.019716758,0.019716758,0.019716758,0.019716758,0.019716758,0.019716758,0.019716758,0.019716758,0.019716758,0.019716758,0.019716758,0.019716758,0.019716758,0.019716758,0.019716758,0.019716758,0.019716758,0.019716758,0.019716758,0.019716758,0.019716758,0.019716758,0.019716758,0.019716758,0.019716758,0.019716758,0.019716758,0.019716758,0.019716758,0.019716758,0.019716758,0.019716758,0.019716758,0.019716758,0.019716758,0.019716758
0.019716758,0.019716758,0.019716758,0.019716758,0.053595703,0.019716758,0.019716758,0.019716758,0.019716758,0.019716758,0.019716758,0.019716758,0.019716758,0.019716758,0.019716758,0.019716758,0.019716758,0.019716758,0.019716758,0.019716758,0.019716758,0.019716758,0.019716758,0.019716758,0.019716758,0.019716758,0.019716758,0.019716758,0.019716758,0.019716758,0.019716758,0.019716758,0.019716758,0.019716758,0.019716758,0.019716758,0.019716758,0.019716758,0.019716758,0.019716758,0.019716758,0.019716758,0.019716758,0.019716758,0.019716758,0.019716758,0.019716758,0.019716758,0.019716758
0.019716758,0.019716758,0.019716758,0.019716758,0.019716758,0.019716758,0.019716758,0.019716758,0.019716758,0.019716758,0.019716758,0.019716758,0.019716758,0.019716758,0.019716758,0.019716758,0.019716758,0.019716758,0.019716758,0.019716758,0.019716758,0.019716758,0.019716758,0.019716758,0.019716758,0.019716758,0.019716758,0.019716758,0.019716758,0.019716758,0.019716758,0.019716758,0.019716758,0.019716758,0.019716758,0.019716758,0.019716758,0.019716758,0.019716758,0.019716758,0.053595703,0.019716758,0.019716758,0.019716758,0.019716758,0.019716758,0.019716758,0.019716758,0.019716758
0.053595703,0.019716758,0.019716758,0.019716758,0.019716758,0.019716758,0.019716758,0.019716758,0.019716758,0.019716758,0.019716758,0.019716758,0.019716758,0.019716758,0.019716758,0.019716758,0.019716758,0.019716758,0.019716758,0.019716758,0.019716758,0.019716758,0.019716758,0.019716758,0.019716758,0.019716758,0.019716758,0.019716758,0.019716758,0.019716758,0.019716758,0.019716758,0.019716758,0.019716758,0.019716758,0.019716758,0.019716758,0.019716758,0.019716758,0.019716758,0.019716758,0.019716758,0.019716758,0.019716758,0.019716758,0.019716758,0.019716758,0.019716758,0.019716758
0.019716758,0.019716758,0.019716758,0.019716758,0.019716758,0.019716758,0.019716758,0.019716758,0.019716758,0.019716758,0.019716758,0.019716758,0.053595703,0.019716758,0.019716758,0.019716758,0.019716758,0.019716758,0.019716758,0.019716758,0.019716758,0.019716758,0.019716758,0.019716758,0.019716758,0.019716758,0.019716758,0.019716758,0.019716758,0.019716758,0.019716758,0.019716758,0.019716758,0.019716758,0.019716758,0.019716758,0.019716758,0.019716758,0.019716758,0.019716758,0.019716758,0.019716758,0.019716758,0.019716758,0.019716758,0.019716758,0.019716758,0.019716758,0.019716758
0.019716758,0.019716758,0.019716758,0.019716758,0.019716758,0.019716758,0.019716758,0.019716758,0.019716758,0.053595703,0.019716758,0.019716758,0.019716758,0.019716758,0.019716758,0.019716758,0.019716758,0.019716758,0.019716758,0.019716758,0.019716758,0.019716758,0.019716758,0.019716758,0.019716758,0.019716758,0.019716758,0.019716758,0.019716758,0.019716758,0.019716758,0.019716758,0.019716758,0.019716758,0.019716758,0.019716758,0.019716758,0.019716758,0.019716758,0.019716758,0.019716758,0.019716758,0.019716758,0.019716758,0.019716758,0.019716758,0.019716758,0.019716758,0.019716758
0.019716758,0.019716758,0.019716758,0.019716758,0.019716758,0.019716758,0.019716758,0.019716758,0.019716758,0.019716758,0.019716758,0.019716758,0.019716758,0.019716758,0.019716758,0.019716758,0.019716758,0.019716758,0.019716758,0.019716758,0.019716758,0.019716758,0.019716758,0.019716758,0.019716758,0.019716758,0.019716758,0.019716758,0.053595703,0.019716758,0.019716758,0.019716758,0.019716758,0.019716758,0.019716758,0.019716758,0.019716758,0.019716758,0.019716758,0.019716758,0.019716758,0.019716758,0.019716758,0.019716758,0.019716758,0.019716758,0.019716758,0.019716758,0.019716758
0.019716758,0.019716758,0.019716758,0.019716758,0.019716758,0.019716758,0.019716758,0.019716758,0.019716758,0.053595703,0.019716758,0.019716758,0.019716758,0.019716758,0.019716758,0.019716758,0.019716758,0.019716758,0.019716758,0.019716758,0.019716758,0.019716758,0.019716758,0.019716758,0.019716758,0.019716758,0.019716758,0.019716758,0.019716758,0.019716758,0.019716758,0.019716758,0.019716758,0.019716758,0.019716758,0.019716758,0.019716758,0.019716758,0.019716758,0.019716758,0.019716758,0.019716758,0.019716758,0.019716758,0.019716758,0.019716758,0.019716758,0.019716758,0.019716758
0.019716758,0.019716758,0.019716758,0.019716758,0.019716758,0.019716758,0.019716758,0.019716758,0.019716758,0.019716758,0.019716758,0.053595703,0.019716758,0.019716758,0.019716758,0.019716758,0.019716758,0.019716758,0.019716758,0.019716758,0.019716758,0.019716758,0.019716758,0.019716758,0.019716758,0.019716758,0.019716758,0.019716758,0.019716758,0.019716758,0.019716758,0.019716758,0.019716758,0.019716758,0.019716758,0.019716758,0.019716758,0.019716758,0.019716758,0.019716758,0.019716758,0.019716758,0.019716758,0.019716758,0.019716758,0.019716758,0.019716758,0.019716758,0.019716758
0.019716758,0.019716758,0.019716758,0.019716758,0.019716758,0.019716758,0.019716758,0.019716758,0.019716758,0.019716758,0.019716758,0.019716758,0.019716758,0.019716758,0.019716758,0.019716758,0.019716758,0.019716758,0.019716758,0.019716758,0.019716758,0.019716758,0.019716758,0.019716758,0.019716758,0.019716758,0.019716758,0.019716758,0.019716758,0.019716758,0.019716758,0.053595707,0.019716758,0.019716758,0.019716758,0.019716758,0.019716758,0.019716758,0.019716758,0.019716758,0.019716758,0.019716758,0.019716758,0.019716758,0.019716758,0.019716758,0.019716758,0.019716758,0.019716758
0.019716758,0.019716758,0.019716758,0.019716758,0.019716758,0.019716758,0.019716758,0.019716758,0.053595703,0.019716758,0.019716758,0.019716758,0.019716758,0.019716758,0.019716758,0.019716758,0.019716758,0.019716758,0.019716758,0.019716758,0.019716758,0.019716758,0.019716758,0.019716758,0.019716758,0.019716758,0.019716758,0.019716758,0.019716758,0.019716758,0.019716758,0.019716758,0.019716758,0.019716758,0.019716758,0.019716758,0.019716758,0.019716758,0.019716758,0.019716758,0.019716758,0.019716758,0.019716758,0.019716758,0.019716758,0.019716758,0.019716758,0.019716758,0.019716758
0.019716758,0.019716758,0.019716758,0.019716758,0.019716758,0.019716758,0.019716758,0.019716758,0.019716758,0.019716758,0.019716758,0.019716758,0.019716758,0.019716758,0.019716758,0.019716758,0.019716758,0.019716758,0.019716758,0.019716758,0.019716758,0.019716758,0.019716758,0.019716758,0.019716758,0.019716758,0.019716758,0.019716758,0.019716758,0.019716758,0.019716758,0.019716758,0.019716758,0.019716758,0.019716758,0.019716758,0.019716758,0.019716758,0.019716758,0.019716758,0.053595703,0.019716758,0.019716758,0.019716758,0.019716758,0.019716758,0.019716758,0.019716758,0.019716758
0.019716758,0.019716758,0.019716758,0.019716758,0.019716758,0.019716758,0.019716758,0.019716758,0.019716758,0.019716758,0.019716758,0.019716758,0.019716758,0.019716758,0.019716758,0.019716758,0.019716758,0.019716758,0.019716758,0.019716758,0.019716758,0.019716758,0.053595703,0.019716758,0.019716758,0.019716758,0.019716758,0.019716758,0.019716758,0.019716758,0.019716758,0.019716758,0.019716758,0.019716758,0.019716758,0.019716758,0.019716758,0.019716758,0.019716758,0.019716758,0.019716758,0.019716758,0.019716758,0.019716758,0.019716758,0.019716758,0.019716758,0.019716758,0.019716758
0.019716758,0.019716758,0.019716758,0.019716758,0.019716758,0.019716758,0.019716758,0.019716758,0.019716758,0.019716758,0.019716758,0.019716758,0.019716758,0.019716758,0.019716758,0.019716758,0.019716758,0.019716758,0.019716758,0.019716758,0.019716758,0.019716758,0.019716758,0.019716758,0.019716758,0.019716758,0.053595703,0.019716758,0.019716758,0.019716758,0.019716758,0.019716758,0.019716758,0.019716758,0.019716758,0.019716758,0.019716758,0.019716758,0.019716758,0.019716758,0.019716758,0.019716758,0.019716758,0.019716758,0.019716758,0.019716758,0.019716758,0.019716758,0.019716758
0.019716758,0.019716758,0.019716758,0.019716758,0.019716758,0.019716758,0.019716758,0.019716758,0.019716758,0.019716758,0.019716758,0.019716758,0.019716758,0.019716758,0.019716758,0.019716758,0.019716758,0.019716758,0.019716758,0.019716758,0.019716758,0.053595703,0.019716758,0.019716758,0.019716758,0.019716758,0.019716758,0.019716758,0.019716758,0.019716758,0.019716758,0.019716758,0.019716758,0.019716758,0.019716758,0.019716758,0.019716758,0.019716758,0.019716758,0.019716758,0.019716758,0.019716758,0.019716758,0.019716758,0.019716758,0.019716758,0.019716758,0.019716758,0.019716758
0.019716758,0.019716758,0.019716758,0.019716758,0.053595703,0.019716758,0.019716758,0.019716758,0.019716758,0.019716758,0.019716758,0.019716758,0.019716758,0.019716758,0.019716758,0.019716758,0.019716758,0.019716758,0.019716758,0.019716758,0.019716758,0.019716758,0.019716758,0.019716758,0.019716758,0.019716758,0.019716758,0.019716758,0.019716758,0.019716758,0.019716758,0.019716758,0.019716758,0.019716758,0.019716758,0.019716758,0.019716758,0.019716758,0.019716758,0.019716758,0.019716758,0.019716758,0.019716758,0.019716758,0.019716758,0.019716758,0.019716758,0.019716758,0.019716758
0.019716758,0.019716758,0.019716758,0.019716758,0.019716758,0.019716758,0.019716758,0.019716758,0.019716758,0.019716758,0.019716758,0.019716758,0.019716758,0.019716758,0.019716758,0.019716758,0.019716758,0.019716758,0.019716758,0.019716758,0.019716758,0.019716758,0.053595703,0.019716758,0.019716758,0.019716758,0.019716758,0.019716758,0.019716758,0.019716758,0.019716758,0.019716758,0.019716758,0.019716758,0.019716758,0.019716758,0.019716758,0.019716758,0.019716758,0.019716758,0.019716758,0.019716758,0.019716758,0.019716758,0.019716758,0.019716758,0.019716758,0.019716758,0.019716758
0.019716758,0.019716758,0.019716758,0.019716758,0.019716758,0.019716758,0.019716758,0.019716758,0.019716758,0.019716758,0.019716758,0.019716758,0.019716758,0.019716758,0.019716758,0.019716758,0.019716758,0.019716758,0.019716758,0.019716758,0.019716758,0.019716758,0.019716758,0.019716758,0.019716758,0.019716758,0.019716758,0.019716758,0.019716758,0.019716758,0.019716758,0.019716758,0.019716758,0.019716758,0.019716758,0.019716758,0.019716758,0.019716758,0.019716758,0.019716758,0.019716758,0.019716758,0.019716758,0.019716758,0.019716758,0.019716758,0.019716758,0.053595707,0.019716758
0.019716758,0.019716758,0.019716758,0.019716758,0.019716758,0.019716758,0.019716758,0.019716758,0.019716758,0.019716758,0.019716758,0.019716758,0.019716758,0.019716758,0.019716758,0.019716758,0.053595703,0.019716758,0.019716758,0.019716758,0.019716758,0.019716758,0.019716758,0.019716758,0.019716758,0.019716758,0.019716758,0.019716758,0.019716758,0.019716758,0.019716758,0.019716758,0.019716758,0.019716758,0.019716758,0.019716758,0.019716758,0.019716758,0.019716758,0.019716758,0.019716758,0.019716758,0.019716758,0.019716758,0.019716758,0.019716758,0.019716758,0.019716758,0.019716758
0.019716758,0.053595703,0.019716758,0.019716758,0.019716758,0.019716758,0.019716758,0.019716758,0.019716758,0.019716758,0.019716758,0.019716758,0.019716758,0.019716758,0.019716758,0.019716758,0.019716758,0.019716758,0.019716758,0.019716758,0.019716758,0.019716758,0.019716758,0.019716758,0.019716758,0.019716758,0.019716758,0.019716758,0.019716758,0.019716758,0.019716758,0.019716758,0.019716758,0.019716758,0.019716758,0.019716758,0.019716758,0.019716758,0.019716758,0.019716758,0.019716758,0.019716758,0.019716758,0.019716758,0.019716758,0.019716758,0.019716758,0.019716758,0.019716758
0.019716758,0.019716758,0.019716758,0.019716758,0.019716758,0.019716758,0.019716758,0.019716758,0.019716758,0.019716758,0.019716758,0.019716758,0.019716758,0.019716758,0.019716758,0.019716758,0.019716758,0.019716758,0.019716758,0.019716758,0.019716758,0.019716758,0.019716758,0.019716758,0.019716758,0.019716758,0.019716758,0.019716758,0.019716758,0.019716758,0.019716758,0.019716758,0.019716758,0.019716758,0.019716758,0.019716758,0.019716758,0.019716758,0.019716758,0.053595707,0.019716758,0.019716758,0.019716758,0.019716758,0.019716758,0.019716758,0.019716758,0.019716758,0.019716758
0.019716758,0.019716758,0.019716758,0.019716758,0.019716758,0.019716758,0.019716758,0.019716758,0.019716758,0.019716758,0.019716758,0.019716758,0.019716758,0.019716758,0.019716758,0.019716758,0.019716758,0.019716758,0.019716758,0.019716758,0.019716758,0.019716758,0.019716758,0.019716758,0.019716758,0.019716758,0.019716758,0.053595703,0.019716758,0.019716758,0.019716758,0.019716758,0.019716758,0.019716758,0.019716758,0.019716758,0.019716758,0.019716758,0.019716758,0.019716758,0.019716758,0.019716758,0.019716758,0.019716758,0.019716758,0.019716758,0.019716758,0.019716758,0.019716758
0.019716758,0.019716758,0.019716758,0.019716758,0.019716758,0.019716758,0.019716758,0.019716758,0.019716758,0.019716758,0.019716758,0.053595703,0.019716758,0.019716758,0.019716758,0.019716758,0.019716758,0.019716758,0.019716758,0.019716758,0.019716758,0.019716758,0.019716758,0.019716758,0.019716758,0.019716758,0.019716758,0.019716758,0.019716758,0.019716758,0.019716758,0.019716758,0.019716758,0.019716758,0.019716758,0.019716758,0.019716758,0.019716758,0.019716758,0.019716758,0.019716758,0.019716758,0.019716758,0.019716758,0.019716758,0.019716758,0.019716758,0.019716758,0.019716758
0.019716758,0.019716758,0.019716758,0.019716758,0.019716758,0.019716758,0.019716758,0.019716758,0.019716758,0.019716758,0.019716758,0.019716758,0.019716758,0.019716758,0.019716758,0.019716758,0.019716758,0.053595703,0.019716758,0.019716758,0.019716758,0.019716758,0.019716758,0.019716758,0.019716758,0.019716758,0.019716758,0.019716758,0.019716758,0.019716758,0.019716758,0.019716758,0.019716758,0.019716758,0.019716758,0.019716758,0.019716758,0.019716758,0.019716758,0.019716758,0.019716758,0.019716758,0.019716758,0.019716758,0.019716758,0.019716758,0.019716758,0.019716758,0.019716758
0.019716758,0.019716758,0.019716758,0.019716758,0.019716758,0.019716758,0.019716758,0.019716758,0.019716758,0.019716758,0.019716758,0.019716758,0.019716758,0.019716758,0.019716758,0.019716758,0.019716758,0.019716758,0.019716758,0.019716758,0.019716758,0.019716758,0.019716758,0.019716758,0.019716758,0.019716758,0.019716758,0.019716758,0.053595703,0.019716758,0.019716758,0.019716758,0.019716758,0.019716758,0.019716758,0.019716758,0.019716758,0.019716758,0.019716758,0.019716758,0.019716758,0.019716758,0.019716758,0.019716758,0.019716758,0.019716758,0.019716758,0.019716758,0.019716758
0.019716758,0.019716758,0.019716758,0.019716758,0.019716758,0.019716758,0.019716758,0.019716758,0.019716758,0.019716758,0.019716758,0.019716758,0.019716758,0.019716758,0.019716758,0.019716758,0.019716758,0.019716758,0.019716758,0.019716758,0.019716758,0.019716758,0.019716758,0.019716758,0.019716758,0.019716758,0.019716758,0.019716758,0.019716758,0.053595703,0.019716758,0.019716758,0.019716758,0.019716758,0.019716758,0.019716758,0.019716758,0.019716758,0.019716758,0.019716758,0.019716758,0.019716758,0.019716758,0.019716758,0.019716758,0.019716758,0.019716758,0.019716758,0.019716758
0.019716758,0.019716758,0.019716758,0.019716758,0.053595703,0.019716758,0.019716758,0.019716758,0.019716758,0.019716758,0.019716758,0.019716758,0.019716758,0.019716758,0.019716758,0.019716758,0.019716758,0.019716758,0.019716758,0.019716758,0.019716758,0.019716758,0.019716758,0.019716758,0.019716758,0.019716758,0.019716758,0.019716758,0.019716758,0.019716758,0.019716758,0.019716758,0.019716758,0.019716758,0.019716758,0.019716758,0.019716758,0.019716758,0.019716758,0.019716758,0.019716758,0.019716758,0.019716758,0.019716758,0.019716758,0.019716758,0.019716758,0.019716758,0.019716758
0.019716758,0.019716758,0.019716758,0.019716758,0.019716758,0.019716758,0.019716758,0.019716758,0.019716758,0.019716758,0.019716758,0.019716758,0.019716758,0.019716758,0.019716758,0.019716758,0.019716758,0.019716758,0.019716758,0.019716758,0.019716758,0.019716758,0.019716758,0.019716758,0.019716758,0.019716758,0.019716758,0.019716758,0.019716758,0.019716758,0.019716758,0.019716758,0.019716758,0.019716758,0.019716758,0.019716758,0.019716758,0.019716758,0.019716758,0.019716758,0.053595703,0.019716758,0.019716758,0.019716758,0.019716758,0.019716758,0.019716758,0.019716758,0.019716758
0.019716758,0.019716758,0.019716758,0.019716758,0.019716758,0.019716758,0.019716758,0.019716758,0.019716758,0.053595703,0.019716758,0.019716758,0.019716758,0.019716758,0.019716758,0.019716758,0.019716758,0.019716758,0.019716758,0.019716758,0.019716758,0.019716758,0.019716758,0.019716758,0.019716758,0.019716758,0.019716758,0.019716758,0.019716758,0.019716758,0.019716758,0.019716758,0.019716758,0.019716758,0.019716758,0.019716758,0.019716758,0.019716758,0.019716758,0.019716758,0.019716758,0.019716758,0.019716758,0.019716758,0.019716758,0.019716758,0.019716758,0.019716758,0.019716758
0.019716758,0.019716758,0.019716758,0.019716758,0.019716758,0.019716758,0.019716758,0.019716758,0.019716758,0.019716758,0.019716758,0.019716758,0.019716758,0.019716758,0.019716758,0.019716758,0.019716758,0.019716758,0.019716758,0.019716758,0.019716758,0.053595703,0.019716758,0.019716758,0.019716758,0.019716758,0.019716758,0.019716758,0.019716758,0.019716758,0.019716758,0.019716758,0.019716758,0.019716758,0.019716758,0.019716758,0.019716758,0.019716758,0.019716758,0.019716758,0.019716758,0.019716758,0.019716758,0.019716758,0.019716758,0.019716758,0.019716758,0.019716758,0.019716758
0.019716758,0.019716758,0.019716758,0.019716758,0.019716758,0.019716758,0.019716758,0.019716758,0.019716758,0.019716758,0.019716758,0.019716758,0.019716758,0.019716758,0.019716758,0.019716758,0.019716758,0.019716758,0.019716758,0.019716758,0.019716758,0.019716758,0.019716758,0.019716758,0.019716758,0.019716758,0.019716758,0.019716758,0.019716758,0.019716758,0.053595703,0.019716758,0.019716758,0.019716758,0.019716758,0.019716758,0.019716758,0.019716758,0.019716758,0.019716758,0.019716758,0.019716758,0.019716758,0.019716758,0.019716758,0.019716758,0.019716758,0.019716758,0.019716758
0.019716758,0.019716758,0.019716758,0.019716758,0.019716758,0.019716758,0.019716758,0.019716758,0.019716758,0.019716758,0.019716758,0.019716758,0.019716758,0.019716758,0.019716758,0.019716758,0.019716758,0.019716758,0.019716758,0.053595703,0.019716758,0.019716758,0.019716758,0.019716758,0.019716758,0.019716758,0.019716758,0.019716758,0.019716758,0.019716758,0.019716758,0.019716758,0.019716758,0.019716758,0.019716758,0.019716758,0.019716758,0.019716758,0.019716758,0.019716758,0.019716758,0.019716758,0.019716758,0.019716758,0.019716758,0.019716758,0.019716758,0.019716758,0.019716758
0.019716758,0.019716758,0.019716758,0.019716758,0.019716758,0.019716758,0.019716758,0.019716758,0.053595703,0.019716758,0.019716758,0.019716758,0.019716758,0.019716758,0.019716758,0.019716758,0.019716758,0.019716758,0.019716758,0.019716758,0.019716758,0.019716758,0.019716758,0.019716758,0.019716758,0.019716758,0.019716758,0.019716758,0.019716758,0.019716758,0.019716758,0.019716758,0.019716758,0.019716758,0.019716758,0.019716758,0.019716758,0.019716758,0.019716758,0.019716758,0.019716758,0.019716758,0.019716758,0.019716758,0.019716758,0.019716758,0.019716758,0.019716758,0.019716758
0.019716758,0.019716758,0.019716758,0.019716758,0.019716758,0.019716758,0.019716758,0.019716758,0.019716758,0.019716758,0.019716758,0.019716758,0.019716758,0.019716758,0.019716758,0.019716758,0.019716758,0.019716758,0.019716758,0.019716758,0.019716758,0.019716758,0.019716758,0.019716758,0.019716758,0.019716758,0.019716758,0.019716758,0.019716758,0.019716758,0.019716758,0.019716758,0.019716758,0.019716758,0.019716758,0.019716758,0.019716758,0.019716758,0.019716758,0.019716758,0.019716758,0.019716758,0.019716758,0.019716758,0.019716758,0.053595703,0.019716758,0.019716758,0.019716758
0.019716758,0.019716758,0.019716758,0.019716758,0.019716758,0.019716758,0.019716758,0.019716758,0.019716758,0.019716758,0.019716758,0.019716758,0.019716758,0.019716758,0.019716758,0.019716758,0.019716758,0.019716758,0.019716758,0.019716758,0.019716758,0.019716758,0.019716758,0.019716758,0.019716758,0.019716758,0.019716758,0.019716758,0.019716758,0.053595703,0.019716758,0.019716758,0.019716758,0.019716758,0.019716758,0.019716758,0.019716758,0.019716758,0.019716758,0.019716758,0.019716758,0.019716758,0.019716758,0.019716758,0.019716758,0.019716758,0.019716758,0.019716758,0.019716758
0.019716758,0.019716758,0.019716758,0.019716758,0.019716758,0.019716758,0.019716758,0.019716758,0.019716758,0.019716758,0.019716758,0.019716758,0.019716758,0.019716758,0.019716758,0.019716758,0.019716758,0.019716758,0.019716758,0.019716758,0.019716758,0.019716758,0.019716758,0.019716758,0.019716758,0.019716758,0.019716758,0.019716758,0.019716758,0.019716758,0.019716758,0.053595707,0.019716758,0.019716758,0.019716758,0.019716758,0.019716758,0.019716758,0.019716758,0.019716758,0.019716758,0.019716758,0.019716758,0.019716758,0.019716758,0.019716758,0.019716758,0.019716758,0.019716758
0.019716758,0.019716758,0.019716758,0.019716758,0.019716758,0.019716758,0.019716758,0.019716758,0.019716758,0.019716758,0.019716758,0.019716758,0.019716758,0.019716758,0.019716758,0.019716758,0.019716758,0.019716758,0.019716758,0.019716758,0.019716758,0.019716758,0.019716758,0.019716758,0.019716758,0.019716758,0.019716758,0.019716758,0.019716758,0.019716758,0.019716758,0.019716758,0.019716758,0.019716758,0.019716758,0.019716758,0.019716758,0.019716758,0.019716758,0.019716758,0.019716758,0.019716758,0.053595703,0.019716758,0.019716758,0.019716758,0.019716758,0.019716758,0.019716758
0.019716758,0.019716758,0.019716758,0.019716758,0.019716758,0.019716758,0.019716758,0.019716758,0.019716758,0.019716758,0.019716758,0.019716758,0.019716758,0.019716758,0.019716758,0.019716758,0.019716758,0.019716758,0.019716758,0.019716758,0.019716758,0.019716758,0.019716758,0.019716758,0.019716758,0.019716758,0.019716758,0.019716758,0.019716758,0.019716758,0.019716758,0.019716758,0.019716758,0.019716758,0.019716758,0.019716758,0.019716758,0.019716758,0.019716758,0.019716758,0.053595703,0.019716758,0.019716758,0.019716758,0.019716758,0.019716758,0.019716758,0.019716758,0.019716758
0.053595703,0.019716758,0.019716758,0.019716758,0.019716758,0.019716758,0.019716758,0.019716758,0.019716758,0.019716758,0.019716758,0.019716758,0.019716758,0.019716758,0.019716758,0.019716758,0.019716758,0.019716758,0.019716758,0.019716758,0.019716758,0.019716758,0.019716758,0.019716758,0.019716758,0.019716758,0.019716758,0.019716758,0.019716758,0.019716758,0.019716758,0.019716758,0.019716758,0.019716758,0.019716758,0.019716758,0.019716758,0.019716758,0.019716758,0.019716758,0.019716758,0.019716758,0.019716758,0.019716758,0.019716758,0.019716758,0.019716758,0.019716758,0.019716758
0.019716758,0.019716758,0.019716758,0.019716758,0.019716758,0.019716758,0.019716758,0.019716758,0.019716758,0.019716758,0.019716758,0.019716758,0.019716758,0.019716758,0.019716758,0.019716758,0.019716758,0.019716758,0.019716758,0.019716758,0.019716758,0.019716758,0.019716758,0.019716758,0.019716758,0.019716758,0.019716758,0.019716758,0.019716758,0.019716758,0.019716758,0.019716758,0.019716758,0.019716758,0.019716758,0.053595703,0.019716758,0.019716758,0.019716758,0.019716758,0.019716758,0.019716758,0.019716758,0.019716758,0.019716758,0.019716758,0.019716758,0.019716758,0.019716758
0.019716758,0.019716758,0.019716758,0.019716758,0.019716758,0.019716758,0.019716758,0.019716758,0.019716758,0.019716758,0.019716758,0.019716758,0.019716758,0.019716758,0.019716758,0.019716758,0.019716758,0.019716758,0.019716758,0.019716758,0.019716758,0.019716758,0.019716758,0.019716758,0.019716758,0.019716758,0.019716758,0.053595703,0.019716758,0.019716758,0.019716758,0.019716758,0.019716758,0.019716758,0.019716758,0.019716758,0.019716758,0.019716758,0.019716758,0.019716758,0.019716758,0.019716758,0.019716758,0.019716758,0.019716758,0.019716758,0.019716758,0.019716758,0.019716758
0.019716758,0.053595703,0.019716758,0.019716758,0.019716758,0.019716758,0.019716758,0.019716758,0.019716758,0.019716758,0.019716758,0.019716758,0.019716758,0.019716758,0.019716758,0.019716758,0.019716758,0.019716758,0.019716758,0.019716758,0.019716758,0.019716758,0.019716758,0.019716758,0.019716758,0.019716758,0.019716758,0.019716758,0.019716758,0.019716758,0.019716758,0.019716758,0.019716758,0.019716758,0.019716758,0.019716758,0.019716758,0.019716758,0.019716758,0.019716758,0.019716758,0.019716758,0.019716758,0.019716758,0.019716758,0.019716758,0.019716758,0.019716758,0.019716758
0.019716758,0.019716758,0.053595703,0.019716758,0.019716758,0.019716758,0.019716758,0.019716758,0.019716758,0.019716758,0.019716758,0.019716758,0.019716758,0.019716758,0.019716758,0.019716758,0.019716758,0.019716758,0.019716758,0.019716758,0.019716758,0.019716758,0.019716758,0.019716758,0.019716758,0.019716758,0.019716758,0.019716758,0.019716758,0.019716758,0.019716758,0.019716758,0.019716758,0.019716758,0.019716758,0.019716758,0.019716758,0.019716758,0.019716758,0.019716758,0.019716758,0.019716758,0.019716758,0.019716758,0.019716758,0.019716758,0.019716758,0.019716758,0.019716758
0.019716758,0.019716758,0.019716758,0.019716758,0.019716758,0.019716758,0.019716758,0.019716758,0.019716758,0.019716758,0.019716758,0.019716758,0.019716758,0.019716758,0.019716758,0.019716758,0.019716758,0.019716758,0.019716758,0.019716758,0.019716758,0.019716758,0.019716758,0.019716758,0.019716758,0.019716758,0.019716758,0.019716758,0.019716758,0.019716758,0.019716758,0.019716758,0.019716758,0.019716758,0.019716758,0.019716758,0.053595703,0.019716758,0.019716758,0.019716758,0.019716758,0.019716758,0.019716758,0.019716758,0.019716758,0.019716758,0.019716758,0.019716758,0.019716758
0.019716758,0.019716758,0.019716758,0.019716758,0.019716758,0.019716758,0.019716758,0.019716758,0.019716758,0.019716758,0.019716758,0.019716758,0.019716758,0.019716758,0.019716758,0.019716758,0.019716758,0.019716758,0.019716758,0.019716758,0.019716758,0.019716758,0.019716758,0.019716758,0.019716758,0.019716758,0.019716758,0.053595703,0.019716758,0.019716758,0.019716758,0.019716758,0.019716758,0.019716758,0.019716758,0.019716758,0.019716758,0.019716758,0.019716758,0.019716758,0.019716758,0.019716758,0.019716758,0.019716758,0.019716758,0.019716758,0.019716758,0.019716758,0.019716758
0.019716758,0.019716758,0.019716758,0.019716758,0.019716758,0.019716758,0.019716758,0.019716758,0.019716758,0.019716758,0.019716758,0.019716758,0.019716758,0.019716758,0.019716758,0.019716758,0.019716758,0.019716758,0.019716758,0.019716758,0.019716758,0.019716758,0.019716758,0.019716758,0.019716758,0.019716758,0.019716758,0.019716758,0.019716758,0.019716758,0.019716758,0.019716758,0.019716758,0.019716758,0.019716758,0.019716758,0.019716758,0.053595703,0.019716758,0.019716758,0.019716758,0.019716758,0.019716758,0.019716758,0.019716758,0.019716758,0.019716758,0.019716758,0.019716758
0.019716758,0.019716758,0.019716758,0.019716758,0.019716758,0.019716758,0.019716758,0.019716758,0.019716758,0.019716758,0.019716758,0.019716758,0.019716758,0.019716758,0.053595703,0.019716758,0.019716758,0.019716758,0.019716758,0.019716758,0.019716758,0.019716758,0.019716758,0.019716758,0.019716758,0.019716758,0.019716758,0.019716758,0.019716758,0.019716758,0.019716758,0.019716758,0.019716758,0.019716758,0.019716758,0.019716758,0.019716758,0.019716758,0.019716758,0.019716758,0.019716758,0.019716758,0.019716758,0.019716758,0.019716758,0.019716758,0.019716758,0.019716758,0.019716758
0.019716758,0.019716758,0.019716758,0.019716758,0.053595703,0.019716758,0.019716758,0.019716758,0.019716758,0.019716758,0.019716758,0.019716758,0.019716758,0.019716758,0.019716758,0.019716758,0.019716758,0.019716758,0.019716758,0.019716758,0.019716758,0.019716758,0.019716758,0.019716758,0.019716758,0.019716758,0.019716758,0.019716758,0.019716758,0.019716758,0.019716758,0.019716758,0.019716758,0.019716758,0.019716758,0.019716758,0.019716758,0.019716758,0.019716758,0.019716758,0.019716758,0.019716758,0.019716758,0.019716758,0.019716758,0.019716758,0.019716758,0.019716758,0.019716758
0.019716758,0.019716758,0.019716758,0.019716758,0.019716758,0.019716758,0.019716758,0.019716758,0.019716758,0.019716758,0.019716758,0.019716758,0.019716758,0.019716758,0.019716758,0.053595707,0.019716758,0.019716758,0.019716758,0.019716758,0.019716758,0.019716758,0.019716758,0.019716758,0.019716758,0.019716758,0.019716758,0.019716758,0.019716758,0.019716758,0.019716758,0.019716758,0.019716758,0.019716758,0.019716758,0.019716758,0.019716758,0.019716758,0.019716758,0.019716758,0.019716758,0.019716758,0.019716758,0.019716758,0.019716758,0.019716758,0.019716758,0.019716758,0.019716758
0.019716758,0.019716758,0.019716758,0.019716758,0.019716758,0.019716758,0.019716758,0.019716758,0.019716758,0.019716758,0.019716758,0.019716758,0.019716758,0.019716758,0.019716758,0.019716758,0.019716758,0.019716758,0.019716758,0.019716758,0.019716758,0.053595703,0.019716758,0.019716758,0.019716758,0.019716758,0.019716758,0.019716758,0.019716758,0.019716758,0.019716758,0.019716758,0.019716758,0.019716758,0.019716758,0.019716758,0.019716758,0.019716758,0.019716758,0.019716758,0.019716758,0.019716758,0.019716758,0.019716758,0.019716758,0.019716758,0.019716758,0.019716758,0.019716758
0.019716758,0.019716758,0.019716758,0.019716758,0.019716758,0.019716758,0.019716758,0.019716758,0.019716758,0.019716758,0.019716758,0.019716758,0.019716758,0.019716758,0.019716758,0.019716758,0.019716758,0.019716758,0.019716758,0.019716758,0.053595703,0.019716758,0.019716758,0.019716758,0.019716758,0.019716758,0.019716758,0.019716758,0.019716758,0.019716758,0.019716758,0.019716758,0.019716758,0.019716758,0.019716758,0.019716758,0.019716758,0.019716758,0.019716758,0.019716758,0.019716758,0.019716758,0.019716758,0.019716758,0.019716758,0.019716758,0.019716758,0.019716758,0.019716758
0.019716758,0.019716758,0.053595703,0.019716758,0.019716758,0.019716758,0.019716758,0.019716758,0.019716758,0.019716758,0.019716758,0.019716758,0.019716758,0.019716758,0.019716758,0.019716758,0.019716758,0.019716758,0.019716758,0.019716758,0.019716758,0.019716758,0.019716758,0.019716758,0.019716758,0.019716758,0.019716758,0.019716758,0.019716758,0.019716758,0.019716758,0.019716758,0.019716758,0.019716758,0.019716758,0.019716758,0.019716758,0.019716758,0.019716758,0.019716758,0.019716758,0.019716758,0.019716758,0.019716758,0.019716758,0.019716758,0.019716758,0.019716758,0.019716758
0.019716758,0.019716758,0.019716758,0.019716758,0.019716758,0.019716758,0.019716758,0.053595707,0.019716758,0.019716758,0.019716758,0.019716758,0.019716758,0.019716758,0.019716758,0.019716758,0.019716758,0.019716758,0.019716758,0.019716758,0.019716758,0.019716758,0.019716758,0.019716758,0.019716758,0.019716758,0.019716758,0.019716758,0.019716758,0.019716758,0.019716758,0.019716758,0.019716758,0.019716758,0.019716758,0.019716758,0.019716758,0.019716758,0.019716758,0.019716758,0.019716758,0.019716758,0.019716758,0.019716758,0.019716758,0.019716758,0.019716758,0.019716758,0.019716758
0.019716758,0.019716758,0.019716758,0.019716758,0.019716758,0.053595703,0.019716758,0.019716758,0.019716758,0.019716758,0.019716758,0.019716758,0.019716758,0.019716758,0.019716758,0.019716758,0.019716758,0.019716758,0.019716758,0.019716758,0.019716758,0.019716758,0.019716758,0.019716758,0.019716758,0.019716758,0.019716758,0.019716758,0.019716758,0.019716758,0.019716758,0.019716758,0.019716758,0.019716758,0.019716758,0.019716758,0.019716758,0.019716758,0.019716758,0.019716758,0.019716758,0.019716758,0.019716758,0.019716758,0.019716758,0.019716758,0.019716758,0.019716758,0.019716758
0.019716758,0.019716758,0.019716758,0.019716758,0.019716758,0.019716758,0.019716758,0.019716758,0.019716758,0.019716758,0.019716758,0.019716758,0.019716758,0.019716758,0.019716758,0.019716758,0.019716758,0.019716758,0.019716758,0.019716758,0.019716758,0.053595703,0.019716758,0.019716758,0.019716758,0.019716758,0.019716758,0.019716758,0.019716758,0.019716758,0.019716758,0.019716758,0.019716758,0.019716758,0.019716758,0.019716758,0.019716758,0.019716758,0.019716758,0.019716758,0.019716758,0.019716758,0.019716758,0.019716758,0.019716758,0.019716758,0.019716758,0.019716758,0.019716758
0.019716758,0.019716758,0.019716758,0.019716758,0.019716758,0.019716758,0.019716758,0.019716758,0.019716758,0.019716758,0.019716758,0.019716758,0.019716758,0.019716758,0.019716758,0.019716758,0.019716758,0.019716758,0.019716758,0.019716758,0.019716758,0.019716758,0.019716758,0.019716758,0.019716758,0.019716758,0.019716758,0.019716758,0.019716758,0.019716758,0.019716758,0.019716758,0.019716758,0.019716758,0.053595703,0.019716758,0.019716758,0.019716758,0.019716758,0.019716758,0.019716758,0.019716758,0.019716758,0.019716758,0.019716758,0.019716758,0.019716758,0.019716758,0.019716758
0.019716758,0.019716758,0.019716758,0.019716758,0.019716758,0.019716758,0.019716758,0.019716758,0.019716758,0.019716758,0.019716758,0.019716758,0.019716758,0.019716758,0.019716758,0.019716758,0.019716758,0.019716758,0.019716758,0.053595703,0.019716758,0.019716758,0.019716758,0.019716758,0.019716758,0.019716758,0.019716758,0.019716758,0.019716758,0.019716758,0.019716758,0.019716758,0.019716758,0.019716758,0.019716758,0.019716758,0.019716758,0.019716758,0.019716758,0.019716758,0.019716758,0.019716758,0.019716758,0.019716758,0.019716758,0.019716758,0.019716758,0.019716758,0.019716758
0.019716758,0.019716758,0.019716758,0.019716758,0.019716758,0.019716758,0.019716758,0.019716758,0.019716758,0.019716758,0.053595703,0.019716758,0.019716758,0.019716758,0.019716758,0.019716758,0.019716758,0.019716758,0.019716758,0.019716758,0.019716758,0.019716758,0.019716758,0.019716758,0.019716758,0.019716758,0.019716758,0.019716758,0.019716758,0.019716758,0.019716758,0.019716758,0.019716758,0.019716758,0.019716758,0.019716758,0.019716758,0.019716758,0.019716758,0.019716758,0.019716758,0.019716758,0.019716758,0.019716758,0.019716758,0.019716758,0.019716758,0.019716758,0.019716758
0.019716758,0.019716758,0.019716758,0.019716758,0.019716758,0.019716758,0.019716758,0.019716758,0.019716758,0.019716758,0.019716758,0.019716758,0.019716758,0.019716758,0.019716758,0.019716758,0.019716758,0.019716758,0.019716758,0.019716758,0.019716758,0.019716758,0.019716758,0.053595707,0.019716758,0.019716758,0.019716758,0.019716758,0.019716758,0.019716758,0.019716758,0.019716758,0.019716758,0.019716758,0.019716758,0.019716758,0.019716758,0.019716758,0.019716758,0.019716758,0.019716758,0.019716758,0.019716758,0.019716758,0.019716758,0.019716758,0.019716758,0.019716758,0.019716758
0.019716758,0.019716758,0.019716758,0.019716758,0.019716758,0.019716758,0.019716758,0.019716758,0.019716758,0.019716758,0.019716758,0.019716758,0.019716758,0.019716758,0.019716758,0.019716758,0.019716758,0.019716758,0.019716758,0.019716758,0.019716758,0.019716758,0.019716758,0.019716758,0.019716758,0.053595703,0.019716758,0.019716758,0.019716758,0.019716758,0.019716758,0.019716758,0.019716758,0.019716758,0.019716758,0.019716758,0.019716758,0.019716758,0.019716758,0.019716758,0.019716758,0.019716758,0.019716758,0.019716758,0.019716758,0.019716758,0.019716758,0.019716758,0.019716758
0.019716758,0.019716758,0.019716758,0.019716758,0.019716758,0.053595703,0.019716758,0.019716758,0.019716758,0.019716758,0.019716758,0.019716758,0.019716758,0.019716758,0.019716758,0.019716758,0.019716758,0.019716758,0.019716758,0.019716758,0.019716758,0.019716758,0.019716758,0.019716758,0.019716758,0.019716758,0.019716758,0.019716758,0.019716758,0.019716758,0.019716758,0.019716758,0.019716758,0.019716758,0.019716758,0.019716758,0.019716758,0.019716758,0.019716758,0.019716758,0.019716758,0.019716758,0.019716758,0.019716758,0.019716758,0.019716758,0.019716758,0.019716758,0.019716758
0.019716758,0.019716758,0.019716758,0.019716758,0.019716758,0.019716758,0.019716758,0.019716758,0.019716758,0.019716758,0.019716758,0.019716758,0.019716758,0.019716758,0.019716758,0.019716758,0.019716758,0.019716758,0.019716758,0.019716758,0.019716758,0.019716758,0.019716758,0.019716758,0.019716758,0.019716758,0.019716758,0.019716758,0.019716758,0.019716758,0.019716758,0.019716758,0.019716758,0.053595703,0.019716758,0.019716758,0.019716758,0.019716758,0.019716758,0.019716758,0.019716758,0.019716758,0.019716758,0.019716758,0.019716758,0.019716758,0.019716758,0.019716758,0.019716758
0.019716758,0.019716758,0.019716758,0.019716758,0.019716758,0.019716758,0.019716758,0.019716758,0.019716758,0.019716758,0.053595703,0.019716758,0.019716758,0.019716758,0.019716758,0.019716758,0.019716758,0.019716758,0.019716758,0.019716758,0.019716758,0.019716758,0.019716758,0.019716758,0.019716758,0.019716758,0.019716758,0.019716758,0.019716758,0.019716758,0.019716758,0.019716758,0.019716758,0.019716758,0.019716758,0.019716758,0.019716758,0.019716758,0.019716758,0.019716758,0.019716758,0.019716758,0.019716758,0.019716758,0.019716758,0.019716758,0.019716758,0.019716758,0.019716758
0.019716758,0.019716758,0.019716758,0.019716758,0.019716758,0.019716758,0.019716758,0.019716758,0.019716758,0.019716758,0.019716758,0.019716758,0.019716758,0.019716758,0.019716758,0.019716758,0.019716758,0.019716758,0.019716758,0.019716758,0.053595703,0.019716758,0.019716758,0.019716758,0.019716758,0.019716758,0.019716758,0.019716758,0.019716758,0.019716758,0.019716758,0.019716758,0.019716758,0.019716758,0.019716758,0.019716758,0.019716758,0.019716758,0.019716758,0.019716758,0.019716758,0.019716758,0.019716758,0.019716758,0.019716758,0.019716758,0.019716758,0.019716758,0.019716758
0.019716758,0.019716758,0.019716758,0.019716758,0.019716758,0.019716758,0.019716758,0.019716758,0.019716758,0.019716758,0.019716758,0.019716758,0.019716758,0.019716758,0.019716758,0.019716758,0.019716758,0.019716758,0.019716758,0.019716758,0.019716758,0.019716758,0.019716758,0.019716758,0.019716758,0.019716758,0.019716758,0.019716758,0.019716758,0.019716758,0.019716758,0.019716758,0.019716758,0.019716758,0.019716758,0.019716758,0.019716758,0.053595703,0.019716758,0.019716758,0.019716758,0.019716758,0.019716758,0.019716758,0.019716758,0.019716758,0.019716758,0.019716758,0.019716758
0.019716758,0.019716758,0.019716758,0.019716758,0.019716758,0.019716758,0.019716758,0.019716758,0.019716758,0.019716758,0.019716758,0.019716758,0.019716758,0.019716758,0.019716758,0.019716758,0.019716758,0.019716758,0.019716758,0.019716758,0.019716758,0.053595703,0.019716758,0.019716758,0.019716758,0.019716758,0.019716758,0.019716758,0.019716758,0.019716758,0.019716758,0.019716758,0.019716758,0.019716758,0.019716758,0.019716758,0.019716758,0.019716758,0.019716758,0.019716758,0.019716758,0.019716758,0.019716758,0.019716758,0.019716758,0.019716758,0.019716758,0.019716758,0.019716758
0.019716758,0.019716758,0.019716758,0.019716758,0.019716758,0.019716758,0.019716758,0.019716758,0.019716758,0.019716758,0.019716758,0.019716758,0.019716758,0.019716758,0.019716758,0.019716758,0.019716758,0.019716758,0.019716758,0.019716758,0.019716758,0.019716758,0.019716758,0.019716758,0.019716758,0.053595703,0.019716758,0.019716758,0.019716758,0.019716758,0.019716758,0.019716758,0.019716758,0.019716758,0.019716758,0.019716758,0.019716758,0.019716758,0.019716758,0.019716758,0.019716758,0.019716758,0.019716758,0.019716758,0.019716758,0.019716758,0.019716758,0.019716758,0.019716758
0.019716788,0.019716788,0.019716788,0.019716788,0.019716788,0.019716788,0.019716788,0.019716788,0.019716788,0.019716788,0.019716788,0.019716788,0.019716788,0.019716788,0.019716788,0.019716788,0.019716788,0.019717231,0.019716788,0.019716788,0.019716788,0.019716788,0.019717287,0.053593226,0.019716788,0.019716788,0.019716788,0.019716788,0.019716788,0.019716788,0.019716788,0.019716788,0.019716788,0.019716788,0.019716788,0.019716788,0.019716788,0.019716788,0.019716788,0.019716788,0.019716788,0.019716788,0.019716788,0.019716788,0.019716788,0.019716788,0.019716788,0.019716788,0.019716788
0.019716771,0.019716758,0.019716758,0.019716758,0.019716758,0.019716758,0.019716758,0.019716758,0.019716758,0.019716758,0.019716758,0.019716758,0.019716758,0.019716758,0.019716758,0.019716758,0.019716758,0.019716758,0.019716758,0.019716758,0.019716758,0.019716758,0.019716758,0.019716758,0.019716758,0.019716758,0.019716758,0.019716758,0.019716758,0.019716758,0.019716758,0.019716758,0.019716758,0.019716758,0.019716758,0.019716758,0.019716758,0.019716758,0.019716758,0.019716758,0.019716758,0.019716758,0.05359567,0.019716758,0.019716758,0.019716758,0.019716758,0.019716758,0.019716758
0.019716758,0.019716758,0.019716758,0.019716758,0.019716758,0.019716758,0.019716758,0.019716758,0.019716758,0.019716758,0.019716758,0.019716758,0.019716758,0.019716758,0.019716758,0.019716758,0.019716758,0.019716758,0.019716758,0.019716758,0.053595703,0.019716758,0.019716758,0.019716758,0.019716758,0.019716758,0.019716758,0.019716758,0.019716758,0.019716758,0.019716758,0.019716758,0.019716758,0.019716758,0.019716758,0.019716758,0.019716758,0.019716758,0.019716758,0.019716758,0.019716758,0.019716758,0.019716758,0.019716758,0.019716758,0.019716758,0.019716758,0.019716758,0.019716758
0.019716758,0.019716758,0.053595703,0.019716758,0.019716758,0.019716758,0.019716758,0.019716758,0.019716758,0.019716758,0.019716758,0.019716758,0.019716758,0.019716758,0.019716758,0.019716758,0.019716758,0.019716758,0.019716758,0.019716758,0.019716758,0.019716758,0.019716758,0.019716758,0.019716758,0.019716758,0.019716758,0.019716758,0.019716758,0.019716758,0.019716758,0.019716758,0.019716758,0.019716758,0.019716758,0.019716758,0.019716758,0.019716758,0.019716758,0.019716758,0.019716758,0.019716758,0.019716758,0.019716758,0.019716758,0.019716758,0.019716758,0.019716758,0.019716758
0.019716758,0.019716758,0.019716758,0.019716758,0.019716758,0.019716758,0.019716758,0.019716758,0.019716758,0.019716758,0.019716758,0.019716758,0.019716758,0.019716758,0.019716758,0.019716758,0.019716758,0.019716758,0.019716758,0.019716758,0.019716758,0.019716758,0.019716758,0.019716758,0.019716758,0.019716758,0.019716758,0.019716758,0.019716758,0.019716758,0.019716758,0.019716758,0.019716758,0.019716758,0.019716758,0.019716758,0.019716758,0.019716758,0.019716758,0.019716758,0.019716758,0.019716758,0.019716758,0.053595703,0.019716758,0.019716758,0.019716758,0.019716758,0.019716758
0.019716758,0.019716758,0.019716758,0.019716758,0.019716758,0.019716758,0.019716758,0.019716758,0.019716758,0.019716758,0.019716758,0.019716758,0.019716758,0.019716758,0.019716758,0.019716758,0.019716758,0.019716758,0.019716758,0.019716758,0.019716758,0.019716758,0.019716758,0.019716758,0.019716758,0.019716758,0.019716758,0.019716758,0.019716758,0.019716758,0.019716758,0.019716758,0.019716758,0.019716758,0.019716758,0.019716758,0.019716758,0.053595703,0.019716758,0.019716758,0.019716758,0.019716758,0.019716758,0.019716758,0.019716758,0.019716758,0.019716758,0.019716758,0.019716758
0.019716758,0.019716758,0.019716758,0.019716758,0.019716758,0.019716758,0.019716758,0.019716758,0.019716758,0.019716758,0.019716758,0.019716758,0.019716758,0.019716758,0.019716758,0.019716758,0.019716758,0.019716758,0.019716758,0.019716758,0.019716758,0.019716758,0.019716758,0.019716758,0.019716758,0.019716758,0.019716758,0.019716758,0.019716758,0.019716758,0.019716758,0.019716758,0.019716758,0.019716758,0.019716758,0.053595703,0.019716758,0.019716758,0.019716758,0.019716758,0.019716758,0.019716758,0.019716758,0.019716758,0.019716758,0.019716758,0.019716758,0.019716758,0.019716758
0.019716758,0.019716758,0.019716758,0.019716758,0.019716758,0.019716758,0.019716758,0.019716758,0.019716758,0.019716758,0.019716758,0.019716758,0.019716758,0.019716758,0.019716758,0.019716758,0.019716758,0.019716758,0.019716758,0.053595703,0.019716758,0.019716758,0.019716758,0.019716758,0.019716758,0.019716758,0.019716758,0.019716758,0.019716758,0.019716758,0.019716758,0.019716758,0.019716758,0.019716758,0.019716758,0.019716758,0.019716758,0.019716758,0.019716758,0.019716758,0.019716758,0.019716758,0.019716758,0.019716758,0.019716758,0.019716758,0.019716758,0.019716758,0.019716758
0.019716758,0.019716758,0.019716758,0.019716758,0.019716758,0.019716758,0.019716758,0.019716758,0.019716758,0.019716758,0.019716758,0.019716758,0.019716758,0.053595703,0.019716758,0.019716758,0.019716758,0.019716758,0.019716758,0.019716758,0.019716758,0.019716758,0.019716758,0.019716758,0.019716758,0.019716758,0.019716758,0.019716758,0.019716758,0.019716758,0.019716758,0.019716758,0.019716758,0.019716758,0.019716758,0.019716758,0.019716758,0.019716758,0.019716758,0.019716758,0.019716758,0.019716758,0.019716758,0.019716758,0.019716758,0.019716758,0.019716758,0.019716758,0.019716758
0.019716758,0.019716758,0.019716758,0.019716758,0.053595703,0.019716758,0.019716758,0.019716758,0.019716758,0.019716758,0.019716758,0.019716758,0.019716758,0.019716758,0.019716758,0.019716758,0.019716758,0.019716758,0.019716758,0.019716758,0.019716758,0.019716758,0.019716758,0.019716758,0.019716758,0.019716758,0.019716758,0.019716758,0.019716758,0.019716758,0.019716758,0.019716758,0.019716758,0.019716758,0.019716758,0.019716758,0.019716758,0.019716758,0.019716758,0.019716758,0.019716758,0.019716758,0.019716758,0.019716758,0.019716758,0.019716758,0.019716758,0.019716758,0.019716758
0.019716758,0.019716758,0.019716758,0.019716758,0.019716758,0.019716758,0.019716758,0.019716758,0.019716758,0.019716758,0.019716758,0.019716758,0.053595703,0.019716758,0.019716758,0.019716758,0.019716758,0.019716758,0.019716758,0.019716758,0.019716758,0.019716758,0.019716758,0.019716758,0.019716758,0.019716758,0.019716758,0.019716758,0.019716758,0.019716758,0.019716758,0.019716758,0.019716758,0.019716758,0.019716758,0.019716758,0.019716758,0.019716758,0.019716758,0.019716758,0.019716758,0.019716758,0.019716758,0.019716758,0.019716758,0.019716758,0.019716758,0.019716758,0.019716758
0.019716758,0.019716758,0.019716758,0.019716758,0.019716758,0.019716758,0.019716758,0.019716758,0.019716758,0.019716758,0.019716758,0.019716758,0.019716758,0.019716758,0.019716758,0.019716758,0.019716758,0.019716758,0.019716758,0.019716758,0.019716758,0.019716758,0.053595703,0.019716758,0.019716758,0.019716758,0.019716758,0.019716758,0.019716758,0.019716758,0.019716758,0.019716758,0.019716758,0.019716758,0.019716758,0.019716758,0.019716758,0.019716758,0.019716758,0.019716758,0.019716758,0.019716758,0.019716758,0.019716758,0.019716758,0.019716758,0.019716758,0.019716758,0.019716758
0.01971678,0.01971678,0.053593855,0.01971678,0.01971678,0.01971678,0.01971678,0.01971678,0.01971678,0.01971678,0.01971678,0.019717483,0.01971678,0.01971678,0.01971678,0.01971678,0.01971678,0.01971678,0.01971678,0.01971678,0.01971678,0.01971678,0.01971678,0.01971678,0.01971678,0.01971678,0.01971678,0.01971678,0.01971678,0.01971678,0.01971678,0.01971678,0.01971678,0.01971678,0.01971678,0.01971678,0.01971678,0.01971678,0.01971678,0.01971678,0.01971678,0.01971678,0.01971678,0.01971678,0.01971678,0.01971678,0.01971678,0.01971678,0.01971678
0.019716758,0.019716758,0.019716758,0.019716758,0.019716758,0.019716758,0.019716758,0.053595707,0.019716758,0.019716758,0.019716758,0.019716758,0.019716758,0.019716758,0.019716758,0.019716758,0.019716758,0.019716758,0.019716758,0.019716758,0.019716758,0.019716758,0.019716758,0.019716758,0.019716758,0.019716758,0.019716758,0.019716758,0.019716758,0.019716758,0.019716758,0.019716758,0.019716758,0.019716758,0.019716758,0.019716758,0.019716758,0.019716758,0.019716758,0.019716758,0.019716758,0.019716758,0.019716758,0.019716758,0.019716758,0.019716758,0.019716758,0.019716758,0.019716758
0.019716758,0.019716758,0.019716758,0.019716758,0.019716758,0.019716758,0.019716758,0.019716758,0.019716758,0.053595703,0.019716758,0.019716758,0.019716758,0.019716758,0.019716758,0.019716758,0.019716758,0.019716758,0.019716758,0.019716758,0.019716758,0.019716758,0.019716758,0.019716758,0.019716758,0.019716758,0.019716758,0.019716758,0.019716758,0.019716758,0.019716758,0.019716758,0.019716758,0.019716758,0.019716758,0.019716758,0.019716758,0.019716758,0.019716758,0.019716758,0.019716758,0.019716758,0.019716758,0.019716758,0.019716758,0.019716758,0.019716758,0.019716758,0.019716758
0.019716758,0.019716758,0.053595703,0.019716758,0.019716758,0.019716758,0.019716758,0.019716758,0.019716758,0.019716758,0.019716758,0.019716758,0.019716758,0.019716758,0.019716758,0.019716758,0.019716758,0.019716758,0.019716758,0.019716758,0.019716758,0.019716758,0.019716758,0.019716758,0.019716758,0.019716758,0.019716758,0.019716758,0.019716758,0.019716758,0.019716758,0.019716758,0.019716758,0.019716758,0.019716758,0.019716758,0.019716758,0.019716758,0.019716758,0.019716758,0.019716758,0.019716758,0.019716758,0.019716758,0.019716758,0.019716758,0.019716758,0.019716758,0.019716758
0.019716758,0.019716758,0.019716758,0.019716758,0.019716758,0.019716758,0.019716758,0.019716758,0.019716758,0.019716758,0.019716758,0.019716758,0.019716758,0.019716758,0.019716758,0.019716758,0.019716758,0.019716758,0.019716758,0.019716758,0.019716758,0.019716758,0.019716758,0.019716758,0.019716758,0.019716758,0.019716758,0.019716758,0.019716758,0.019716758,0.019716758,0.019716758,0.019716758,0.019716758,0.019716758,0.019716758,0.019716758,0.019716758,0.019716758,0.019716758,0.019716758,0.019716758,0.019716758,0.053595703,0.019716758,0.019716758,0.019716758,0.019716758,0.019716758
0.019716758,0.019716758,0.019716758,0.019716758,0.019716758,0.019716758,0.019716758,0.019716758,0.019716758,0.019716758,0.019716758,0.019716758,0.019716758,0.019716758,0.019716758,0.019716758,0.019716758,0.019716758,0.019716758,0.019716758,0.019716758,0.019716758,0.019716758,0.019716758,0.019716758,0.019716758,0.019716758,0.019716758,0.019716758,0.019716758,0.019716758,0.019716758,0.019716758,0.019716758,0.019716758,0.019716758,0.019716758,0.019716758,0.019716758,0.019716758,0.019716758,0.019716758,0.019716758,0.019716758,0.019716758,0.019716758,0.019716758,0.053595707,0.019716758
0.019716758,0.019716758,0.019716758,0.019716758,0.019716758,0.019716758,0.019716758,0.019716758,0.019716758,0.019716758,0.019716758,0.019716758,0.053595703,0.019716758,0.019716758,0.019716758,0.019716758,0.019716758,0.019716758,0.019716758,0.019716758,0.019716758,0.019716758,0.019716758,0.019716758,0.019716758,0.019716758,0.019716758,0.019716758,0.019716758,0.019716758,0.019716758,0.019716758,0.019716758,0.019716758,0.019716758,0.019716758,0.019716758,0.019716758,0.019716758,0.019716758,0.019716758,0.019716758,0.019716758,0.019716758,0.019716758,0.019716758,0.019716758,0.019716758
0.019716758,0.019716758,0.019716758,0.019716758,0.019716758,0.019716758,0.019716758,0.019716758,0.019716758,0.019716758,0.019716758,0.053595703,0.019716758,0.019716758,0.019716758,0.019716758,0.019716758,0.019716758,0.019716758,0.019716758,0.019716758,0.019716758,0.019716758,0.019716758,0.019716758,0.019716758,0.019716758,0.019716758,0.019716758,0.019716758,0.019716758,0.019716758,0.019716758,0.019716758,0.019716758,0.019716758,0.019716758,0.019716758,0.019716758,0.019716758,0.019716758,0.019716758,0.019716758,0.019716758,0.019716758,0.019716758,0.019716758,0.019716758,0.019716758
0.019716758,0.019716758,0.019716758,0.019716758,0.019716758,0.019716758,0.053595703,0.019716758,0.019716758,0.019716758,0.019716758,0.019716758,0.019716758,0.019716758,0.019716758,0.019716758,0.019716758,0.019716758,0.019716758,0.019716758,0.019716758,0.019716758,0.019716758,0.019716758,0.019716758,0.019716758,0.019716758,0.019716758,0.019716758,0.019716758,0.019716758,0.019716758,0.019716758,0.019716758,0.019716758,0.019716758,0.019716758,0.019716758,0.019716758,0.019716758,0.019716758,0.019716758,0.019716758,0.019716758,0.019716758,0.019716758,0.019716758,0.019716758,0.019716758
0.019716758,0.019716758,0.019716758,0.019716758,0.019716758,0.019716758,0.019716758,0.053595707,0.019716758,0.019716758,0.019716758,0.019716758,0.019716758,0.019716758,0.019716758,0.019716758,0.019716758,0.019716758,0.019716758,0.019716758,0.019716758,0.019716758,0.019716758,0.019716758,0.019716758,0.019716758,0.019716758,0.019716758,0.019716758,0.019716758,0.019716758,0.019716758,0.019716758,0.019716758,0.019716758,0.019716758,0.019716758,0.019716758,0.019716758,0.019716758,0.019716758,0.019716758,0.019716758,0.019716758,0.019716758,0.019716758,0.019716758,0.019716758,0.019716758
0.019716758,0.019716758,0.019716758,0.019716758,0.019716758,0.019716758,0.019716758,0.019716758,0.019716758,0.019716758,0.019716758,0.019716758,0.019716758,0.019716758,0.019716758,0.019716758,0.019716758,0.019716758,0.019716758,0.019716758,0.019716758,0.019716758,0.019716758,0.019716758,0.019716758,0.019716758,0.053595703,0.019716758,0.019716758,0.019716758,0.019716758,0.019716758,0.019716758,0.019716758,0.019716758,0.019716758,0.019716758,0.019716758,0.019716758,0.019716758,0.019716758,0.019716758,0.019716758,0.019716758,0.019716758,0.019716758,0.019716758,0.019716758,0.019716758
0.019716758,0.019716758,0.019716758,0.019716758,0.019716758,0.019716758,0.019716758,0.019716758,0.019716758,0.019716758,0.019716758,0.019716758,0.019716758,0.019716758,0.019716758,0.019716758,0.019716758,0.019716758,0.019716758,0.019716758,0.019716758,0.053595703,0.019716758,0.019716758,0.019716758,0.019716758,0.019716758,0.019716758,0.019716758,0.019716758,0.019716758,0.019716758,0.019716758,0.019716758,0.019716758,0.019716758,0.019716758,0.019716758,0.019716758,0.019716758,0.019716758,0.019716758,0.019716758,0.019716758,0.019716758,0.019716758,0.019716758,0.019716758,0.019716758
0.019716758,0.019716758,0.019716758,0.019716758,0.019716758,0.019716758,0.019716758,0.019716758,0.019716758,0.019716758,0.019716758,0.019716758,0.019716758,0.019716758,0.019716758,0.019716758,0.019716758,0.019716758,0.019716758,0.019716758,0.019716758,0.019716758,0.019716758,0.019716758,0.019716758,0.019716758,0.019716758,0.019716758,0.019716758,0.019716758,0.019716758,0.019716758,0.019716758,0.019716758,0.019716758,0.019716758,0.019716758,0.019716758,0.053595703,0.019716758,0.019716758,0.019716758,0.019716758,0.019716758,0.019716758,0.019716758,0.019716758,0.019716758,0.019716758
0.019716758,0.019716758,0.019716758,0.019716758,0.019716758,0.019716758,0.019716758,0.019716758,0.019716758,0.019716758,0.019716758,0.019716758,0.019716758,0.019716758,0.019716758,0.019716758,0.019716758,0.019716758,0.019716758,0.019716758,0.019716758,0.019716758,0.019716758,0.019716758,0.019716758,0.019716758,0.019716758,0.019716758,0.019716758,0.019716758,0.019716758,0.019716758,0.019716758,0.019716758,0.019716758,0.053595703,0.019716758,0.019716758,0.019716758,0.019716758,0.019716758,0.019716758,0.019716758,0.019716758,0.019716758,0.019716758,0.019716758,0.019716758,0.019716758
0.019716758,0.019716758,0.019716758,0.019716758,0.019716758,0.019716758,0.019716758,0.019716758,0.019716758,0.019716758,0.019716758,0.019716758,0.019716758,0.019716758,0.019716758,0.019716758,0.019716758,0.019716758,0.019716758,0.019716758,0.019716758,0.019716758,0.019716758,0.019716758,0.019716758,0.019716758,0.019716758,0.053595703,0.019716758,0.019716758,0.019716758,0.019716758,0.019716758,0.019716758,0.019716758,0.019716758,0.019716758,0.019716758,0.019716758,0.019716758,0.019716758,0.019716758,0.019716758,0.019716758,0.019716758,0.019716758,0.019716758,0.019716758,0.019716758
0.019716758,0.019716758,0.019716758,0.019716758,0.019716758,0.019716758,0.019716758,0.019716758,0.019716758,0.019716758,0.019716758,0.019716758,0.019716758,0.019716758,0.019716758,0.019716758,0.019716758,0.019716758,0.019716758,0.053595703,0.019716758,0.019716758,0.019716758,0.019716758,0.019716758,0.019716758,0.019716758,0.019716758,0.019716758,0.019716758,0.019716758,0.019716758,0.019716758,0.019716758,0.019716758,0.019716758,0.019716758,0.019716758,0.019716758,0.019716758,0.019716758,0.019716758,0.019716758,0.019716758,0.019716758,0.019716758,0.019716758,0.019716758,0.019716758
0.019716758,0.019716758,0.019716758,0.019716758,0.019716758,0.019716758,0.019716758,0.019716758,0.019716758,0.019716758,0.019716758,0.019716758,0.019716758,0.019716758,0.019716758,0.019716758,0.019716758,0.019716758,0.019716758,0.019716758,0.019716758,0.019716758,0.019716758,0.019716758,0.019716758,0.019716758,0.019716758,0.019716758,0.019716758,0.019716758,0.019716758,0.019716758,0.019716758,0.019716758,0.053595703,0.019716758,0.019716758,0.019716758,0.019716758,0.019716758,0.019716758,0.019716758,0.019716758,0.019716758,0.019716758,0.019716758,0.019716758,0.019716758,0.019716758
0.019716758,0.019716758,0.019716758,0.019716758,0.019716758,0.019716758,0.019716758,0.019716758,0.019716758,0.019716758,0.019716758,0.019716758,0.019716758,0.019716758,0.019716758,0.019716758,0.019716758,0.019716758,0.019716758,0.019716758,0.019716758,0.019716758,0.019716758,0.019716758,0.019716758,0.019716758,0.019716758,0.019716758,0.019716758,0.019716758,0.019716758,0.019716758,0.019716758,0.019716758,0.019716758,0.019716758,0.019716758,0.019716758,0.019716758,0.019716758,0.019716758,0.019716758,0.019716758,0.053595703,0.019716758,0.019716758,0.019716758,0.019716758,0.019716758
0.019716758,0.019716758,0.019716758,0.019716758,0.019716758,0.019716758,0.019716758,0.019716758,0.019716758,0.019716758,0.019716758,0.019716758,0.019716758,0.019716758,0.019716758,0.019716758,0.019716758,0.019716758,0.019716758,0.019716758,0.019716758,0.019716758,0.019716758,0.019716758,0.019716758,0.019716758,0.019716758,0.019716758,0.019716758,0.019716758,0.019716758,0.019716758,0.053595703,0.019716758,0.019716758,0.019716758,0.019716758,0.019716758,0.019716758,0.019716758,0.019716758,0.019716758,0.019716758,0.019716758,0.019716758,0.019716758,0.019716758,0.019716758,0.019716758
0.019716758,0.019716758,0.019716758,0.019716758,0.019716758,0.019716758,0.019716758,0.019716758,0.019716758,0.019716758,0.019716758,0.019716758,0.019716758,0.019716758,0.019716758,0.019716758,0.019716758,0.019716758,0.019716758,0.019716758,0.019716758,0.019716758,0.019716758,0.019716758,0.019716758,0.053595703,0.019716758,0.019716758,0.019716758,0.019716758,0.019716758,0.019716758,0.019716758,0.019716758,0.019716758,0.019716758,0.019716758,0.019716758,0.019716758,0.019716758,0.019716758,0.019716758,0.019716758,0.019716758,0.019716758,0.019716758,0.019716758,0.019716758,0.019716758
0.019716758,0.019716758,0.019716758,0.019716758,0.053595703,0.019716758,0.019716758,0.019716758,0.019716758,0.019716758,0.019716758,0.019716758,0.019716758,0.019716758,0.019716758,0.019716758,0.019716758,0.019716758,0.019716758,0.019716758,0.019716758,0.019716758,0.019716758,0.019716758,0.019716758,0.019716758,0.019716758,0.019716758,0.019716758,0.019716758,0.019716758,0.019716758,0.019716758,0.019716758,0.019716758,0.019716758,0.019716758,0.019716758,0.019716758,0.019716758,0.019716758,0.019716758,0.019716758,0.019716758,0.019716758,0.019716758,0.019716758,0.019716758,0.019716758
