CellSize,CellShape,NucleusDensity,ChromatinTexture,CytoplasmSize,CellAdhesion,MitosisRate,NuclearMembrane,GrowthFactor,OxygenSaturation,Vascularization,InflammationMarkers,Diagnosis,CellType_Epthlial,CellType_Mesnchymal,GeneticMutation_Presnt
0.20424002728457832,0.3995122533426494,-0.3965366750372836,-1.6059587829019948,0.019823899231917994,-0.3023808981721118,-0.25994323197031344,-3.4488014843194184,0.3112709073434462,1.5050163245953787,2.5483562549840872,0.7661897827203248,0.0,False,True,False
-0.7447553378090108,0.3997496483829802,1.5278697746720586,-0.26401116513576733,-0.6406263228796761,-3.128925837431213,1.0998825485393637,1.2481853345002087,-2.0013389232111303,0.32841241613709743,0.3532845554311555,0.23022311389694555,0.0,True,False,False
-1.3489524283531615,0.26611366639717243,0.7821641996521355,0.906008429116837,-0.4616696399363742,-0.2089564826382492,1.4477912118011311,0.9627524768359798,-1.080527574599614,1.4769776517952424,-1.4646192384619698,0.7532995582643968,0.0,False,True,False
-0.5013166793157183,-0.35480093241194677,0.7213597402218072,0.22018503221207691,-0.6221484855372703,1.1895449171528993,0.5396385759780227,0.5614753590369718,-0.3784133309925759,0.0005623095975772197,-0.3422663229929181,0.6786373668344396,0.0,True,False,False
0.31319450508185753,-0.11395166637578959,-0.7791932032667274,-0.35895493340019924,0.38189727738262214,0.18365571777481066,-0.7721363192343886,-0.43599421108256786,0.4205601182135112,0.08183280915190383,0.31660023809201704,-0.3430760225037282,1.0,False,True,True
-0.9451253808735194,-0.9766790955964302,-0.16843655873884553,0.7132600912412537,1.77374465921893,-0.18145978030319465,-0.6959789700423713,-1.3719841709548064,0.48659441664106395,1.0813233030554272,-0.18999752795797664,-1.3697774469074222,0.0,True,False,False
0.7408967292624606,0.35231882554245153,-1.710659917297009,0.7569345990913381,-0.01016096245382184,-0.052909268570120294,-0.46250845860522644,-0.49374290435397244,0.6138796610124332,0.841288002866395,1.8958046701146423,-0.49091133903865725,1.0,True,False,True
0.055447348909103994,-0.892731131679174,-0.26877333741853143,0.46314581793766585,1.539649818974577,-0.3705442989350002,-0.654938381599873,-1.2982191862573358,0.7508132614322142,0.04034809081009219,-0.22625132466664574,-1.0526793779597705,1.0,True,False,True
0.627569004834681,-0.22374384633016722,-0.5483600864897454,0.06498378415723813,0.4343095015342649,-0.16945108659873284,-0.6623880403433979,-0.5897500804258466,0.5476660586921556,-0.4612066827487096,-0.19821267522560998,-0.49339399642333936,1.0,False,True,False
0.2092997362976448,-0.18525229736095344,0.3337510118449019,-0.6810932700277972,-0.9432026423643037,-1.0322735275113801,0.5474380124083782,-0.027899635345431616,-1.321422992916949,-2.614857739817743,0.08346407178820385,0.6859474693399015,0.0,True,False,True
-1.1910823382188565,0.7602633884685116,0.3355332191971803,0.22857644528460844,-0.8561648703356278,1.2010224345935767,0.7855527181220904,1.7126209838963027,-0.5996265159926983,-0.06398685580088703,0.4782604560466829,0.6116218902122265,0.0,False,True,True
0.5420374154967389,1.5936471020794964,-0.2573552175463187,-0.4976699016133917,0.006548765516937553,0.9414448386894746,-0.6219600872383382,-0.08438676638254405,0.9918358555712684,1.8967328620110064,0.9238271388120021,-0.226691991279683,1.0,False,False,True
0.42495193975378415,0.0977389268882289,-1.4152925310851407,0.5986348400327667,1.620451384672105,0.3581996371153041,-1.6193933416687747,-1.088434303750144,0.7142956442874201,-0.4361362202314059,1.4844685591583673,-1.8453790335523743,1.0,False,True,True
-1.1866181282165618,-0.08134041487236351,0.6399204520048986,-0.6636477077142741,-1.974036151123862,1.5002883806959038,0.7852718212505219,0.639142360778173,-0.19022615264096193,-1.036931449339992,2.3594903439703128,0.9023742780744349,0.0,True,False,False
-0.07243900873424523,-0.5703715788112399,0.40862549313962565,0.8228299916538109,-0.9864910023356349,0.3410908695694563,0.32044242421791697,0.5576554478715687,-1.6391511655293247,-1.1292794587752906,-0.8772805636091799,0.35865559111965456,0.0,False,False,False
0.7208715464409748,2.4168076802466656,-0.8410767553500956,0.04981189896403064,0.70288725913208,0.12273214765067471,-0.7844593867230221,-0.811761592113959,1.1056984792671047,0.040558379589333456,2.028093927543628,-1.0902738028446577,1.0,True,False,False
-0.5700667043480296,0.8295250129720552,0.4910936068200503,0.027574197925032,-1.0674018351990668,-0.1675124542247347,0.8505923391343608,0.6328595840416082,-1.2730244517582816,-0.7396520007268969,0.598094391076026,0.7574461517248442,0.0,True,False,False
-1.7439305085643637,1.040155645006897,0.8635353023498841,0.17104414446707564,-0.15803214186639095,-0.0005829109158721495,1.0403513641401896,0.8521389315806396,-0.663864165189473,0.04600644892122211,0.002910881653313749,0.4154453238573967,0.0,True,False,False
1.91652561160223,0.08411620766383653,-1.2886225816079122,-0.9071104346272065,-0.15385196167903817,-0.2688028420758405,-0.6707391831198545,-0.031170644358668318,0.4393869921874606,0.9081722140964408,-1.0582935541135756,-0.1739345673009002,0.0,False,False,True
-0.36216543659796496,-0.03735336681887241,-0.04483373479708,0.03641974494717164,-1.514021160057337,0.29423416485784826,0.9898185983793357,0.8526801168426554,-1.2021456387088996,-0.19003325767205642,1.2161976116736428,0.36911312573275207,0.0,True,False,True
-0.28697506596833033,-0.5061696109320265,1.1080815810257298,-2.1075975240822467,-0.593081962759814,-2.0722682214653534,1.7707237520854742,0.61364474869248,-1.7408957939652445,2.443695365159019,-1.2342261322494819,2.187999773452279,0.0,True,False,True
-0.42090098079773286,-0.46460043410807844,0.056019385429981874,0.6049945820974156,-0.6990875799038571,-1.012636448187137,0.5232738409392773,0.37600168872450124,-1.0484373585591082,-1.5462564711983782,2.1265965569391656,0.3479959625677196,0.0,False,False,False
-0.12214966632937015,0.41483125090216194,0.2307870247056025,-0.08991867925574544,-0.3366633027140138,0.2915658853926228,0.15904425656281912,0.3940970313057773,-0.5037932209386999,-0.25279605312488135,-0.1864191965576034,0.2072097042220518,0.0,False,True,True
-0.4190017981331014,0.027849570658578054,0.7950213322325783,0.1214369305730524,-0.2990676455314524,-0.07950500475072454,0.7245968230056122,0.727760237234868,-0.9680898123416265,1.478180193045759,-0.08840604731310787,0.6097056347498783,0.0,True,False,False
-0.5970789458968241,-0.8431569745645073,1.4165292609977715,1.123250017725658,0.2931942950714863,0.4440575097173637,0.8886409400016287,1.430039647687889,-0.632263437817252,1.716288323354618,2.614515142062672,0.03987443447416599,0.0,True,False,False
-0.44214095616210936,-0.22542294013789338,0.5593096603502,0.7950193330790253,-0.4163346327861329,0.4449116957925082,0.740693747302712,0.7326936086844728,-0.8514654239287541,0.31249328606217414,-1.5244387667611456,0.42776416530798705,0.0,True,False,False
0.39256214548107293,-0.3446872557287704,-0.5580795050171709,1.7217822175320698,1.9827694026219544,0.221578775902581,-1.2191289018030642,-1.6263207733666176,0.661837602565773,-0.3376834764787767,-0.33787201317797955,-1.7942299645002233,1.0,False,False,False
-2.295871002150613,-0.38377451875405144,1.2302610365278894,0.9330014223082029,-0.8809344689940926,0.6950134667258488,1.3593139158075123,0.8369760340314701,-0.15716165781508784,0.24700081019098113,1.6951442506394103,0.8599831832455275,0.0,False,False,False
0.3184762453701453,-1.6812958515612146,1.2104451844943716,-0.8732574537258087,-0.6145471931021889,-1.1168952033937527,1.149122161580637,1.0158159509153737,-0.6549561098392918,0.32356886072551955,-1.2030679978435461,0.7935998444183983,0.0,False,False,False
-1.6260296839637118,0.6754391837018634,0.36967752128308096,1.860787765625337,-0.7735792975601566,1.488853581063579,1.0012219733135903,1.7627296611861611,0.29531817950087,-0.44961058368604245,1.3295284397559086,0.46000213610244006,0.0,True,False,True
0.19401727648237352,-0.08202674154575117,0.9123102225825256,-0.17864886341038114,0.8512524970366241,1.8195573511873377,-1.0211613655147995,-0.5275336619380658,0.6062378724456409,-0.44305625879859933,-0.42479535383040495,-0.6428031969413729,1.0,False,False,False
-0.4898751393272402,-0.18313624973526052,0.7416565747044072,-0.1366263854600936,-0.4772168678145469,-0.19400101922260066,0.7103238491412501,0.5209068880794439,-0.6851232402742827,-0.15593412333286785,0.8242575642997465,0.526148354053617,0.0,False,False,False
0.7790056579747272,1.1627639397459897,-0.7367331242250972,-0.996833303681637,1.8226038963598397,0.3180685733272285,-1.485325997021604,-0.23629892791395854,1.5570428360783033,-0.20872907676705976,0.1232275490857464,-1.1008115569587398,1.0,False,True,False
0.19918961338340022,1.4167392584410063,-0.5527495893609448,-0.7832299538639346,-0.0029621580923448135,-0.8476706264921439,-0.33142083275345063,-0.6899534237622679,-0.07820614434129702,0.3440591756550497,-2.5602011531900986,0.22249909197495202,1.0,False,True,False
1.1263104826720756,0.15136547675693732,0.17834584764811146,1.3850776312303763,0.6163616679563748,-0.3737892114951465,-0.13151423086182096,-1.2263536243755293,0.0950209085437979,-0.07417368651833943,-0.013401524326038585,-0.5622401242995549,1.0,True,False,False
1.528617169134117,0.7721285512170136,-0.5218026269797806,-0.17981930639816726,1.0473997610075174,0.25811249150386506,-0.7099568953902038,-1.2214986715162055,0.7180367997580519,0.4905621229562524,1.1193395620595639,-0.7490396487898676,1.0,True,False,False
0.28529533014559416,-0.5872001826086715,-0.17985301781481697,0.103714860027744,0.5997845693924979,-1.0570110797168486,-0.6943190878845971,-1.3963933226126626,0.7720235101558115,0.6347802049213038,-0.4537239118836255,-0.8341449435767971,1.0,True,False,True
0.1132774266326599,-0.19572805729808385,1.2644013692038236,-1.2734018233052957,-1.2707993540294518,-0.36578705783173693,1.359837754215519,0.9308544532141947,-1.6500011296191548,0.0018597125008293516,-1.2987573018542524,0.9896342565007742,0.0,True,False,True
-0.3055997836260751,-0.30794036235105476,0.8631556796489974,-1.4812319219736374,-0.44948406992540774,-0.3802892032678802,0.797571593773833,0.9831539361314597,-0.7528234301851453,0.5563137321199422,-1.1939132146637905,1.1218620034047726,0.0,True,False,False
0.610499528126575,0.44235593545103324,0.5726084282949813,-0.3329536185559333,-1.956792331771411,-0.062225064227998554,0.9443084260650574,0.034850840455904517,0.07525270814046942,-1.8661807347738673,0.5269275586982353,1.4913539516609344,0.0,False,False,True
0.12444797696674863,1.950638837622503,1.1422916680742699,-0.19949921397273931,-0.6527250233969303,-1.9385374571614045,1.067059438278462,0.09733091795848654,-0.8406736944176845,-0.45988212331087563,-1.69131898547387,0.980592823496765,0.0,True,False,False
-0.37251412199319045,0.9174382625655403,1.0904055768361758,0.2165744907453601,-0.2934514910565251,0.1388747569243283,0.6795411831746418,0.8514583839032079,-1.2647412051031066,0.07513742194277262,0.08464540290773903,0.49977317772133667,0.0,True,False,False
-0.6136227504743446,0.3572334028049788,0.39406052424803484,0.1858304104385455,-0.784526298989993,1.0785464831247458,0.640456724739743,1.1950903993073827,-0.7405958103445713,-0.37592355340134465,1.4830745443112352,0.49118861171595035,0.0,True,False,True
1.6780337841209587,0.06690681725249387,-0.408574311899401,0.2430450521082351,-0.47075666376054254,-1.1328172708992654,-0.2583059816909461,-0.9148732849840339,0.7347145001144673,0.4098124172944959,0.7541042596546383,-0.38688312434059935,1.0,True,False,True
0.7614265323598144,1.1819340793320163,-0.5693106505510022,0.5596092725738261,0.6106927642027027,-0.1011149002228221,-1.0703824374571649,-1.0021992574367633,1.1664269255216202,0.12261407168227785,1.1465458863812463,-1.4639898401281857,1.0,True,False,False
0.18683817182957405,-0.2261034297382391,-0.19919026649196428,1.1725187112865658,1.367291816937395,1.1119425854371423,-1.0240321609800263,-1.3094888150977277,2.2908128518915505,-0.1505921417667423,0.41931445778797766,-1.3789127429408485,1.0,True,False,True
-0.09337197822973627,0.2813914213666769,0.599490816008583,0.0619960069677176,0.12413708930780912,0.47392668474903615,0.47533135613590466,1.2900202377029493,-1.6287278709336175,1.6873900906613089,0.07988486302175545,0.4331706604033223,0.0,True,False,True
-1.1877999773283987,1.2904355825713338,0.8291866665697248,0.2292980517865735,-0.601908558512591,1.1927172464358913,0.687800072370731,0.9349194267072387,-0.4532848465557486,0.2437903787370391,0.12055260271354137,0.7186867221901739,0.0,False,True,True
-1.0231942906195972,1.6732784891666574,0.9225218753878006,-0.5212232454092618,-1.2491786723162588,-0.33507071049205794,1.2312064373031044,0.49010258850856836,-0.8507540909114623,-0.47975371248268633,-0.8071405857638405,0.9182661603300775,0.0,False,False,True
0.045953686544930844,2.2475182867473187,0.919856909810653,-1.0153582884063521,-0.6639926900898034,-0.8930612730865928,1.3513950993139145,2.1206194721894365,-1.0344663190878212,1.5173804854520099,-0.06782264218482388,0.902144258740747,0.0,True,False,False
0.4668452971396501,-0.07992441295425987,-0.4898526783638793,-0.11920942811941607,0.38127546302287285,0.15549256667152556,-0.7163694579012915,-0.5008304501077333,0.7342872295525846,0.21124767002566902,0.19868741152235342,-0.33508739137411603,1.0,False,False,False
-0.96374140653799,-0.29049456593072154,0.46385523332827167,0.5025319797753928,0.3870288288096601,2.2179381207648663,-0.14960012757223395,0.8114809370703768,-0.3728328883613962,1.2349085253292147,0.7595200588966626,-0.5697106299832484,0.0,False,True,False
0.26562739595016405,2.1331439384892614,-0.2968362833711352,-0.023042660724576596,0.365614531805079,1.2940105105395965,-0.3058231631925116,-0.01077816571561353,2.4817293062028214,0.15206135242544588,0.14885299217113057,-0.11430183471262868,0.0,True,False,False
-2.1138147914765253,-0.30937896112471513,1.154448935065955,-0.3370641257693027,-1.440119898071727,-0.7707104859666395,1.0399005469589968,1.0879575324273967,-0.5211073706176867,-0.597600987872795,-1.1556636046382351,1.403284519486003,0.0,True,False,False
1.0300926780567259,1.5918630179852824,-1.1209054807184475,0.24012068251672725,0.8888976953135913,-0.564582713890413,-0.9369225278651591,-0.7878268394778218,-0.0160707570433259,-0.059640926489998206,0.18731836743252006,-0.7061200320018555,0.0,True,False,False
-0.6320926172767561,0.3757499103296837,0.5279753276928443,0.09362544443647655,0.11313348827651756,-0.04865018117580024,0.5669646869496361,0.8794033352450877,-0.5695485835084284,1.035276471028392,-0.12396477748577309,0.3081240827018047,0.0,False,True,False
1.1836709480194902,1.7483687648332271,-0.3537181171361805,-0.5565274773381668,0.6977671678246068,0.19141104918731916,-0.663831422867803,-0.4720853743966779,0.7584254721000468,0.6775259301710014,-0.8185629660795203,-0.40405792670380686,1.0,False,True,False
-1.0037681302793098,0.5587933979776467,0.7868300088757894,1.2077367726582127,-0.6324273708043576,-0.5079053310260284,1.4737451331525695,1.969385512270397,-0.6683447954624618,1.0439474810013556,0.1355163395241154,-0.026403316723006748,0.0,False,True,True
-0.6759282859157871,0.501861513660567,0.1950248953160792,0.6129329138677776,-0.6303109177749517,0.35597984026360335,0.3183937512675521,0.685227446209029,-0.7424499909591741,-0.2281439247905175,0.4226063017510495,0.16300093508723199,0.0,True,False,True
-1.0654829026700496,-0.062466907022317046,0.9449271662478161,-0.06480744450108637,-0.45291082490891893,-0.11846009635596211,1.0915306949677357,1.1244847020736406,-1.8838459782323895,0.7012233953418439,0.2304260290952229,0.767136329381709,0.0,True,False,True
-0.18978239887147574,-2.7202439253902466,-0.35222852630907864,1.2365565518153032,-0.44381897174608737,0.6637480784169736,0.06578595206597534,0.2984476414671265,-0.6253479386531396,-0.5619130517274927,-0.09382875203388082,-0.0847181769078844,0.0,True,False,False
-0.5834324444743417,0.191070747652589,0.44037311186861444,1.456732008840104,-0.6253561710669846,-0.935248401210884,1.0847292379871383,0.6474259465433083,-0.5959482213160815,-1.9442772848878163,0.5636826297763997,-0.39751259989895094,0.0,False,False,True
-0.592832012378962,-0.18341638173231684,0.5824098302759482,0.6764451179612129,-0.6825401843452094,-1.2561182714065144,1.1825093245789913,0.5943224103140118,-1.1027350402837655,-1.147628134661831,-1.3375450707913994,0.211517644128545,0.0,False,True,False
2.2447155904177096,-0.5229042799391106,-0.7570268121377487,1.0414367189866884,0.8812897575563685,-2.43272892880345,-0.7548916049075192,-1.853432453787325,-0.406852740615316,-0.1677000265454673,-0.06952735107256243,-1.316772615237067,1.0,False,False,False
-1.0224080118954066,0.18879411319325656,1.8509565672511068,-0.45311695061086976,-1.364843117170906,-1.0625719245611422,1.1709417201538599,1.2618945309017013,-0.6096498050349073,0.6267663693817876,-0.0924488789412825,1.888478176380546,0.0,False,True,False
-0.12214966632937015,0.41483125090216194,0.2307870247056025,-0.08991867925574544,-0.3366633027140138,0.2915658853926228,0.15904425656281912,0.3940970313057773,-0.5037932209386999,-0.25279605312488135,-0.1864191965576034,0.2072097042220518,0.0,False,True,True
0.301279392586793,0.56769058368685,-0.1264729031743094,-0.23854876265553523,0.6710077742507713,-0.004471666717153522,-0.44456829398947534,-0.82546935310765,0.9313492947359502,0.25279723435372775,-0.6048584593201529,-0.3175316628724824,1.0,True,False,True
-2.1496173799547544,-0.1305825351944847,0.9837282570727337,0.1739845178968369,-1.732688783912922,-0.8790452213432169,1.6549071644838174,0.5406567510138467,-1.0853540363859828,-1.0822375478647017,-0.41808024815221967,1.4709927117499546,0.0,False,False,False
-0.5072444900542025,-2.1307881422618857,0.5654423464371204,-0.0672705219402312,-1.2655725636144908,-0.31992755362265773,0.9750038684281789,0.5755117903151631,-0.5909767256242168,-0.5575384227815546,0.6879208537920889,0.911797180000893,0.0,False,False,True
0.22026721686476677,0.13098749846962254,-2.0292615144276662,-1.1509721982317143,0.7202753104311452,1.3700563349009935,-1.4030565799536456,0.3297381984333891,0.3949934391411556,-0.675168232301869,0.262910987990906,-0.46869994884845456,1.0,False,False,True
0.5610496601260734,-0.17458335362910882,-0.3962129750824656,1.1082864104056618,0.9168169326631394,1.8593258477596302,-0.6817292723061606,-0.4630755204028062,0.8812118449556681,-0.4859579525556763,0.38789200247226957,-0.772536192425357,1.0,False,True,False
0.571593318711073,0.23179354495108795,-2.371228434043057,-1.387805709610817,0.12166800377091083,0.6738444772929896,-0.8550426695937151,-0.034349940138523403,0.7670974373278134,1.422433075666902,-0.2926874088133374,-0.08040026350653597,1.0,False,True,False
0.1260592315824253,0.44091110234339903,-0.24027680055693418,-0.3199438788159108,-0.7777226962065829,0.5659792492075482,-0.013355820481605026,0.5769548445359077,-1.8195081931678372,-0.48613460944998876,-0.40007483367283436,0.6361129484963001,0.0,True,False,False
-0.8116825408263963,1.2268970584694519,0.9249373647684933,-0.8646616279319169,-0.34223386129037114,-0.912008051891814,1.0309280993812517,0.7098725778063781,-0.46153602809003896,0.8842527285326001,-0.09744939825685824,1.0190911051393425,0.0,False,False,True
-0.382965346836592,-0.10143026037529859,0.06281099822174284,0.16021020951339843,-0.9585954860157316,-0.02496763193283511,0.41626389101390016,0.6609152476086391,-2.337739287090728,-0.8031665837901586,-1.078769725643248,0.7917881761108039,0.0,False,False,False
1.7169195001210757,-0.012994288282294767,-0.7007100418743915,-0.6324565810288891,-0.15261245875654725,-0.7299727499725419,-0.7425166009249478,-0.770340300786991,1.399520005520279,0.6270780552618874,1.4829808815671615,-0.4205516621873436,1.0,True,False,False
0.8056860124087505,1.88694191184434,-0.9768374029134679,-0.42828098850474816,0.22284352473084318,-0.023009590055405788,-0.474586844095135,-0.891552708870947,0.4246842047140994,0.29003129714830206,-0.13380523473602374,-0.2516701743078022,0.0,True,False,False
1.5100601237091982,0.03720788195421683,-0.8272368753418485,0.14235779547855665,0.8822535898160803,-0.9005073623055225,-0.6392339797008596,-0.9912779475425816,1.2527585003009991,-0.09585689493908264,-0.18703827744845442,-0.9148206674207119,1.0,False,True,False
0.32032361819404703,-2.61678534302072,-0.49993581314493185,0.009501891996899348,2.5581587449396133,0.6862838207598041,-3.8664414188665037,-0.6400256182516466,0.9475152286096704,2.4880556936203178,0.027666545806993178,-0.7967124097826521,0.0,False,True,False
-0.5251318577737877,-1.1654564969549994,0.5608899890750392,-0.06506207510824501,-1.399913455272405,0.46835659705327365,0.8186941888293312,0.7607584498877737,-0.5470399875987993,-0.17136993777296608,1.7758184987752539,0.7837841504884118,0.0,False,False,False
-1.1975753510031941,-1.6027888691115122,0.48336396774796164,0.378437959237072,-1.3610459207934444,0.25965638420409337,0.5836390444231415,0.6497863321663356,-1.7733394513572966,-1.948838907984776,0.2264338606043601,0.7148844565797012,0.0,True,False,True
-2.0924396578956967,-2.393527948264812,0.5939860255977761,0.11986104809111849,-0.4866129601279966,0.1599174522847756,0.3745407891214735,0.6503971674587816,-0.6322019816169165,-0.39371686060952715,0.18054150110332193,0.4263527741301927,0.0,False,False,False
-1.1573559019190145,0.15818910946211467,1.3097805250508907,0.6294194203298747,-1.1370725355088025,-0.6662253327565512,1.6771859948683543,1.1161563846145666,-0.8440560608677103,-0.1325903457715826,-2.2905131379598185,0.8128831991536158,0.0,False,True,True
1.3375121506273453,0.22361893260707802,-0.7129475542965672,-0.25914141742445984,1.0396066443600056,-1.1008314727553192,-1.1720506247957045,-1.493839276188809,0.4191308801422926,-0.5924807775044942,0.9084502197788538,-0.8314399735982884,0.0,False,True,True
0.4389463798368475,-0.07542675951954375,-0.31249095112798786,0.21278161325693215,0.46335570814725285,0.5347849701431807,-0.6420433097602422,-0.4825982418641839,0.4156148545475215,0.07370171573701521,-0.04553697355557827,-0.31990821404348446,1.0,False,False,True
0.5335417153730575,0.5537427917458004,-0.3093123843133616,0.22722144593521876,0.894505838611232,0.04666729056206556,-0.5456830795059568,-0.8404360036206533,1.310725545147425,1.079190683071218,-0.8939168532412058,-0.5882288892149041,1.0,True,False,True
0.39441350461948904,-0.14599862041212827,-1.6651430230192998,1.3956548270639941,0.5879630440956571,0.015652679513720184,-0.8287464852793516,-1.1510787572220558,0.5664635525926802,-1.0853463709637674,0.2569202327747739,-0.9737514960409193,1.0,False,True,True
-0.3922313838489169,-0.18225889337762127,1.264779207937329,-0.21917223341097533,-0.6009039206428479,-1.192095554208642,1.392196678293799,1.2050359914013733,-2.2952636717190815,0.008862811975784552,0.10292254747705387,1.1114762754801812,0.0,True,False,True
-0.5097336926429603,0.0271693350628945,0.9318789327508459,1.062398567058182,0.07766769292068758,0.7351336696211802,0.775251005285472,0.7538571638699526,-0.8136813748285096,1.6969977785282049,-1.1876908076312631,0.4998391517958714,0.0,True,False,False
0.25508689822609076,-0.2827013510326856,1.3547216217716374,-2.0327910077039237,-0.5962994939599383,-0.30506130895691735,1.0139097439422162,1.8973298709416784,-1.8107389340888438,2.283867544198337,-0.8003519687109233,1.6128222689950622,0.0,False,False,False
-0.8830236741575175,-1.43354190579953,0.8741126185401662,0.03596117224616626,-0.7866501656826225,-0.37016304908629816,1.0328445087648628,0.5736386382119708,-1.0547759889219996,-0.07182087933632422,0.9062887157058199,0.8304689588071417,0.0,True,False,False
2.296179651835791,-1.166621974782452,-1.0309703482799308,0.6012621697803173,1.1344951507275594,-1.387071688316958,-0.9099219052141407,-1.3556951453263657,0.7650804427225887,-0.6610460498715629,-0.30738253656607306,-1.5191608030094295,1.0,False,True,False
-0.7987703807265755,0.9294236203435875,1.0581055492038354,0.0814892366728717,-0.7775497460557437,-0.11712190828061836,0.9241767193504825,1.6629824743581052,0.10750903466878797,-0.290181660539922,0.14270853241858514,0.47334785565691745,0.0,False,False,True
-1.6983442531332742,-0.13813092761076978,0.07645766303682948,0.6969654742906133,-1.4074857336469462,1.6991123988725316,0.6963542632972957,1.0285327280120267,-0.15756711818120006,-0.7898099573080164,-1.9736913793285178,0.7298946139798782,0.0,True,False,True
2.058666191201583,-1.2441881492639053,-0.9587157904022613,-0.2571871322765729,0.434504810680408,-0.31707355976144713,-0.6064938002604254,-0.5444651176460883,1.2726686183587395,1.981406245178644,0.07765382180342302,-0.3840208778820706,1.0,True,False,True
0.44005036412885246,-0.4683501777518125,-0.49078376949846914,-0.6384970637101708,0.44313229666084764,2.3371902002500784,-1.2135120572218152,0.6068238630934959,1.6877200335513303,-0.7586787897260167,1.299703394215298,-0.14795904128402515,1.0,False,True,False
-0.19777387568752114,1.4293319156862005,-1.4235440215960338,-0.3597661300764631,0.5229900372116549,0.8371947558178425,-1.072342873714751,-0.49973300164529916,0.5673685658760496,0.007971794176691579,-1.4821764387411418,-0.3586159643087113,1.0,True,False,False
-0.5356314276582449,-0.24435743828513246,0.13280752033385446,1.740208370085482,-0.15097883904780482,0.14071872707722635,0.17905763710445388,0.6091042013448192,-1.6662377776738624,0.4036003948882008,0.8376011378392719,0.2470610488956595,0.0,False,True,False
0.056543060975826634,-0.016818674861166037,1.4987333254724071,-1.4136744372483059,-0.5961715248971537,-2.347583236872305,1.0008834777459668,0.6536632273679334,-1.0830554006455344,0.41819504024891363,-0.885912818079487,0.8979457212385471,0.0,True,False,False
-0.7939908886795268,-0.2667563391003775,0.1822183249821212,-0.14795217103848454,-1.2298126519923689,0.4506071538309002,0.41579829852352185,0.14718382273484035,-0.8832417120260643,0.14533313008397594,-1.5952642890503448,0.7707828472807926,0.0,False,True,True
1.323940297646018,0.10441235864947673,0.07700950788496524,1.6577422974256186,1.1835158340242606,0.12399603587528714,-0.7988682126159725,-1.1183065076488554,0.6810292068247417,-0.061508276526691094,-0.7338645613292273,-1.5535302993344415,1.0,True,False,True
-0.997583075632805,-0.2898856894437577,0.7824061225009208,-0.07190863652072782,-1.4359463081333206,0.2582635639907747,1.0414064609960751,0.6455763246140771,-0.5560731875773193,-0.7908287542490116,0.5102094969432819,1.0866998236148429,0.0,False,True,True
-0.23937626381992697,-0.13063668182491772,1.5594067556868854,-1.9311208923929828,-0.8294481157998829,-0.7360582692441902,1.3237821711706674,1.0859474910094558,-0.808844042635692,1.04368289212943,-1.6336885707775457,1.8162968899184366,0.0,True,False,True
0.9551727399063076,1.2772993978528966,-0.7890673316773817,1.0714122519222733,0.8401752408268134,-0.3598176377462553,-0.7257835976614644,-0.9568306417912097,0.5583121898010835,-0.2860687264525801,1.156501035355824,-1.0421608710272108,1.0,False,True,False
0.48563551077578415,3.3311892813850466,-0.4173141758886916,-0.1553231097144508,1.0047022334039148,-0.21725225057714745,-0.9051844112436028,-1.2628365872089165,1.7205907407868473,-0.8466171347273469,-0.2313640666029049,-1.488028964717144,1.0,False,False,True
0.01902760920072066,-0.19658521796261832,-0.3858747765493481,1.4579866361233147,1.062220672999359,0.02138956907197928,-0.8638422209323294,-1.4180712447460913,1.1631047544157707,-1.2232934586944701,-0.15693364414882674,-1.5957789928834745,1.0,True,False,True
1.898020942202527,-0.4430134235922974,-0.008104812824338394,1.9177584449552723,0.30184800175241633,-0.30559104811446347,-0.3834586175587729,-1.1020154678912888,1.5524373782283796,-0.12524978331002448,0.27101470311879355,-1.3650828738444813,1.0,False,True,True
-0.5154903105020805,-0.10549000989726624,0.37583037354521753,-1.5921231864754066,-1.2595304979150181,0.27737799583602124,0.7661740606712609,1.367885867490836,-0.8816889391793465,-0.1320919022842905,1.3695962038320615,1.2571929024652198,0.0,True,False,False
-1.3427157803471208,1.2060127430918588,0.49804736807151756,0.4290939033060056,-1.1915775431730435,1.2646944421769437,0.6263911327477245,1.1137736900086204,-0.5425767321019088,-1.2355580493884686,0.5541376828359891,0.36091110498314893,0.0,False,False,False
0.4834649825289556,-0.6982263854030891,-0.5803901787102161,1.907322806959009,1.2729496332604269,-0.9959360332347006,-0.6348055469350967,-1.871251544502125,0.5596258653536895,-1.023089254417166,0.18874292656401576,-1.7154967291399525,1.0,True,False,False
-0.432220117899817,-0.6024782574082489,0.7624104500096992,-0.08841527252420299,-0.9818407190891839,0.18384905476530072,0.6747659077416779,0.3961492317606533,-0.958976587369846,0.08425115923330267,0.17774871990921903,0.9429645354218888,0.0,True,False,True
-0.03063938431105053,0.8556515101699583,-0.5025965588103906,1.2363951580014494,0.9726707892126214,-1.9085877421223738,-0.5296341798916496,-0.91377683809853,0.5587636857143222,2.1681435570833623,-0.609342944740701,-0.5332130446647904,1.0,True,False,True
0.8482687274414463,0.2646805268705597,-1.3336449432098976,-0.3775331442424489,-0.2213169357441583,0.1006712435586607,-0.20928633217626388,-0.33560747463305446,0.10363817665181899,-0.457275247600306,-0.5526973616717419,-0.15918595137962643,0.0,True,False,False
-0.4378477647337809,-0.05650908837182839,0.5364294424370172,-1.0465359483969892,-1.7385050294392217,-0.9901752476986059,0.7470554496653565,-0.468088092600941,-2.3509656768432565,-1.2689636849094312,1.221627117249008,1.6182049137199686,0.0,False,True,False
0.6519542408213903,-3.5019667503374023,-0.765187561793878,-0.10138498032597128,0.45961920066372025,0.036621844961305584,-0.8329657358843905,-0.7614780165712473,-0.004060544888606876,-0.9564558479101254,0.5957107586324044,-0.5594295755356071,1.0,False,False,False
-1.013760738528906,1.2612481142698007,1.136190397016716,-1.8704276705993637,-1.2694192603223735,-0.6860632279505707,1.6743153903567198,0.7409912680682411,-0.4771243059472934,0.31342325382146663,-0.38052513223739176,1.7855027900629825,0.0,True,False,True
-1.4506028392775783,-0.29575609773976586,2.0883522143413167,-1.3296933811689184,-1.5471443479796383,-1.8530250807109596,1.3205166440135478,0.9986012567831686,-0.8320401110721432,0.21258767916498314,-0.4966613011804065,2.017848943185814,0.0,True,False,False
-0.8547617848735858,0.0930091936858438,0.13140425524817845,2.1028178767658634,-0.9221219740119795,0.6660341488822735,0.699108646349442,0.6129930555591716,-1.9414046342964446,-0.36870416903194503,-0.14303448271777897,0.14467680384536358,0.0,False,True,False
-0.44181835295618044,-0.9633665626242093,0.26619108310529316,0.14714004350300713,-1.432023251369009,0.22841897171320155,0.49482793032840644,-0.21933616764898722,-0.5970776193056113,-1.2517418913654432,0.12316060135866416,0.6605363893970642,0.0,True,False,True
-0.15321495105666114,-0.07507477284446906,0.39711219243676654,-0.0010822992610207258,-0.9514357982636408,-0.8572848493856359,0.6757540741064689,0.4492428781945744,-1.4283940805604585,-0.9363017199641057,0.19225526541262894,1.0863325098238414,0.0,True,False,True
-0.3806691581911841,-0.4757976652672845,0.932802508651872,-0.01777102098228368,-0.9604496778567655,-0.33724118179677415,1.1520956235163022,1.0314316454616597,-1.7839919290057096,0.670444635689262,0.8925091174348742,0.4803708503952619,0.0,True,False,True
-1.611496515625347,0.5395337214617683,1.2113500052150923,-0.19019438466705013,-2.6078262172995395,0.10640695745715731,2.1040102061600834,-0.5294841368344005,-1.733655866587276,-0.4588409236408525,2.5871134899040467,0.9810328249017627,0.0,False,False,False
1.6666565404932066,1.0866880809799007,-0.7822132070758951,1.9152984287742119,0.3965284926705593,-2.1726957229407855,-0.2820351347718598,-2.1494766512985954,0.8221512575032598,0.06036705282553314,-0.6829555935386405,-1.3359903519371095,1.0,True,False,True
-2.09320719970145,-0.6358241366075998,0.49817216179054946,0.5724816318357059,-1.804142830792821,0.7827960703296681,1.2369524489435642,0.7821350839402851,-0.7525670572267027,-0.32670383518762947,-2.9396949917539534,1.1180957871764043,0.0,True,False,True
-0.436372518442342,-0.5594634225013505,1.337140679071265,-0.3674149557967569,-0.5912854796305914,-2.0083338349180324,1.398728355940981,1.0534713965200504,-0.5783828808840469,0.8155042831121986,1.3404535286380612,0.7772778561470257,0.0,False,False,False
0.4829511339401201,-0.23149039936742627,-0.09390002991620196,0.8333602418412925,0.9946344272072027,0.7464071749953557,-0.963771042394951,-0.8774461223303939,1.2633774818076382,0.030673652542153082,1.2877072162045007,-1.2570814751658144,1.0,False,False,False
-1.196832536738708,-0.9119290110229701,-1.4832446418552516,-2.271289583513148,-0.3901628104628695,0.7189211544594567,-1.1559264917296803,1.1535049913613835,-0.22173686596463593,0.7195492269874237,2.685731541919809,-0.2389321530077728,1.0,True,False,True
0.6072983411050119,-1.5436329371295892,0.7090200336183091,-1.311103925962123,-0.6064522510360159,-0.20507951672836391,0.7316320996994459,1.981466808020802,-1.2642691525014829,1.2318690234715806,-0.2685758580719609,0.7708205557454899,0.0,True,False,False
-1.2830700046679004,-0.01577446746816176,0.4754803901129342,1.4733747069820473,-1.2832657533304672,0.8289274895999675,0.6099561723318854,0.4291614273644285,-0.605836552078055,-1.0401308870418666,1.2264902693966462,0.39050046367751184,0.0,False,False,False
0.9875716466305664,0.5864860582874442,-0.3366935384535264,-0.13207461552092242,1.3914893698065218,1.0432635408397806,-1.193894489493089,-0.5924665057137245,0.9736556661402257,-0.028502856322280522,2.2404734803489608,-1.2432972412455892,1.0,True,False,True
-0.6017963226338546,-0.9715845602260833,1.545473764801722,-0.717291590265061,-0.9345552342672551,-0.2886297119331746,0.9408957118655373,0.8159298742215986,-1.0875407420143182,1.2819550099029924,-1.345407124254704,1.576599358958399,0.0,True,False,False
-1.3902440250434183,0.23377277277441114,1.556219006445913,-1.3830482053443127,-1.037350192767804,0.22313148668565663,0.9833571277628952,1.1872320699438095,0.1685015986198635,0.9851710143593707,1.0684028800620173,1.7057353029734637,0.0,False,True,True
-0.07602641710871258,-1.5376592259170014,-1.1443906631088434,-1.0886623697887083,1.1372170445282288,-0.07514955145032887,-0.9761614882037679,-0.579524524698601,0.1631243377109544,0.7818422555000708,0.14249426130228632,-0.4255959924069413,1.0,True,False,True
-0.42971125868514853,0.3508025174487016,1.0724337178194503,-1.040005013628721,-0.6584192373979506,-2.098972337073202,1.4898310506797956,0.9585049236919612,-1.0735451793795783,0.20457676120949692,0.9162638028544811,0.6756349418542592,0.0,True,False,True
-0.5506063861881682,-1.2209374579018912,0.5762251465373188,-0.09932049263742732,-0.5396690433708621,0.0979894602556048,0.2575825697417619,0.4203133656600993,-0.8062403132232786,-0.06782784874005338,-0.39255920278863216,0.36739795867074804,0.0,True,False,False
3.054230076461822,-1.0193052714700626,-0.5333376363427779,-0.1021939989300661,0.09447052288245342,0.13878020769045465,-0.2850894544624735,-0.13266532137269502,0.4182226684916299,0.21668239606806025,-0.15439280587875098,-0.22064753738636622,0.0,True,False,True
-0.35063375077329295,-0.16519255183750886,0.35293739668247276,0.07676339583719116,-0.5635631891090023,0.3537925203054041,0.3598410873766803,0.6235686990746925,-0.5503384607819124,-0.10152038679140572,-0.11873541184945074,0.31947558861934183,0.0,True,False,True
-0.3948585027550522,-0.017592367341887138,0.6817207899567536,-0.5585843500479306,-0.4106486225257742,0.05996781289410052,0.6507902889599336,1.1821921977688994,-0.6817782147379517,0.6411199044101406,-0.027534321188138464,0.657699304888754,0.0,True,False,True
0.45252359171979795,-0.7139450210005684,-0.8130500387947611,0.5400610249361606,0.5160115434828687,0.16640044523529693,-0.6997980025332248,-0.8908028960240295,-0.28892065479570794,0.09783080595660698,-1.4781533986956128,-0.5332219174910946,1.0,False,False,True
1.3062732521952138,0.07841663384726341,0.01471709582350657,1.8839313563049536,2.0895455094945117,-1.243463693740974,-0.9356621274242402,-2.232295523859388,1.2352161318408617,-0.5025489780986624,0.5382033449522372,-2.141163693882557,1.0,False,True,True
-0.032980252681575714,-1.0289069474012331,0.706097130546558,-1.5220210753946595,-1.389996284342401,-0.8800365963211988,0.9309713894053119,0.5023184693050688,-2.0275555791933235,-0.05083891995653937,-1.253595474029296,1.6696789101328913,0.0,True,False,True
1.4961228892691432,-1.3954212451510497,-0.12474020561199475,1.8559315771062102,0.8346197275387741,-2.3045576747987346,-0.19160521646626838,-2.2751940401684214,1.2063631947033424,-0.248317382887855,-0.20945536612688417,-1.1069339679305759,0.0,False,False,True
0.6058123393952897,0.890664108514302,0.5474110904214382,0.038905543093501006,0.761144881662824,0.16950016779917787,-0.3019047871833783,-0.8173287910295716,1.3518249536966,-0.4133968193341838,-2.0048462512414797,-0.7180721753969316,1.0,False,False,True
-1.8027714294139698,0.86740470208476,0.3982367665786141,1.2418241545592126,-1.0123922165530934,-0.007261078555266293,1.1341163290138252,0.5022068511752112,-0.9432470549507744,-0.15080235932842856,1.8490919171854878,0.5220943910415907,0.0,True,False,True
1.2550220884284817,1.932230509787895,-0.6070719334980335,-2.8513365429311306,0.6270374872257843,0.040591959644379234,0.3833080125071903,-0.40428702826564744,1.9655639993931884,3.7181769028212828,-0.016595994672828632,-1.0517674427206334,1.0,True,False,True
-0.9215172333215853,-0.037294449042382834,2.0612896119344883,-0.3502486852819102,-0.4499561420541951,0.6215825333245303,1.2509729592354122,1.2469934599386232,0.34994668571408344,2.3620663843078202,-0.4911799404640545,1.7279155988513615,0.0,False,False,False
-0.2569148554761273,0.9487596353702329,0.7089912441172863,0.13126777882557245,-0.7888562792463055,0.21217908525142637,0.7610163105148614,0.3311608050423447,-0.5825950855689958,-1.1317713536178233,-0.3981735446447207,0.4033120519122831,0.0,False,False,False
-0.20604703305088523,-1.1042509000416456,-0.671798618840837,0.23187448380786418,0.556819192541623,0.9956270251347725,-0.8640792211261461,-0.47036034884581274,-0.07471684728172392,0.2758016492691468,-1.1817905135551137,-0.32961204712425446,1.0,True,False,False
1.5318659451040355,-0.2654526914889175,0.3928070085936276,0.033564923910232476,-0.3686568936612052,0.15176806110423224,-0.7574802593959067,-0.45927041223860254,1.6111855735226455,0.1845443461458647,0.29038147419912713,-0.1934439041651113,1.0,False,False,True
0.6080566311251157,-1.0651268346398948,-0.38498842294014707,0.9836008702942854,-0.05764256068572904,-1.2742270100640047,-0.4347442052676929,-0.8293170733501277,0.1232090136039218,2.1002631741789357,-0.5890796213806488,-0.3999481739357439,1.0,True,False,True
2.3016205433500945,0.21492476510212097,-1.5949671107116659,0.8335510015903561,0.13235318195968793,-0.4473516462515361,-0.6191991699874593,-1.0421362538786993,0.5383104289215527,0.23857978300121843,-0.06216027553093816,-0.7408996409139922,0.0,True,False,True
0.21381383121609732,0.17368174742941447,0.4442095614826644,0.39362183506075954,-0.6284226173630021,0.13922692059813124,0.5097136813291976,0.6694422266820609,-1.461007579583268,0.3244686033890296,-0.7279978831287619,0.426016483306472,0.0,True,False,False
-0.5258471591923058,-1.051894294285602,0.6565598491827676,0.469929196115628,-0.4196371771664414,0.2980326948958909,0.4041439357306739,1.4658858694926933,-0.18226927063608234,0.9966891383580959,2.354896853334598,0.5989328306829987,0.0,False,False,False
-0.04449404893202985,-0.580124171201691,-0.005031419260755939,1.2088085533572281,0.9637543689493009,0.44573128183903066,-0.6430304433087042,-0.8468640649000164,-0.05801670797142101,-0.29742463260423874,-0.23150526284739675,-0.8322871049953392,1.0,False,False,True
0.1282287199238685,0.674664958205305,-0.4241836068375091,0.40161988052616854,0.14079929477868033,1.5970363064277675,-0.9190037276429208,-0.2366061057290909,1.2075675918994262,0.3484224599106653,0.10822676308918038,-0.5513064396745159,1.0,True,False,False
-0.6679595433753075,0.8662990663359452,1.9296998947120223,-2.7242525261178585,-1.3244851713498853,-0.47098366942908054,1.5577592874758281,1.2073570336407222,-0.1550725026722743,1.4848152403330712,2.319505934214521,2.3822657602029604,0.0,True,False,True
0.01170850940934172,0.11242573216607235,-1.3101146245416828,0.5156185755532094,0.8036471842452017,0.4050379686803374,-0.9195138462791428,-0.6431998789474368,1.105838954074561,0.053188658633010685,-0.03957261866192696,-0.8767164024582554,1.0,True,False,False
0.9741680884127712,0.7265148800800709,-0.4168514394009158,-0.3165333307320068,0.5769301223702075,-0.23013080253399215,-0.7488008575822623,-0.634719320550543,1.588574765117479,-0.013946334035130792,-0.058911460707271504,-0.4285787984990926,0.0,False,False,True
-0.9547257113702593,-0.09680038627806956,0.5174934618524708,0.6732653954938537,-0.9244759930232436,2.0500256860721033,0.6582931272462116,1.615969094072037,-0.28116598668832093,-0.22478156222019055,0.6250995120440438,0.6301711591319797,0.0,False,False,True
-0.909762627040559,-0.43280576086158035,1.5007517194694115,-0.6057810418067574,-0.9025950890841352,-1.8003125298941471,1.8805835238229214,0.5508818144006736,-0.5239263442860941,-0.23034035129293093,0.25281280526095623,0.9183865095074843,0.0,False,False,True
3.0039166897271854,1.4639480819499007,-0.6812797373307774,1.6299261783775527,1.4960223378209319,-1.2272090366201098,-1.0085722823949892,-1.1784432509375091,0.9107687121720641,0.03689357307249638,0.5692187149995732,-2.219929992760166,1.0,True,False,False
1.2731970350595727,-1.951860449659476,-2.0757149365573855,-1.3470955385027374,0.6919584046030695,0.411636587447355,-1.075026831177097,-0.12532079311212294,0.48623052650175413,0.8038288694264075,-0.1268424652783921,0.0045175712989148084,1.0,False,False,False
-1.526821857732687,-1.655065153506291,0.6323088377511153,1.1365816564136801,-0.7417582489046245,1.602682593204684,0.7690198963785538,0.9050619887057838,-0.592640405904166,-0.9015294383139607,0.48096084921605214,0.1102242742641678,0.0,False,False,True
-0.10528665583667055,-0.1007823433221785,0.6123419109175081,-0.061790414951465596,-0.5427483010436016,-0.5990702698863477,1.0113328271080604,1.3514782057213792,-1.40193151474461,0.18473182905916666,0.45941525852100834,0.5428785297161693,0.0,True,False,False
0.5860125923822116,-0.7737922736057546,-0.7980186558721376,0.08076282687540748,0.4618701538230488,-1.1984718124094493,-0.5342500116888068,-0.8466933371636474,0.8577179446954505,0.7387308527447984,-0.2835223811475961,-0.6618807664047054,1.0,True,False,True
2.0867964182713243,-1.5547320909840285,0.815582949882639,2.6302186186842427,1.7669969137452761,-0.12732589438817918,-0.3840397542577278,-2.793128219009888,1.378686059714759,1.2179466466440816,0.6264344327456521,-1.9381616395006716,1.0,False,False,False
0.6955722497357528,0.4288504691005706,-0.8601798188829604,0.19519892608670125,-0.9044911111178181,-1.025627860285851,0.1076122889515286,-0.6758265911629453,0.5808298310794876,1.9089784537766217,-1.8407970876552382,-0.34759466800488037,1.0,True,False,True
0.7296687078032708,0.6311275317693501,-1.0928924065658467,-1.7722240340221203,0.518161562322298,1.139559010795342,-1.045700651503281,0.3633925134449874,0.5944087181866287,0.13482238681536107,1.3537161724516895,0.2519330437161335,1.0,False,False,True
0.6634712610275647,-2.3484146988842616,-1.9135209657819914,0.35581817972116114,1.239265031211245,0.22401816421300713,-1.4539188035290926,-1.0215634807663225,0.9434729544901082,-0.2200246849197634,-1.6423746498673721,-0.8307339130249435,0.0,False,False,False
-0.6758777344624761,0.08874900841771502,0.4148313834385987,0.04749214453063762,-1.5307115406766039,0.3100714832256135,-0.4456436818518702,0.601219631733133,0.19333881117730456,0.682760824325926,-0.06686255532863052,0.6834011997612494,0.0,True,False,True
0.14614810349039747,-2.6356023583767385,-0.7045571759986547,3.2408804426136264,0.45801629415063233,0.025072942111697763,-0.7897474340276752,-0.8333269254536325,0.6651709352240792,0.9730432500165761,0.34140360250008844,-1.3098430021338963,1.0,False,True,True
0.26610442975601967,0.06837519805146972,0.3819998337798659,0.126584495774574,-0.028002124656091705,-0.0914750034304445,0.3575779326223015,0.7987168447847346,-1.385722214500343,0.02846331129490326,0.41940696537971295,0.058740033420659164,0.0,True,False,True
-2.0349422182584265,-0.9044247663072561,0.8149148343702952,0.4847883987889193,-0.8930858025753436,-0.3619904249422543,1.562679726164037,1.1544321307825196,-1.3219799529901368,0.41008624150316186,-0.22014335080480552,1.0702444509575422,0.0,True,False,True
0.6402182502687604,-0.17141280590258645,-1.5936300971159005,-2.117552797934938,0.3189642876707131,0.25913176807624855,-0.9627165262093623,0.4348054570089545,0.705130831475471,-0.266630396415223,0.042016340035331085,-0.25326584816243886,1.0,True,False,False
1.213145782043263,0.15395374204098297,-0.6843028850713605,-0.012561517260046085,0.9331394403837177,-1.1833869305608649,-0.464061485499046,-0.6171842531586117,0.7292108285772931,2.037258920409234,0.9407240208629652,-0.3324595283436436,1.0,False,False,True
1.058221891431465,1.3455720625627137,-2.1434029542352158,0.6783485971158235,2.028442355875037,-0.9305882675258689,-1.6177738856926045,-1.5237328614163068,0.7426311345542652,-1.1291270554099917,-0.39990626922215156,-2.24016335247672,1.0,False,True,False
-0.242138650889244,-1.4400986362240935,0.7106478443454797,-0.08894907120108289,-0.985811064970713,-1.5811043558666675,1.1851121474924664,0.5027523503445231,-0.8481443873093695,-0.23955805266734287,-0.8616929113574342,0.6292141999190178,0.0,True,False,True
0.36647375383133834,0.9677418284546159,-1.5706198663178703,0.40089735105553814,0.6322035512580125,-0.2959275585529289,-0.8568831024812978,-0.777912132042339,0.44414356856997855,-0.5018355441428151,0.3834624249608402,-0.9066291210748312,1.0,True,False,False
1.7366742457322204,0.29249522446323234,-0.923454927425075,0.47962146963133967,1.2107256052155597,-0.1584726967675825,-0.9108589255461986,-1.002892960157659,1.4756925184378356,-1.558976378268018,0.09606400670379175,-0.7667641084410772,1.0,True,False,False
1.3787058364637592,2.3246235693874238,-0.6263526728318138,-0.7852165075077986,1.083846763915311,1.4551709216783237,-1.3738876943799572,-0.44307077007310475,2.07042919327798,0.12767412229640807,-0.30688740274778964,-0.8565403302594687,1.0,False,False,True
1.2997686781682507,0.2530052751505906,-1.1624030462577504,0.8344703309007454,0.8293252276738078,-2.1829720982359597,-0.5642884013088973,-2.403017537113872,0.2769929542063671,-0.6732852284828937,0.38777326328325395,-2.1670459805835045,1.0,False,True,True
-1.0716421592181804,-0.5481751052534413,0.03523622913308735,0.1809408524421433,-0.13877354497503538,1.7974524993214054,0.10863402890902688,0.8116839423124259,-0.5247509952905682,1.1706300930558315,0.28926469503139285,0.49337954964699604,0.0,True,False,True
0.6689111003044816,-2.1877863805618616,-0.3190460252862079,0.048074473045601473,-0.6583014840409632,0.08016575971550048,0.15303721724184896,0.8868652651303506,-0.5970579148188574,-0.12994764952136084,-0.16347175005754355,0.18705322561552357,0.0,True,False,True
0.2356280878332052,0.26857226716923144,-1.923394945252464,-1.1357297596458964,0.00915715262166183,1.3740843981636988,-1.2901213821165514,0.14423688829442094,0.019645757297436315,-2.1431930906721774,0.2554548192433478,-0.31650007989775436,1.0,False,True,True
-1.8235787285043905,0.6526714742706115,0.47451655243807594,1.5306963499596618,-1.2910723407954197,2.148377225089089,0.625220017573049,0.559119461890048,-0.8605936620636451,0.0812057726356092,0.14282849437814008,0.7988557617056421,0.0,True,False,True
0.9423655851122024,0.01353504941904708,-0.9511121873629694,-0.11592311339918374,-0.20733448978002442,-0.17893249283704166,-0.7688713530496306,-0.4716267951343873,1.1357844816193654,-0.10796932930721843,-0.2723427091507211,0.07352111660474107,1.0,False,False,True
-1.677134739831812,-0.21632509815181114,1.0317328463982716,-0.680079761861048,-1.4510864403995094,0.03781909320600008,0.9569148349163684,0.7230430266572547,-0.6096455077772907,0.13103992186684707,-1.2438119662826426,0.9975174768367472,0.0,False,False,True
-0.1341963812333759,0.097259616118781,0.38306490597650295,0.06417654377867045,-1.8970152086883652,0.052904799525074854,-0.07138450216318169,0.22824115880845894,-0.36336841255943647,-0.27283160941727075,-0.030063753646287827,-2.9845379511512737,0.0,True,False,True
0.25703301530605244,-0.1775301194686843,0.49898616146826646,-0.02306805937311225,0.8906780995118024,1.8124077553323246,-0.8053128548983352,-0.3736381476114354,0.18582346248119724,-0.3558849620206575,0.5443127261685602,-0.34414046335172094,1.0,False,False,True
-0.6271872643176243,1.3707894260223514,0.6030935377328196,-1.2020119209701727,-0.9716484134082863,1.0085517379833255,0.35190756687072033,0.39040025353512103,2.2390669820973312,1.1539731533227857,-0.6893736375892084,1.7689448563174084,0.0,False,True,False
-0.910721498477222,0.6609243008211907,1.8117484602994443,-0.3972313145520963,-0.7449905819508938,-0.19277522455619564,1.9033403580770403,1.0149552424036838,-0.4411981367004014,0.9913667168592587,0.9559549268348108,1.5462787907578943,0.0,False,False,True
-0.5075009838573522,-0.863629821118772,0.5980600431497399,-1.2806336651115773,-0.8015028924966439,2.0736287445278796,0.12768597388865605,0.6419206936195451,0.0955155873611485,0.16327429210787195,-0.5883445560394801,1.4017650473249985,0.0,False,True,True
-0.26901701713576637,-0.2778405925562111,-1.9654549613509544,-2.0506953983049554,0.5606844654043791,1.6023069248500168,-1.1955709795521707,0.4372820649878665,0.3098147498917436,-0.23896591300612205,0.028823838981631555,-0.2669833448693266,1.0,False,True,False
0.8325414142353696,-0.3211157554070347,-0.636063941335852,-0.4319623832266532,0.8453434840415659,-0.5608832012493766,-0.6845153481913834,-1.0284675503264336,1.021545591354518,0.3175860805024958,-0.24340992132330394,-0.4419846572293181,1.0,True,False,True
0.9411410506314641,-0.2320649041259619,0.7968834665482459,-2.4796829880846953,-0.9926432338892672,-1.4932892839048886,0.7491900243629721,0.5768129592631681,-2.17182312649632,0.3766217725603015,-0.43744801208441897,1.6714330993386033,0.0,True,False,True
0.8662448543374861,0.3923320890446338,-0.17158457875076963,0.5741633818968137,1.95442247463824,-0.2738699236493655,-1.384023719375268,-1.4542083400195087,0.5634334063811918,-1.7286519359055843,-0.32974258217344343,-0.9203505422241798,1.0,False,False,True
-0.5469054089336229,0.7658492310209537,1.0730375278395654,-1.2162927195172475,-1.227985666840812,-0.3602875210902876,1.5311953877874394,1.2263457991430498,-0.21829600019113243,0.7734981179287109,0.14077194729227105,1.5683982030994452,0.0,False,True,True
-1.5458046809482402,-0.12204211051402739,-1.1636600683499727,-0.23998280678626246,0.7812830180543567,0.09627646406818613,-1.2583071318267072,0.025485579306236912,1.1632865793788723,1.238549393668491,-2.169833455941466,0.35270687244714233,1.0,False,False,True
-0.7503094545860837,2.4843068428330923,1.0478121773889597,-0.32267656986847343,-1.0715404200470073,-2.2322249109972403,1.5537119823600187,0.574382373217747,-1.8760495671172022,-0.3423168813529966,0.9618415613033873,0.8919050777537191,0.0,False,True,True
0.12637217089433522,-1.1775798571098932,0.6825526957746302,0.3468756529553787,-0.4048070618753769,0.5329516070908322,0.36320639186964127,0.5257812872806827,-0.7410162358382945,-0.24611506385450926,0.7300673686524912,0.21301703955175963,0.0,False,False,False
-1.8925792545917473,0.9824260179691048,0.5017296626015559,-0.7270512792645982,-1.9928009206120125,0.4258986219821756,1.152427831801643,0.61090708164473,-1.1165261212595128,-0.8936384724508989,1.0127738754211715,1.8395717101890359,0.0,True,False,True
-0.6512841159417729,0.13722676481088955,1.8129947788147884,-0.890232669318635,-1.3735083796458802,-1.2874981820729678,1.4642127218012573,-0.28157668757914517,-0.8207077787144316,-0.2068250205287159,-0.4103177883371789,1.656042786642112,0.0,False,True,True
0.7724885651740012,-0.041092049186725696,1.0366459292699968,-3.142926932476055,-1.4067948905360863,-1.7736544162535606,0.9936110414168263,0.37023944962433225,-1.442528788550503,-0.15795155353988355,0.19351159394565062,1.2692692509456864,0.0,False,True,False
-1.35250763387376,1.0072559944500565,0.5849825527831957,0.22174653542284795,-0.6332418508463773,-0.2098067561191139,0.40842860377182466,0.9788887240968921,-0.8243448013322742,-1.0896200698574707,-1.3177309146590217,-0.23736670218773423,0.0,True,False,False
-1.5839035626581501,0.32045188049882417,0.7207128217917946,0.2905508398002632,-0.815766767684609,0.8339961045468041,1.1303064687473412,1.5765060215635083,-0.23804697834456046,-0.41416758919854607,0.20643286313358086,0.5148202222339714,0.0,True,False,True
1.5830255683456003,-0.2870486014216732,0.4688862909163982,1.2307236740635656,1.4322961605798872,-1.0769475818906047,-0.5717653716630888,-1.6497479378751867,0.797753945881862,-0.638143588790666,-0.5244991284411438,-1.5792789190822432,1.0,False,True,True
1.0492376077653462,-0.7492810667735944,-0.9443467366452394,-0.4018085908968693,0.21570140542787147,1.8429346041752874,-1.0490948753761202,-0.24784106947199186,0.3055862758773218,0.6748340586461307,-0.541628116279766,-0.4164158596158934,1.0,False,True,False
-0.07963248750142797,0.15243368267066568,-0.6005199317918288,1.3691029737170233,0.41447161332891475,0.7842519863418865,-4.0902199616040775,-0.45633112293571243,-0.39289814472801937,-1.2570809509299294,2.517101270632848,-0.6024991011967502,0.0,False,False,True
-0.9027250228376494,-0.9069931213467585,0.12322436421056655,1.6341607882123426,-0.9141127424852359,0.4467779374907169,0.8758010178626762,0.6243662958902251,-0.6621079213183939,-1.7564117396304562,0.2850584416238153,0.05448576823452249,0.0,False,False,True
-0.7747237030395481,1.275019005856333,0.23639354920110708,0.3902815489418416,-0.7460429785252639,0.6612703160396081,0.5507493776227398,-0.007564441061792495,-1.8404564934364707,-1.2692057005546868,-0.08851249715480106,0.18572598662933237,0.0,False,True,True
-0.3755592648838337,-0.4116025718457812,0.5271943225260661,-2.227126628936657,-0.29144655051467405,0.5965520004719009,0.5871868514012141,0.39585010564782014,-0.26855906373450644,1.2203977094256404,1.0612173657778792,1.246125490134534,0.0,False,True,True
2.133947516718539,-0.1581501338030696,-0.29915790432982753,-0.37833882474963104,0.5253907760454597,-1.3001656479075578,-0.6329670737740806,-0.8415320756365213,0.41382155510294655,-1.195248521137822,-0.6511214590690092,-0.942325493657412,1.0,False,False,True
0.43255510792691937,0.40856325003660576,-2.328589295721881,-0.3447759405420639,0.24453535020638695,-0.36497300940281285,-1.1522277899432671,-0.353524611974699,-0.16430755358149776,-2.6804507834059725,0.40325552060308645,-0.7218046572416579,1.0,False,False,True
0.9816197608598285,-0.110924138637978,-0.9855925684729293,0.3057038632255639,1.307061586613842,-0.10130573868430891,-1.2541398935480887,-1.0658995367140593,0.6648066885363711,-0.07699758164375632,-0.2869721954032963,-1.532131486249884,1.0,False,False,False
0.5549075840478574,0.2846284390217814,-0.6178165668798484,0.8814921259801936,0.5668447429273277,-0.5657751891962968,-0.2685542474716549,-0.7173445821633365,1.1853297856768423,0.6389337998892095,0.8097631357284157,-0.5164478565792084,1.0,False,False,True
0.38033223705470043,-0.9013890361231559,-0.29247912820971794,0.10410206694015067,2.098516868401339,2.751999075992108,-1.8148298067201134,-0.4864669204846495,2.4490356840463563,0.13576708818022012,1.4122366824602806,-0.7186830365686433,1.0,False,False,True
0.8462054778051191,1.6279936862467144,0.22105368403082737,1.692670597069219,1.98708920460409,-2.194218070903478,-0.5474144182501502,-1.2252931771997249,2.4243124507289564,-0.1579655219714109,-1.4612995921597902,-0.9129460537531521,1.0,True,False,False
0.41616914432691476,-0.008087370224708266,0.07212901146560657,1.5479825782002297,1.3597677164875916,0.8043723988022289,-1.1794797126992715,-1.7894917533664767,0.21559908360157434,-1.5849054298040728,-0.20102006423532326,-1.199227955331918,1.0,True,False,True
1.3717660320871632,0.8103439468775551,-0.5314653244449915,-0.4766836304089854,0.5248627584676329,-0.3714018709345072,-0.6447412216001587,-0.8594457394678905,1.154789865469298,0.12795390027972048,1.7095618230303236,-0.7614961800253227,1.0,False,True,True
0.3192166548342418,-0.1493989512184476,-0.98696453414156,0.0007909487851548487,0.7597019251513976,0.8354711868256044,-0.9681438178891423,-0.6743048633695692,0.6559036806072563,-0.5854185058499894,0.2046332053987622,-0.8027063219053098,1.0,False,False,False
0.6090839604513721,2.212909915797293,-0.9286682223282166,0.37866155885746616,0.7448844352559137,-0.1138128544502184,-1.27040505263544,-0.9701206224194211,0.5550120295659752,-0.7789450551498335,-1.323953205453381,-1.4856007609358017,1.0,True,False,False
-1.5331714738332987,0.8713563506857083,0.4836957951426118,1.2161475393549221,-0.3913763966958467,1.2317704581809499,0.7067472869329253,1.1728131809498101,-0.5098465324440846,0.4675272514711628,2.1855286445687048,0.24965722293390785,0.0,False,True,True
0.29638950172051454,0.5915670951145574,-2.3654733289349137,-0.5493197957615428,1.7326277572125632,0.7796622620136773,-1.092781651682032,-0.5241001871374881,0.6152533190542399,-2.0651030254212697,-1.2301233791807875,-1.5827640532674512,1.0,False,False,False
0.6274701695243133,2.5871694176605957,-0.3340941817410045,0.157371482758097,0.7159557404546115,0.26445782269816176,-0.9082622660839039,-0.9703200956380665,0.6407157438152599,-0.2824768874102679,0.016600991442014372,-0.8325017611353605,1.0,False,True,True
0.888455463402688,0.8586554550775022,-0.574155039709246,-0.20574874014621589,0.6905049569539333,-0.2929589565859356,-0.755451220668639,-0.6924415570895588,1.1154000421814765,-0.12862520447362297,0.4730479489239178,-0.8385832530993746,1.0,False,True,True
-0.9408609843397104,1.325193600423465,0.37736303574629104,0.5798868987032293,-1.2838590341360503,1.5077181504539328,0.3623168159551869,0.5985356893036285,-0.7155836968825546,-1.5627130012224888,-0.8038200224700728,0.4882900270683784,0.0,False,True,False
0.28001232440223656,0.4406763276988174,-0.16496511706683287,0.2696068142761762,2.072908478630269,0.5891241173796262,-1.1541336672876987,-0.9624995485418292,1.9909520131122702,0.0044013858094043195,0.9197496740673538,-0.8300182539567242,1.0,False,True,False
-1.2811047035221843,0.11700692830251659,0.9302655833391019,0.34874848665613917,-0.44909693114736254,-1.1654016129916622,0.9725150526611673,0.6232912490686701,-0.9592978564538379,-0.37987115884817313,-1.1284785701921516,0.48875412543732827,0.0,True,False,False
0.5054799362175482,1.4689774547550603,0.055180278294118236,0.09897074683875677,1.9694479956487385,1.8091541686667125,-1.4556363696082917,-0.08604097698091139,1.4015009238620608,0.7580970469419488,0.16172425139502214,-0.6614923732128363,1.0,False,True,True
0.30474901129666876,0.693609768288669,-0.8671382989804842,-0.042349824853122046,1.5650843372711019,0.7563211063434089,-0.9373194284551571,-0.5890885272096841,0.3333834445727135,0.5519343609397691,-1.9559529911200866,-0.7314079391238574,1.0,False,False,False
0.8559795179711707,0.5842584086292665,-0.4870552287506297,-1.5632399008998803,0.6441968060292985,-0.0973677999459176,-1.7032035832807322,-0.698971316711022,1.8529425013774055,-0.47815198949745913,-1.9160103579899186,-0.532170175372286,0.0,False,True,True
0.5670552609231301,0.7167014449842279,-0.5036199896451373,1.5711253767495068,1.3229588217491777,0.08541501167169384,-1.1663166133462437,-1.8406180638621492,1.287051336876012,-1.4265267792937582,-1.092816194957635,-0.9832646998965641,1.0,True,False,False
-0.7508277706762713,-0.31924019418050814,1.2371223245195908,-1.2121208235801049,-1.4010299735110239,0.38198525423993906,1.0503171857722788,0.5072130230687848,-0.459239686986398,-0.5970428097503607,-0.21867279986405963,1.363057602559122,0.0,True,False,False
-0.5900977628543785,-0.1329510435893173,0.39263019861045567,0.04128749487653147,-0.8174404018034966,-0.5582494511343916,1.0523826820626971,1.0711306461505135,-0.6071648294195583,-1.3899415200025165,1.2707862488013628,0.4174897319129939,0.0,False,True,False
-1.2693472124377356,1.2772625290507038,-0.43171193623362736,2.5655329618391556,-0.6064477087695951,2.238105641771974,-0.034653823706254964,0.4797072543362265,-0.9243364961790055,-1.108862132994318,-0.3387548117970458,-0.4549621753109002,0.0,False,True,True
-1.1022116756680191,2.2413680691901834,1.2975404317633001,-0.31554249131091006,-0.6827431293196444,-0.5715770397875748,1.3143062621767503,0.05982486902055643,-0.9499409789805389,-0.2321185294601333,0.7727473606200558,0.6503497010712274,0.0,True,False,True
-0.6329328803646838,-0.13667596754248112,0.8733596236624518,-1.2964440200726641,-1.0038333853968477,-0.6651861171718668,1.2102081475561295,0.5835494735173222,-1.0690301698424942,-0.496209185757251,1.6011438482511064,1.5924559945259076,0.0,False,True,False
1.3855337762700746,-0.06890781946815801,-0.36821181805472863,1.6879171048682895,0.5509072510542288,-1.157181816527906,-0.500322238740913,-1.8565251226450064,0.6613764770332353,-0.045475015239109844,1.2548565393433782,-1.2186446295655615,1.0,True,False,True
0.5426838167428015,0.7409321681304001,-0.5868586235890112,-0.8318817271045981,-0.11075307389531475,0.5646892989554513,-0.31897914480443706,-0.05210283217482223,0.917931511712212,2.2839365393233835,-0.053805796602264616,-0.0911061640373539,1.0,True,False,False
-0.03955880296407509,-1.623093533235474,0.41130621288032987,1.1034529754365445,-0.3918234989894263,0.30097804560019553,0.5166583664139281,0.6588700239300929,-1.4529289445953844,-0.32706778322052094,0.08532307293779312,-0.20109611378598402,0.0,False,True,False
0.057080717957753165,-1.906844474820904,-0.4113301575650792,-1.4243134632261867,0.46906316749713084,0.8761606876651019,-0.811429422857329,-0.10603016030134987,0.8657938848192898,0.9282954543010605,0.2608526296409305,0.32189041665495916,1.0,True,False,True
1.1276919966148609,-1.1940200683287834,-0.12705456736399673,-0.4793157891104382,0.4267901403616575,0.7980764636470827,-0.7223315037929559,-0.17518980547690727,1.5274331872549003,0.09894363826806146,0.4441950166618051,-0.4969138450481446,1.0,True,False,True
-0.02917605771688779,-0.07171063969469602,-0.64294370243164,0.876479929343755,1.7572542058168061,-0.24538995356693746,-0.8647429603193748,-1.9381023008310088,1.8992852335603776,-1.2353050319088574,1.5173074237432573,-1.0811552156825772,1.0,True,False,True
-1.3096043856433623,-0.051707124029976924,0.5174103431208001,-0.06681496253740245,-1.0115555552066349,-0.3959119210030539,0.6448147873170889,0.5275772352820924,-0.2782497476345771,-0.535106952115887,0.050210173644877204,0.5694156176101572,0.0,False,False,False
1.2841006002045061,-1.3408834778066998,-0.4462954070149437,-0.48977591557437605,0.5433283642353293,-0.5659722280526478,-0.5801041269039756,-0.7675488207121621,1.0526332327981671,1.2673318143928667,0.0358965115294316,-0.31013022293409187,1.0,False,False,True
0.04913264083504032,1.4130598011614104,0.6066365078434665,-0.5357714350037612,-0.9572043680476334,-0.11383316729345502,0.7718236879612692,1.0333716189516455,-0.800281478570296,-0.36825665212923436,0.01852373663302165,0.8068253137782176,0.0,True,False,True
-0.5420440379527521,-0.8967614110019828,0.8824988567496769,-1.1908126511660853,-0.7278556474415755,-0.8589084382833874,1.0171617992203106,-0.32169213616189457,-1.6683109393519349,-0.6233473308716833,-1.0125123761291568,0.7224444677214712,0.0,True,False,False
-0.403557157728489,0.7787651921642792,-0.1593500618531359,-0.8650899514607174,1.7832115435705271,0.9492420013186816,-0.8927299310600362,-0.1681536953006491,1.3830727404238685,1.7818633289200332,-0.15843703095987505,-0.38156242347753516,1.0,False,True,False
0.5109997282988461,0.6445283869611531,-1.1547117161690328,-0.2533484058187012,0.1282068793011341,0.7598145094549633,-0.46494510563527525,-0.43383767020069025,0.3119835144662495,-0.05389240512431958,0.8935694402581469,-0.4780497578804778,0.0,True,False,False
0.9910023589918954,-0.01801142897664836,-0.10601008321490096,0.4230151952647768,0.3269736247081048,-3.999545878513296,-0.6060772306145742,-0.8234186909533568,3.348126423534818,0.08957467548707468,0.2407589936297769,-0.5625268774060777,0.0,False,False,True
-0.8078442902167694,-0.5321160297194103,0.8980248345783081,0.1972145631558701,-0.03264310142986362,0.34322251565026946,0.635084887403515,1.1371040314132916,-1.117615006476039,1.463982050697772,0.35249327071363734,0.5865802648487404,0.0,True,False,True
0.3024576617773514,-1.211733031864831,-0.15715503295276437,-0.024626964267832847,0.512981546006215,-0.4183838022806474,-0.6330718925757416,-0.7618590978938489,0.6797437670711485,0.7598558919530191,-0.015818503596656153,0.10511529545198284,1.0,True,False,True
1.648257437947282,0.08990006163764507,0.19324616208185136,3.331202036299766,2.6295121567405246,-2.808488968771357,-0.7653841079944955,-1.741698352085329,1.639718423157913,-0.5526023682902048,0.34175448894261057,-3.0008301225213105,1.0,True,False,True
-0.7853831034819027,-0.46052418886194285,-1.2930889224838171,-0.7649779905834074,1.1713651728760586,1.7033743659156106,-1.1062585244692376,-0.42599544721040683,1.6767960688335481,-0.1357994719525158,-0.24229076056146495,-0.5255685868444745,1.0,True,False,True
-0.6008700536041706,0.026405304933841935,0.5935253684816693,-0.174902868900093,-3.88131375743682,0.25906860291656375,0.7647372100016242,0.6682882062230385,-0.7282749638539525,-0.643925745549098,0.24654368220902584,0.8444812353673001,0.0,True,False,False
0.8867000453298105,0.10182877821890417,0.033492821671877046,1.8587829219866596,1.3766081409554023,-0.27488701876658544,-0.8195147305462275,-1.870051060627835,0.616308879249545,-1.4341761951941296,0.07057102930179128,-2.037830679572707,1.0,False,True,False
0.5505546660238552,-0.042240723454201747,-0.713239688723348,-1.6469297835250931,0.05697443362081506,2.117771178137025,-0.9630448751850613,0.5857012383733402,0.3791749579493526,0.13926618811781533,0.1560679594103282,0.3201271459758086,0.0,True,False,False
0.4294585893885624,-0.6317707086773632,-0.8521217057509333,0.6810550527063982,1.05409291170369,-2.007380182393956,-0.30948825258353335,-1.7081833333872203,0.8826332517010317,1.9328619631594683,0.27427425200237376,-0.684545690465983,1.0,True,False,False
-0.5892992400305008,0.7408393476461376,1.013720762455157,0.024536722012860585,-2.036462365184392,-1.3123850607526604,1.5541910134549288,0.5000721374137371,-0.5858264017274285,-2.9889721901748887,-0.17417731625149743,0.7262851746626776,0.0,True,False,False
-0.1523233115372994,-0.1163794294614223,0.11806109802439087,0.5702020446188436,-0.2493257191314243,1.2075162764358571,0.053774063649450185,0.7531543311722358,-0.5722493502301192,-0.04615528930796525,0.31591114547354937,-0.010731129157580638,0.0,False,False,False
-0.6398280724835879,-0.960932522108656,1.0545281079458617,0.6672189223229594,-0.3259149338758457,0.7658787661549221,0.64814857243686,1.347861507948317,-0.010663136991765321,0.6133596545666923,-0.16982431313307125,0.34081205731089736,0.0,True,False,True
1.098736872035079,-0.6730349898753885,-0.7714014602713524,0.4172041818027211,0.7122203035140177,-3.122557672381834,-0.47168280179287503,-2.2855149452480767,-0.3804348537574964,-1.2369090053708482,-0.8133985437688374,-0.9059058285836381,1.0,False,False,False
-1.1972374903016005,0.8789217761438948,1.4282942237184018,0.028312972946466404,-0.7003039077622472,-1.1509126195927166,1.5990854495053004,0.8198532459510022,-0.789915564621989,-0.12121679942360013,-0.12439139452206907,0.9421326950883386,0.0,True,False,False
-0.11865332828518894,0.8866829984806914,0.24630980483994114,0.33207360906486627,-0.9048469031525309,0.04684970282323341,0.3834017840469736,-0.010763045242338322,-1.561989242231504,-0.6340404713960661,0.7962324689184863,0.5751519718403484,0.0,False,False,False
-0.23499515658956224,1.3292744978474471,-0.048974383720738694,0.6725833676101052,-0.9091400582169799,0.148605573983371,0.2739025753095582,0.48799573490339987,-2.136552318575348,0.19392533178569973,0.443098477473882,0.7773191160608655,0.0,True,False,False
-2.2127483602155715,-0.7061080496001065,0.8120481928980993,2.087673818452306,-0.38780976162589087,0.061948657344055434,0.9084621398977587,0.8051434086801851,-0.6139745598190188,0.4253131944637928,0.33531193791165914,0.10653467886355229,0.0,True,False,False
0.9448247251623617,1.810912352392479,-0.3611138163853571,1.1822331519247253,1.5384493302370974,-0.5495666467281864,-0.8188944709966879,-1.5274179052989019,0.8908819660528187,-0.20444718983580498,0.2205149417643137,-1.1873474765150227,1.0,False,True,False
-2.353959211126872,0.21752040327138444,0.9408364481056318,0.4310826591895126,-0.9236349690302377,0.9781308587070557,1.4689239162295507,1.011110240389484,-0.09493910915481822,-0.35764208731032204,0.0363260286608831,1.3812390139799342,0.0,False,False,True
-1.0504141577249837,-0.6797196934575759,1.3788530995722243,-1.0007912229382507,-0.41260722328804045,-1.206480749914389,2.20620247260507,2.116787109155912,-0.291263673505575,2.6607628487733765,-0.9489060560979344,1.479205627038342,0.0,True,False,False
0.48202625758295936,-0.9935061721134489,-1.43635892568272,-0.23163467511303137,-0.6973916775747785,-0.5425318727458054,-0.2120978173480132,0.16044990027194353,-0.2743431578448126,0.4207716314604252,0.4364734834395038,0.7014848502276683,1.0,False,True,True
0.9564399090769361,1.1331232577726738,-0.5125502270187734,0.8238645375536624,0.7372423954471561,-0.676643891630459,-0.9432611030382709,-1.2039482963706725,1.4253105028100976,0.5651165244872456,0.39708785994990703,-1.4518739690709113,1.0,True,False,False
-2.78071920030918,0.025574104241156664,-2.1459858781183567,0.17215221822408008,-2.5974414645253896,0.047025525481513196,3.2260528628168004,0.8460205361418618,-1.7525426396026695,-0.287018172141359,0.37367035730785,-0.743726669755886,0.0,True,False,True
-0.5372749707052452,-0.030532333496333625,2.131068192525473,-0.11412912032996644,-0.5489628954796456,-0.05787421349025515,1.9756871463691839,1.2006439467040255,-0.24154158874737053,1.175621255630623,0.5728602174956869,0.8706885498928044,0.0,False,False,False
0.5632969081817456,0.34915378539445485,-1.9020645234128506,-1.2433370942601412,0.43615235273946545,1.5999683046372903,-1.3459581162601133,0.23868425476746064,0.6066959165886158,-0.7730697526323547,0.11380167773332496,-0.36970126367827744,1.0,False,True,False
0.256405270281013,0.0021182938667604315,1.2168051887335913,-1.5022513994583717,-0.34837089908772195,0.1883666391949057,0.7787131782049226,1.5859030868830073,-1.2290026745293057,2.1553559362182346,-1.7598745983169624,1.292546529485517,0.0,False,False,True
1.2219878882733173,-0.18935708488005618,-1.1647395013686437,-0.5294398842987438,0.4927308393585562,0.7506025588942028,-0.8078756367865878,-0.1304797565500946,0.6320638346149807,0.12167962373710343,0.6992708248766178,-0.5600292011216687,1.0,True,False,False
0.6066165620404443,0.9979320405765705,-0.8681619794634433,0.02785098923279012,1.4559910652281907,-1.3771458067589413,-0.9912528045111328,-1.5483181712532972,0.5424577038039534,-0.4719179715468716,-0.12042862187081746,-1.2360765582688238,1.0,True,False,True
0.6065033840370025,0.14759962129960183,-0.45467485130390933,0.03589478473835054,0.43039376009088476,-0.07382077436278803,-0.5104414604990811,-0.41762839182893363,0.48152642839720444,0.2072827334697882,-0.2286361497321037,-0.3346113487409309,1.0,False,True,False
-1.8275873859132383,0.01846991447072769,1.1850735708293063,1.9305910336090988,-0.4790562389692918,-0.5488919522272255,1.4891235300660983,1.230883677429257,-1.2511607660081874,1.1092220113755829,0.19065646345047335,0.07197286443970545,0.0,True,False,True
1.1330308182463664,1.1766249007915124,-2.010095024560268,0.12931527965854847,0.5309027790144516,-0.20212329226253192,-0.8482193031286568,-0.7688670782851433,0.5159400562597751,-0.16851195407796918,0.05036300936738576,-2.350783694823317,0.0,True,False,False
1.2230226761543002,-0.25028527231207814,-0.5976618051804311,0.657820909803984,0.7841385992802423,-0.2844989673404934,-1.0913838563358045,-1.432816286287812,0.8858423960444503,-0.02709567809204861,-0.7533046797404318,-1.583952097071674,1.0,True,False,False
0.6435121711047409,0.9409708467142626,-2.046001707140423,-0.03769437371213933,1.1731850293929535,0.03251097731456484,-1.583297085299995,-0.8832896150065853,0.7693265037421898,-1.4520933477717195,-0.1928287351614745,-1.4949380378735555,1.0,True,False,True
0.5411195452425912,0.24186122671408306,-0.8247273324781752,0.2703163502637268,0.49843113476024103,-0.60018997420495,-0.2950518566625125,-1.4417499062422836,0.5079651048887831,-0.5027620864946405,-0.025346624500884766,-0.5359901605254863,1.0,False,False,False
-1.4848480247715334,-0.24982994571291312,0.4036864428420293,0.7500981578365163,-1.4332631223358736,1.6289256281879365,0.5080186694872668,0.15992575785782426,-1.3366980163713598,-0.2345443706779463,3.5756743513481477,1.1302780149812628,0.0,False,True,True
0.5607021484142956,-0.48355823215745536,0.06254051317681081,0.01486918864688716,-0.06218920019436709,-1.6624842486073006,0.14563547208281025,-0.4497052090971878,0.29927110902672566,1.7542625803718117,0.8204787337225141,0.02402007725237388,1.0,False,True,False
0.9236217446211452,-0.2723282799216526,0.6306605216766155,-2.3409743652573116,-0.7934643925383729,-0.5812422947642072,0.7318668600405558,1.5535353722028518,-0.9977548987247704,1.8293500947887467,-1.0468000514556488,1.192167263761779,0.0,False,False,True
0.2655165414770228,-0.7008404820970692,-0.8589524027001754,-0.6730962469541345,0.1854401954710144,1.9148285759954762,-0.916988539280842,0.37994990341131385,0.6467383667810609,0.878702133927761,-0.4413196332704754,-0.11261951820231754,1.0,True,False,True
1.5507499479458178,-0.24272755106463628,-0.7969359288761413,1.1682311841764903,0.7026661615745443,-1.1884639515479338,-0.713577184400221,-1.8276200293730944,0.842006335738856,-1.0233101437455638,0.7704560895713538,-0.9186792743889306,1.0,True,False,False
-0.3973734743371249,-0.033310864090822616,-0.9931421582097837,0.4631777551861381,0.5635903087096875,-0.33641110988106976,-0.699525810680424,-1.065722973892536,0.5273324918816316,0.3991741633348534,1.291207176225489,-0.7286265268046053,1.0,False,True,True
-0.5267542667648651,1.6232876165013868,0.5931891610654376,0.4619092352590946,-1.0947863963850706,1.3065530066050308,0.6101491055065776,1.089857896103205,0.12403728703871321,-0.17476762796936515,-0.4232099640330487,0.7687643141946082,0.0,False,False,False
-0.7296753750303447,0.5107440133548643,0.8424169862625895,-0.41496227812167286,-1.123290986471456,-0.12244998837910728,1.0138766629762068,0.937643783724074,-0.6172450000153628,-0.057200846176149636,-0.5798941390599566,1.3867243521167405,0.0,False,False,True
1.9223502568585396,1.2533948122132408,-0.7719992821675378,1.646080439405556,2.0691476668021087,-0.49511376687008907,-1.0069229921643272,-2.0789849293483216,1.721648577191023,-0.41712436052781127,0.09381781972426738,-2.4313085460639146,1.0,True,False,False
-1.5368095009789298,0.08609048768407611,0.7757647432951154,0.7739906357107712,-1.1691129855827183,1.4885316475793675,0.8182218880653003,0.6408068503768591,0.08992165821606743,-0.2883063417732901,2.1969122077600534,0.661658238410305,0.0,True,False,False
0.37583688856112984,2.0066038920454368,-0.05463833493125356,-0.046616942329226724,0.8707277477239581,1.1098046242277932,-1.2333104087980078,-0.6247710357315133,1.2646589218221327,-0.12686133605256444,-0.18269231242769152,-1.1409211034443425,0.0,True,False,True
0.7987307551940723,-1.6405910572491045,0.22338304237739348,-2.6522821970168358,0.17500378191145216,0.10065878668268038,-0.3441005938758432,0.1085187980465845,0.23490966734362,2.4718856486681178,-0.884864511328515,0.7513230994992729,1.0,False,False,False
-0.6559053297056108,1.2660809631568952,0.8622059460712569,1.5239681335172246,0.7000349741930151,0.44524649059727833,0.6411490900371354,1.4558427952892177,-0.6616344797187635,1.109154718224788,1.179130239151982,-0.5185845855699012,0.0,False,True,False
0.37778116914220256,-1.6944248125971944,-0.6801142595143935,0.06124075986094072,0.9476580323381056,-1.18363077892283,-0.8036918613960258,-1.3137939961347427,0.17767011218149997,-1.8532268433542243,1.9056351334745354,-1.335650147117237,1.0,False,False,False
-0.5807375277741034,0.9941945006239078,-0.05757244910486116,1.8795836051308121,0.3229370187028842,-0.09456541480747283,0.6125409429579437,1.7653952296077562,-1.8811203296048868,0.31346931746515844,0.3701237556572781,-0.7385815667144251,0.0,True,False,True
-0.61247671041859,-0.4201584529427021,0.5284507851552513,0.07751594234873478,-1.6747000548387154,0.9542168572664254,0.42929383363363866,-0.5731693837798291,-0.6595310203431551,-1.2605839652992683,1.4552987464481837,1.5526654908634114,0.0,False,False,False
-0.6912543144243607,0.3197682092203144,-0.4350678933765675,-1.3489892871268807,1.3582724288162176,0.7523931191224407,-1.2014946206366843,-0.31103562837661475,0.316651560542214,0.1208696248599258,-0.3351492100797047,-0.38236163162345327,1.0,False,True,False
0.2960862517768018,0.35097691192263236,-1.3317010835075118,-2.127035037236631,1.5215492351127111,2.2707018546601456,-1.8571934014377869,0.39929383983026046,0.5584842807229207,0.38637946317604693,1.4038028166201122,-0.2927671647007566,0.0,False,True,True
-0.6154452588841879,-0.6799988272210171,-0.11522277846670535,-0.6767377748303759,-0.929162171157287,0.3284437075024576,0.4559396321596032,0.5322781245981273,-1.2889251701966242,-1.4131248753469319,0.048501837123790456,1.0178654871483162,0.0,True,False,True
-0.628171529201385,-2.1151102494805336,0.10738816169927046,1.101542919458672,-0.9683089850616943,0.4693932846119551,0.712042919622038,1.1755942780330753,-1.5625578141802265,-0.4134861277028683,-0.5217901399211642,0.2376888027909716,0.0,True,False,False
-0.618379991194363,0.08986035368064081,0.453705641548664,-0.24830839561090867,-0.7968380309968287,0.04694803864438725,0.7161430183403176,0.8089577105820784,-0.6940787749803925,-0.17003949534660565,3.027222485417775,0.3384190117376068,0.0,True,False,True
-0.9408366152626565,0.3305822662749424,1.0779042935755823,-0.5967442064397726,-0.9239793870112109,0.4832874803619404,0.9676915680879398,0.9302819103618931,-0.41128638875446427,-0.3065547209544249,0.6011792241529856,1.200280425494375,0.0,False,False,False
-0.5523259824425402,-0.09446760242074226,0.5311254693103586,0.49988039961982034,-1.034215676967648,1.1250356383433566,-0.20847232479745245,-0.2056565073480015,-0.5414255484379068,-1.4303535096018802,0.6143718078690862,0.4377883100885926,0.0,False,False,False
-0.7017781265746655,-1.143947942787654,0.7326212763443322,-0.0009799324003184416,-0.8950233355152903,0.5551866772501937,1.049966822694214,1.3990028413576543,-0.4996546583001148,-0.11336696308058675,1.736457778131007,0.7066493417015268,0.0,False,True,False
0.7647418511553958,-1.3806210175311324,-2.0094910810531323,-0.6682042797321023,0.8410805783954723,0.23294158524304667,-1.4284122655568876,-0.33339924922948855,0.6532820682953696,-0.18828938639993562,0.803985923227348,-0.7829261008802818,0.0,True,False,False
-0.9144798900376037,0.13437409842388523,0.8275740753301211,0.26518364285194074,-0.44120126583485253,0.14360821339477187,1.227634057801033,2.3594231641514036,-0.7511526965533419,1.6251643829278688,0.14738970143170493,0.5160831894092954,0.0,False,True,False
-0.7381503826752355,1.450965239615188,1.0014864991788797,-0.4795010111646257,-0.013962044696244699,0.0308543832165892,1.1990242123561548,1.3305885093577843,-0.8996132640055686,2.027743689639632,-1.1764125369796679,0.9295310726091749,0.0,False,True,False
-1.7529717107022014,-0.13883264036605342,-0.1624978781499048,2.577505298211468,-0.7785200588804385,1.4031366379382988,0.3945525920901631,0.17989088183218946,-1.3054586555403829,-0.44951107288442765,-0.5260908712074245,0.1140550542886828,0.0,False,False,True
0.5401648451645831,-0.057464823532573824,-0.3272976984957895,-0.6073771239055243,-0.1398930313012155,0.0877689568629351,-0.08886424436926349,-0.5809220073480094,0.8714766564474682,1.8136528171002064,-0.05306006052013954,-0.4643245722289048,1.0,False,False,False
-0.7868904115186206,-0.13859923169276497,1.224574600179066,-1.155383199449195,-0.7017372017805856,1.544009127520001,0.8337487198313385,2.1014572148747988,-0.24141969992714496,0.4769818499658353,-0.31246380310321215,1.333898075474906,0.0,True,False,True
-1.466195874119829,-0.1868039206037873,0.3973567521577943,0.4178484022463684,-0.9688176964470857,1.7842050413644583,0.8529529933227672,1.2234764901440145,-0.2516942483457297,0.6362792466848288,-0.43082728574948237,0.783402090130653,0.0,True,False,True
-1.716424072343175,2.1690064474674715,0.6251901863704353,1.71797609222034,-0.7658346441705465,1.2779675873228804,1.080754047524375,0.98466061626028,-0.5596279141686047,-0.03670492203337198,1.1427412044100589,0.4496961089612619,0.0,True,False,False
-0.6048600875215439,0.9222089403165072,0.9663902106849745,-0.24741711874381542,-0.3031160576348328,0.17984918774026562,0.8399125286521487,1.2316049412858683,-1.4724774349270888,0.038179670978216285,-0.4858630549675014,0.9205318486950117,0.0,False,False,True
0.5367106004635851,-1.9904273354853863,-1.5809735056218082,-0.9842089803297723,0.3622231142160847,-1.6229930500038683,-0.7093852585983068,-1.111495504671406,0.5821875419479934,-0.5110762779398959,0.3844970633290399,-0.20022218508637332,1.0,True,False,True
-1.6053296206921357,-0.14345258718051418,0.5895585147711918,1.8069123509126013,-0.6444957357669179,0.5379235750074384,0.8061873376449226,1.2940342682884303,-0.8974727434563439,0.6163690652767411,1.033029792972734,0.28305042311207834,0.0,True,False,True
-0.2900095125295647,-2.0899046865191346,0.7064930146981497,-0.2735951897893689,-0.8292322958752768,-2.056512991292264,1.1129478662350398,0.6753291206774068,-1.7720819100106848,-0.45722166017301197,-0.07892242397879536,0.4427676010930863,0.0,True,False,True
1.626098002355419,-0.5751759406925095,-3.181695021407911,-0.28855186661310245,0.04832913059911266,-0.3269946447872468,-1.3661498948900144,-0.35686666125565086,0.32016883962180553,-0.6732170103388366,0.2819316523138617,-0.9780334433550208,1.0,True,False,False
-0.920112220225707,-0.35008999998183526,0.7450169277115616,0.44037952816493847,-1.9584557529110502,-0.0501250710170649,0.9512334438386724,0.6102592808959407,-1.2150561633215997,-0.8724776080086344,-2.3985553843357392,2.7807624037911274,0.0,True,False,True
-1.2571802632831068,-0.34934300333919116,0.43526949334593473,0.08942514499904976,-1.3983895503526844,0.13522558730056106,0.5648366557732298,0.5169884902990245,-0.3794607170426592,-1.3849386077863544,-0.04155853550407805,0.8694278167673497,0.0,True,False,True
-0.07482035736294694,-2.4110833846449444,0.8188436831726511,-2.1610567319758083,-0.7402668016600673,-0.5895379649035724,0.6077317646289335,0.7905827332114604,-0.3165073283247057,0.9930112946205907,0.15752131351960022,1.7786394433816775,0.0,False,True,True
0.7583164504186098,1.6297207291800102,-1.5850648745910085,0.8639991473980837,0.3987221215223317,-1.2652915644150515,-0.5303746727099254,-1.0209878633731027,-0.3543357091206909,0.7377801759281172,-0.021925925317461088,-0.7091515810747471,1.0,False,True,True
1.5782641446522299,0.3529675874208405,-0.707486031340023,2.1635892734577302,2.1433253677284534,-0.7363037233009612,-0.8356316701996317,-1.7429028440566392,0.4847785238719791,-1.1080237167588143,-1.2072994768725298,-2.5218785565610045,1.0,False,False,True
-0.21057257326387183,0.31095570129000094,0.19059619519529206,-0.18901515661107907,-0.17061242136897437,0.281983927468403,0.05006891566780455,0.4125939800353919,-0.04794096370532286,0.11035484437411965,-0.011626862583464072,0.35339816327269696,0.0,False,False,True
1.6963591000298726,-0.05392870465104963,-0.5403450719967983,0.7375186350779708,1.2099715264723099,-1.9743189787021567,-0.7299650780603797,-1.8621491605404368,0.16494061450033637,-0.07795331959689479,-0.028402814995084024,-1.4674513994588954,1.0,False,True,False
-0.5394125151243587,-2.0723853389059403,0.6498655280175875,-0.01567099368451157,-0.4318986330427098,0.9499916797370666,0.41928587068218987,1.1457027363801373,-1.4671048602159604,1.0421172181895115,0.23941479358759268,0.6801541632222229,0.0,True,False,True
-0.07371299503141018,-0.05028339739201107,0.9257261468893087,-1.5733487624394704,-1.0894979638656341,-0.3393452437521144,0.8837376500942918,0.7526960249136939,-0.6186868214167872,-0.14334161755325872,-1.6870039168271285,1.3979752652620405,0.0,False,False,True
-0.6417647957763302,0.3201590901573386,0.782465809540852,0.1739400685031193,-0.6220355448260639,1.8588171584091742,0.5790146128482759,1.2101833094174883,0.018234847630983857,0.5755245323018431,2.5466240600495413,0.780617711089157,0.0,False,False,False
1.531962891964326,0.7046939558259774,-0.4229799227441683,-0.17861838503925487,1.0226814114479248,-1.1694489595998547,-0.6095008727096906,-0.8653948130252054,0.2808567290529477,0.4435040045094775,-0.1649230096844556,-0.7859924120226595,1.0,False,True,False
-1.1297930569860526,-0.2522283672888675,1.712321489107358,0.19352735656399286,-0.010252074303511377,-1.0021807739584416,1.4922369286405879,1.057692899761348,-1.2392802057188959,1.926372034442621,-0.49490002717837467,0.8526747505151296,0.0,False,False,False
0.2128975728994427,-1.5844068401519886,0.6119437448780692,-0.31811603454977844,-0.48951217320230334,-0.21238976871992568,0.6544954063145361,1.4946720131199236,-0.9515174924250888,0.9285968855157396,0.3255120638755948,1.1419985975177247,0.0,False,False,False
0.8127548019713892,0.008680341928528592,-1.2287568702621123,0.08751854050321993,2.078166560662602,1.0054438619612027,-1.8669727330091417,-0.73764428352247,0.5367486014448207,-0.729017041360441,-2.1870331126291043,-1.5659816058797607,1.0,False,False,True
1.749063500237439,0.00037546111764378816,-0.571805623718556,-0.6682602772876195,0.0321927310911292,-0.15510808744335297,-0.9248559251923729,0.30185321928904774,0.7286529095042621,0.2629065957242833,-0.33964718556488316,-0.423325806260349,1.0,False,False,True
-0.5818608792641328,-0.3547605792294564,1.776519449755544,0.2891276938871776,-0.9177592337841207,-2.3881065880548733,2.1725065237153105,0.5412344573225789,-1.0207673107089064,0.023438297773419492,1.4026071927853414,0.9242078628116182,0.0,False,False,True
-0.1929597571949924,-0.3347926042152931,0.027932480232674816,1.7965481378395667,-0.46465265928527755,0.17304023587131043,0.642926752822196,-0.04370134140501758,-0.4374594646674509,-2.203799053049739,0.6642836543561067,-0.4479751274350888,0.0,False,False,True
-1.5838617427011754,-0.5654933482289447,0.6893333074144866,0.5208776493438083,-0.8895364856691245,0.3962590931429396,0.8986902262160399,0.8380528668826759,-1.633389763460532,0.3648420399348217,-1.794883690750073,0.9930269513180797,0.0,True,False,True
0.49707602019466185,-0.3217001750719637,-0.7223960266441448,0.3338937634618093,0.7155848529327036,0.11309371872737516,-0.667589956656346,-1.0506878157949942,1.2774937959930195,0.8387179400149936,-1.2740891794051195,-0.7478163005829312,1.0,True,False,True
-0.7606820003245878,-0.1511399838699693,0.866593932261211,-1.7325058136275424,-1.6245878215146234,0.41659066783846516,0.7287813598989163,0.04985343478231235,0.006829550268822271,-0.8338505352196748,0.25263245878495194,1.7575519376655375,0.0,True,False,True
0.2887547673097206,-0.28987918308099675,0.4565125312793818,-1.4949223102756575,-1.017068663635689,-0.020655635423240684,0.5284769838323327,-0.2561378613975021,-0.7139648604179689,0.08528973713970357,-0.3862118818823577,1.457278998861054,0.0,False,True,False
-1.5473842664208513,0.8990137025774693,-0.5506385564912599,1.2522082307090465,-0.9459135476521467,0.12153755774738058,0.31922650327602126,0.832594599071483,0.20151127506008998,-2.496096725396024,-0.9171183048675144,0.200450133806418,0.0,False,False,True
0.15738906051057383,-0.6921959554492215,-1.2228827619833997,0.10570350583434424,1.296830513557131,1.646874490453482,-1.4238993669131386,-0.4031958272952684,0.5384157542767876,1.1094058556316597,0.6943529781543502,-0.59079543321384,1.0,False,False,False
-1.0662703898600714,1.0138399821835191,1.80749530595304,-0.8506535699772645,-1.1164804280617835,2.067664815068874,1.1151785669392664,1.5947819055206423,1.0839033465214403,1.7128806745997605,-2.586977954989511,1.5406013638411766,0.0,False,True,False
0.5754915428925093,-0.22120894000539149,-2.259644021235561,-0.33738727414620734,-0.5769279880588661,-0.1939308306554696,-0.6275415897085083,-0.2649412022834784,-0.1916350457798538,0.8931940551068652,-0.06888536559920438,-0.40497595990343943,1.0,True,False,True
0.4136641645124989,0.10111602994158558,-0.8811937261784892,-1.1089235971620033,0.571902597336019,1.8983118926885936,-1.2317618897362868,-0.32267494148753006,0.41930280008625664,-1.0903733518492316,1.418899116434918,-0.3343031441965014,1.0,True,False,False
-0.3691769209146586,0.08583886193319806,0.5085992504490336,0.8720781851619678,-0.44036817435681197,-0.604995602959054,1.3736336861267902,1.5682003390008865,-0.8593860246938815,-0.3514839776606356,-1.2822423800072176,0.1868691133942119,0.0,False,False,False
1.277163112774747,0.04656629525294842,-0.7304986445781119,0.35926092893988437,0.9190594396221745,-0.12203916220144073,-0.7191463230280934,-0.9875033155276755,0.6049484092972236,-0.8111896133479878,-1.1681942526582452,-1.1449287946306947,1.0,True,False,False
2.234310490279058,0.029547418285512446,-0.054233460029954585,1.593989841326666,0.7118094333766388,-1.4280334632202165,-0.3131770672320112,-1.6092994176252515,1.3058007662742468,0.09031372161090297,2.1251798658868504,-1.3403641767883057,0.0,False,False,True
-0.8454934394200777,1.1460121459496504,-2.461492864231432,-2.0072946428207157,0.3901955377765747,-0.20228271131780362,-1.136508811198282,-0.06796601862938824,-0.21586692384312448,0.9762301510811118,-0.26114462439877506,0.21966337990458454,1.0,True,False,False
-1.8671600237218349,-0.5195441836872223,1.4691387271040548,-0.29144898397043173,-1.6714688482291629,-1.4744949726159162,1.1796327942887508,0.32021507738575444,-0.6715771398921436,-0.39587462133136714,-0.6419530294271143,1.8615172517050582,1.0,True,False,False
-0.9191463599342873,-2.1995850815369304,0.44033644214290724,-0.2815714673324516,-1.1260864445439938,-1.7206866874808708,1.0488197420452723,-0.14041039631643884,-2.0185753072261816,-1.8283591873104499,1.4073015675879224,0.9368273648675414,0.0,False,True,True
0.6704572896288911,0.6462627078331605,-2.239196350409013,0.6310298337794354,1.4958492363707767,-0.36283391606398696,-1.5880372254419004,-0.4780176801615173,0.18944049229884952,-1.7007440231768418,-0.5449839143202843,-1.8000041179744062,1.0,False,False,True
-1.1778262891784868,-0.15966850614868952,1.6254463307034823,-0.2331473461291043,-0.46273814415697057,-1.3814243581105021,1.8180340156680532,2.297029635585595,-0.8466358341257917,2.2860626976924965,-1.6350255432729655,0.16586727722971562,0.0,True,False,False
-0.3928334162562963,-0.10111274378541155,0.6586035455494362,-0.05051454090590695,-1.0577499158030363,0.2655172410812322,0.845008079564677,0.6254147166724178,-0.08526645957096046,-0.09188131497169696,-0.4068867449940695,0.6165602904436354,0.0,True,False,True
-1.702730697532413,-0.4981352206252632,1.5978542708974712,-0.406453667167289,-0.8733522451838442,-0.20709942030693523,0.9792815302508759,1.435720654555153,-0.5411337412743957,0.5442805133311236,-2.115281714863032,1.5913045151865097,0.0,False,True,True
-0.4149976359811059,0.3440480288738125,0.6892318439819751,0.09618031239459984,-0.5493049562877419,0.14363416769078813,0.8935503768551138,0.6933402717993868,-1.3839690761317966,-0.3454263064702615,-0.21853883599521065,0.4105042216590848,0.0,False,False,False
1.5070560433708289,0.08320161883359019,-1.4393195424059892,0.21787934816727625,0.514587339767351,-0.6464441832543119,-0.6878197560873722,-0.735875138338084,0.6005468421504581,0.6867966941883087,1.662285995050894,-0.6744578411370603,1.0,True,False,False
-0.6177130272174629,1.4790491095907454,0.6931183401199956,-0.6821486199614052,-0.7880087198213919,-0.693874950569612,1.0165520484735107,0.7875776211069334,-1.409778173450119,0.1414995966613184,1.095377187167336,0.5364051007837892,0.0,True,False,True
0.41839813176386287,1.0492278666168686,-1.5311976328106374,-0.18871042553011252,0.6487315012708252,0.04137899233241757,-0.9231032085267177,-0.45011381627988917,0.5539749415610227,-0.28122364657343757,0.23666195539658502,-0.7552449780839198,1.0,False,False,True
-1.4645850197179242,-0.3917934282428133,1.2857236022443417,0.4995460377989363,-0.9941580784882076,-1.7124230354271122,1.8519919968532181,0.7937969962276747,-1.3819512867112684,-0.2546387847239196,-0.8068374859911775,0.8789939871276445,0.0,False,False,False
-1.9507547426473038,0.18217128643698785,1.1653725251443903,0.09706094701430118,-1.2459525439591632,0.6172296361905151,1.3236924950962454,0.7484527038858007,0.2715250444151344,-0.6136164941084798,0.36737798139542766,0.7661708250622382,0.0,True,False,True
1.3190970093967636,2.5532497049839327,-1.5960290870309317,-0.7493344399152754,0.5856221286044644,-0.6320843717284214,-0.8686001876643837,-0.5421638283730228,0.7104355276588359,1.799821206046035,2.499527469896587,-0.2777751373743339,1.0,False,True,False
-0.9007009887938198,-0.52108516397262,1.5022672285609888,-0.7708267616874424,-0.7546277638105693,-0.06691014173533905,1.3369507933973115,1.079420704977397,-0.7611817523534469,1.1687435905435264,-2.4598480021521976,0.9329741239288674,0.0,False,False,True
-1.6110963865813346,0.22018519108636098,0.0758822240339971,1.9024804773311654,-0.7890891606481413,2.051783298442977,0.516979705335256,1.1426900052133022,-0.09102175802440723,-0.6346933393270041,-1.6442779244616872,-0.07083271269085918,0.0,False,False,False
0.8336320769957044,1.7658007967186662,-0.47525345421057424,2.630883430274553,1.7654964716973465,-1.8230274166029556,-0.9415098173283147,-2.8418593283319304,0.7893827443940321,-2.028971467688276,-1.073022423497594,-2.4402093301840515,1.0,False,False,True
-2.193825355170354,0.09007869151005411,1.3181589547360897,0.2802422284695645,-1.3025850855109253,-0.2888585282976259,1.944212422925859,1.3880489160802754,0.41145031683140415,0.06859519328678312,0.664543277005151,0.6247424532246866,0.0,True,False,True
0.44910996329781117,0.38679706295889266,-0.44411849945706744,0.11615495200918435,0.9775224779647639,-1.0862192247042872,-0.5922510402117309,-0.5513440952055255,1.1051477560346128,0.35277497161653426,0.5804739746464271,-0.16974337027364317,1.0,True,False,True
-1.4586852538247932,0.23313499812873226,0.12028738050605714,0.12646714665711214,-1.723720567540269,0.03762780708975109,0.7062406043974833,0.7236554222520636,-1.7122990080789804,-0.8069002986843131,0.7263336961462529,1.1088824469316505,0.0,False,False,False
-0.872310526004472,-0.2198508702517886,0.8714314777157921,-1.1297504977357469,-1.9847865456516656,-0.12632449053202396,0.9782640045547071,0.09711507938358947,-0.4319337754914394,-0.8242311087462387,1.0220094077377946,1.9035318602319584,0.0,False,True,True
0.5791003733262754,2.078784421184098,-0.6515963867048097,0.21454325688057588,-0.5189405160716594,-1.315602424864849,-0.09895483867307876,-0.6961584574106119,0.24345016136874845,0.3409277165133291,0.6412766219660612,-0.6961013644891917,1.0,True,False,False
0.4616874259253584,0.5088892918222594,-0.8517122025134548,-1.0996206595746454,0.4511962537659399,1.1045318554548005,-0.7136513288863192,0.07414418987142544,0.5821511637810135,0.26367726633921185,-1.427887970715861,0.3763080716012533,1.0,True,False,False
-0.5235802526885132,2.426032706292068,1.6644028380387719,-0.1977843422823883,-0.8548201252450729,-0.184752172929563,1.6123206111533128,0.42942742054091393,-0.590883080785021,0.3039388830481056,-0.816227478390118,1.398957437199069,0.0,True,False,True
0.7448611267396419,0.057166068442705636,-0.7200774543377719,1.33410167569112,0.8180780853130485,-1.5428088092302175,-0.3978720992839539,-1.1251333552347065,0.7521600647810739,-0.03640220136671334,-2.183094290973772,-1.181234075026796,1.0,True,False,True
1.1472973455022046,1.6577546857752679,-1.3780303682739476,-0.37640629981487284,1.8158100616045239,0.26658338378947144,-1.6848996220937675,-0.7733434867889876,0.8344276597276504,-1.0031070623691516,-1.738614609325937,-1.4899652678521436,1.0,True,False,True
-1.4462610879840603,-1.4737184155331724,1.0727315424663644,-0.22997436293410506,-0.9327180344853989,-2.292778882073994,2.4178537114090894,0.554733719035502,-0.29058388732440427,0.9288618221781723,-0.568993889386448,1.4588762263690878,0.0,True,False,False
-0.3369957208812546,0.5275993094603012,0.5937013102262673,0.6001124771349954,-0.3773653887618569,0.6365396625376635,0.45203192445363194,0.5604574156396279,-1.468936407378183,0.71264775169863,-0.0039435258999216604,0.5181654768405722,0.0,True,False,False
-0.7581920216962259,-0.35764918017714903,0.6711862169254317,-0.5945615661364932,-0.41786779297424587,1.416635282677066,0.6135797619067108,0.8797426853542624,-1.1722067133550496,1.253646004082807,0.03906841623669572,0.40405565199593957,0.0,False,False,False
2.5886676230051116,2.1553382028915293,-0.8985939239298248,1.9605529722238098,0.41622716969024487,-2.346510224265307,-0.31809936360813534,-1.2522318243652901,0.7704396550943218,-0.2306841465084397,-0.1725814013201047,-1.0517453422918024,1.0,False,True,False
-0.7932457344446961,0.7931789555569071,-0.3659091146617409,1.464162555120345,-0.9828242225179099,2.6322168948074887,-0.049681606215398987,0.9320222139199776,-0.37134935632104404,-1.1354928335548193,-0.1983982809421804,0.513469305989346,0.0,True,False,False
-1.0229811008364276,1.1561295355493737,1.4000170010252178,-0.47625386757995053,-0.7730838012274566,-0.1540074094334031,1.1837794306276725,1.2320408859657717,-0.4687280981470206,0.669233087343642,0.8373945280162772,0.9538286840021465,0.0,False,False,True
-0.43678853714230786,1.1537227589938377,0.6384159488047437,-0.26183735047606443,-0.4616605734768211,-0.20717973385341382,1.3531314023719594,0.7440003462432155,-0.5292418530988517,-0.014707084170053356,-0.9576701322886175,0.6833642657716874,0.0,True,False,False
1.078425826599785,-0.5588940750232144,-1.1520441057226105,-1.1531421988220258,-0.4732842930628005,0.9892067129520977,-0.6260019407108416,0.5826588104331306,0.1149809079767048,0.43641959546459774,-1.514122047738993,0.31418558371828076,0.0,False,False,True
-0.11007112370531556,1.5984738258882338,-0.4461828870010263,-0.6956815536860246,0.6444563407616724,-0.2160761530323434,-0.27004682994767587,-0.6780074126957175,0.7415119765492036,1.0663955572541721,-0.3434772018033271,-0.26315989197202805,1.0,True,False,True
-0.24406852496292614,0.039252110734774776,-0.7470993336128728,0.2184805891762881,0.781434863551759,-0.16049246465804928,-0.5040893486810947,-1.9731521980919813,0.5476132659851882,-0.1301077283424419,0.8369991746691846,-0.7995422664661492,1.0,True,False,False
0.3628876358541282,-0.1203478411308248,-0.9256508387639685,-0.3622140430499089,0.9736028565355547,1.3952755303257802,-1.0182977670987485,-0.2924102060883711,1.383434164596253,0.31453317077863413,-2.569948483201363,-0.34925913258822844,1.0,False,True,False
-0.19619849319315907,1.4684426428455806,0.6529593360831029,-2.1937034733834633,-1.42579891602883,-0.48583350930606684,1.4387822708475313,0.723848085435981,-1.2921877831271875,-0.5044015679330239,0.29880005346738786,0.9467717389137755,0.0,False,True,True
-1.840828688985581,0.14218042920467713,0.686424441293532,0.4402642888273139,-0.5195793520974554,0.6827675290710821,1.1396861220179406,0.840456054837661,-0.19770181738567888,0.23345415980613957,0.19364866319697435,0.6008572270689863,0.0,False,True,True
2.056684655709792,-0.8805492007669727,-2.006989695404488,-1.5450082671591145,-0.22203540443166792,-2.047785656398337,-0.46339276818799147,-0.2335564726578042,0.37029856928090643,1.6883964765435047,-0.7830948609591641,0.09696449600190812,0.0,False,False,False
1.0558223761287995,-0.0220870554622492,-0.47764720629871027,0.3140882178618426,1.0524229995517207,-1.1001269626538046,-0.9517681470843767,-1.6371823370096024,0.29285334811515423,0.07574071833609987,1.195700093168857,-1.1560307612722862,1.0,False,True,False
-2.0343261217854804,0.02205456444407278,1.2587466345973204,1.2645723805518003,-0.2735258876156066,0.8506799818726404,0.9779748551049401,1.487472421212092,-0.342933648598331,1.1814772397375923,0.2800517022402998,0.38215456151815824,0.0,True,False,False
-0.5061050490214583,2.3689256254199607,1.5985879775348462,-2.0189281943993427,-1.0510494393712688,-1.1316828165986221,1.6354007375813842,0.6890725524744082,-0.6523331437524493,1.0562701012484772,0.3932509137348482,1.7912840508889167,0.0,False,True,False
0.4389463798368475,-0.07542675951954375,-0.31249095112798786,0.21278161325693215,0.46335570814725285,0.5347849701431807,-0.6420433097602422,-0.4825982418641839,0.4156148545475215,0.07370171573701521,-0.04553697355557827,-0.31990821404348446,1.0,False,False,True
-1.2101685243310436,0.06827404072517924,0.7154506516907544,0.8965411421307304,-0.5523850003386356,0.4266310426767019,0.8410490128308762,1.8852303452211014,0.2853451992433844,0.4230930326343958,1.3510285757439164,0.18303018913388958,0.0,True,False,False
-1.8858529355419045,2.04957407547076,0.7748576578588262,1.8210896223438033,0.09103961231422339,1.5663265879781576,0.8098781860619737,1.0997165517233556,-0.6545235044702428,1.7759977201427515,-0.7900420684202785,0.10795268008009655,0.0,False,True,True
0.8162110687504097,0.03309351682989501,-0.5675999129804656,0.1722330025836653,0.5943321528097629,-1.0130995124909723,-0.392753744823282,-1.2919064985773963,0.05737641332474745,0.6475833969079627,3.197744417339636,-0.7370692844885249,1.0,True,False,True
-0.0018901884044087366,0.5809498672602691,0.5958586386803282,-0.5181647935087301,-0.2602268813927286,0.6796851299985774,0.559291867272093,1.9699115863850447,-0.6052960979834748,0.061495186416302285,-1.8196071756572176,0.5255519642209563,0.0,False,False,False
-0.959590147843603,0.06898495344411262,0.9530090738855579,-2.805481840597323,-1.7926963583957924,-1.0415704138886501,1.1071815879255076,0.9522440308481336,-0.2212318651780854,0.06651348726827108,-0.6069599044243015,2.3656350160345,0.0,False,False,True
-0.515409306403721,-1.1047847786490659,0.8607249464816382,-1.0970582703794112,-1.1380432875824995,-0.9775736478122244,0.9476238400620367,0.2703618500006153,-1.040588513228115,-0.9733554300179204,-0.2771138307669926,1.1493030300620661,0.0,False,True,False
-0.5779676722222808,-0.38528976445538093,1.055556835738979,-1.3791825964426925,-1.21828465957082,-0.4066126036190366,1.1680921494870626,-0.17944870215732792,-1.4384481568146574,-0.5093877684477395,-2.2393649271173763,1.657462032093997,0.0,True,False,True
1.081158520452743,0.009719721213531969,-0.7995984884857896,0.4108830347451298,0.8895660173602628,-0.18357752832659788,-0.7124331080997809,-0.7540719384546415,0.7371552283302566,0.06946497223955116,0.6720194650966737,-0.7991096110117409,1.0,False,False,False
0.7260443704656174,-0.600340276581039,0.3888231597358082,1.7271403572539417,0.9317900314109987,-0.7829495025221851,-0.35355170278197884,-1.9257795333671235,0.7488747772739347,-0.5419270694183018,-0.29273183535114433,-1.1276229260112982,1.0,False,False,True
0.990101417772466,-0.27527318135146034,-0.9317661069889731,-0.9273170868529946,-0.45426156452889405,-0.2000155455528958,-0.8269787797274699,-0.7726712004163636,0.3559764270031691,-1.2005446947187737,-0.09724633448719844,-2.395711522519072,1.0,True,False,False
-0.8481396538830195,0.19282150961834418,1.3613075950327136,0.6371381018318304,-0.4650381295312962,0.18091035281940224,1.4053161266449568,1.8495176652876142,-0.6275460264930657,1.4837459662581836,-0.4612994763322081,0.4198550976968019,0.0,True,False,True
1.9606938523668165,-0.6869270497304134,-3.3783237279689313,-0.28437373195858723,0.47322232140771997,0.31756766184569657,-1.6739855323169126,0.011813125904091613,0.4987432126831963,0.7485080062594182,-0.11544301236622163,-1.1166200998610618,1.0,False,False,True
1.4872846839048481,1.4630448257663775,-0.7424159646966138,-0.9914351529745166,0.7219269520927483,1.449948861374972,-1.360498575998998,0.21393239126053443,0.5472399514888833,0.3182725910516239,0.06281665287541081,-0.4567478118886823,1.0,False,False,False
1.1121208874208945,0.18076003195841273,-0.5781176060214562,-1.3055839181098008,0.17392558292594146,-0.008408660811835033,-0.6850431862915983,-0.6192574779101924,0.6602822621339348,0.5821823916954684,-1.520942069347013,0.05165883923473022,1.0,False,True,False
-1.5712035918726222,-0.8573526612835566,1.1080567312198928,-0.8553608713031143,-0.8241454485412848,-1.6061493329751588,2.163729335851235,1.3904694851017476,-0.5180665019469493,1.4361734412253064,0.1059651147742337,1.5807791326039033,0.0,True,False,True
0.18758665106548406,0.49240053835748016,-0.8412181432699033,-0.843034017096752,0.46764763182910113,-1.187061199985981,-0.7032283602745907,-1.0446173257748295,0.08816398261134949,0.14821642488132591,0.0147686673593708,-0.012756742678893993,1.0,False,True,True
-1.0645869885653032,-0.9074969816737505,0.4185688275552003,-0.17851453104073994,-1.2720854113812166,0.27292316020357027,0.9364879723951065,1.034227506518744,-1.8630003369112877,-0.11294734565386108,0.15064778166341508,1.2627969044004683,0.0,True,False,False
-0.7503071823958057,0.941596039529066,1.0391955813101288,0.12750730067243268,-0.7901756500662398,0.7676271920479892,1.0790560786653967,0.6860489676727591,-0.5849092134538443,-0.3474225774135709,1.0443624215519443,1.307295254991336,0.0,True,False,False
-0.2784666348718494,-0.15811903679158512,0.17543102332783161,0.05316586252864947,-0.27319123657382705,0.23383849351251343,0.3071001775861576,1.3680002911782507,-0.46332227862105146,-0.09226350360882009,-2.4449399585612817,0.7019262081506042,0.0,True,False,True
-0.6717831757295181,1.5737644953265506,0.11364524809544471,0.670987336293677,-0.833533229865032,-0.17342326267196811,0.49129159165216224,0.6797241652865188,-0.3572541429110052,-1.3385439728633162,1.32198550399431,0.131995198053187,0.0,False,True,False
1.3646662322378942,0.09024639419280757,-0.8206932757619033,1.0735355380176452,0.9073507531817632,-0.16029751960700087,-0.7803762124593357,-0.909379599430472,2.08358572360951,0.020131103751410386,-0.8401449469717586,-0.7940962478496424,1.0,True,False,False
0.776823143424462,0.10605410654994686,0.1357140296249973,-0.7902217642005089,0.5339731629316817,-0.19634067559471716,-0.378732015978582,-0.4417137814154747,1.2348327387911686,1.057238056789676,-0.3449848912509651,-0.21080747319858648,1.0,False,True,False
-0.7017465748227931,0.17576045705795285,-2.109395224705536,-0.26130117980901174,0.7150745634826512,0.7906128707263838,-1.5493836928471805,-0.5053009688031558,0.5081344916050945,-0.2809587017860897,0.8919827822428621,-0.8533234147147704,0.0,False,False,True
0.8129718594159885,1.0611736582015516,0.5911202081781353,-0.03055282234036599,-0.3842423974907429,-1.2149526553725674,0.4798560179145158,1.0048085056244973,-2.688953798349868,-0.5496278936491101,-0.8128861168340427,0.12688872793426687,0.0,False,True,True
-0.0597245324575194,0.13140361040300638,1.5576463505402118,-0.6374260227364853,0.11928804624310356,0.4307994677313158,0.7440848412742029,1.8948228404394258,-0.42801223326732013,2.923666077389941,1.9721882292830462,0.8309993086865406,0.0,False,True,True
0.6389421278638192,-1.170826462691038,-0.7539438981031675,-1.8233492561841764,0.06078367773257842,0.19082364979075442,-0.8789010679373167,0.43665218517406973,1.1569432557009878,1.6792861129521859,-1.6776219304881752,0.2527042078818302,0.0,False,True,True
-0.6327501717167788,0.100295258211178,0.6809868643338319,-0.07212306578070717,-1.3398184216791071,0.43487646510204236,1.1830643729735026,0.9233591948643526,-0.3514539358409589,-0.9188399978432945,0.5937217945349156,0.9230538791994765,0.0,False,True,True
0.579095730296027,-0.12757112158283346,-0.5106200649529061,0.22523842568926483,0.6835253873399106,-0.20677576307296783,-0.8203779408090653,-0.9424086740933014,0.14200021979915867,-0.23474065581233305,-1.9834366434641282,-0.7401622802629866,1.0,False,False,True
2.1722996470957074,2.1524590484705755,-1.6953661203183856,0.48239016287970593,0.356246417590377,-1.2234414021253577,-0.736653076866689,-0.968299386776075,0.8197106176701646,1.410031078102381,1.4686934803845557,-0.9341533459814446,1.0,False,True,False
0.25509181964617045,0.37974765771462954,-0.5443689239683819,-0.671221961713612,0.8026451870554429,1.5371752344822347,-1.088306790036763,-0.5550952963625383,-0.19605355790878456,-0.8000791113794598,0.7378794112711873,-0.4943257017278826,1.0,False,False,True
-1.8184004634845843,-0.13529267238369286,0.3879558737746894,0.042464740438123795,0.61336632458611,0.7608450584654857,-0.1919861231102129,-0.18591535745510337,2.087042555997031,3.714793714920886,-0.18989619763598922,-0.05606694727823468,1.0,False,False,False
-1.1259387138630121,-1.7970172682349401,-0.14173619211874,-0.3111605433597895,0.7545808577011497,2.2402480282200603,-0.846225039788211,-0.11790143939652477,0.7397600563088276,-0.22430360228515683,-0.19999074705460437,-0.08432483093807014,1.0,False,True,False
-0.06330525839764839,0.41293692057986187,1.2806402680393927,-1.3054031030810742,-1.0465427667966603,-1.787986219511325,1.0852160750398991,-0.37748379757815803,-1.304369417731316,-0.6269023642145424,-0.14082471576346414,1.3885194538606829,0.0,True,False,False
0.9986185234028211,0.5419083329186012,-0.0014351492580549322,0.2488538086316705,1.734497346498918,-0.309806355169136,-0.8261128863785377,-1.5165050107009905,1.4604674707376764,-1.4004201170302983,-1.6580387291160736,-1.5005834360990837,1.0,False,True,False
1.7931980360084567,0.17688352881851663,-1.3267578088522702,-0.10705432054979058,-0.4189439219873173,-0.613253257037575,-0.3390969056170017,-0.27903484280279295,0.5402521098507242,1.3518080467785658,-0.25023660430264033,-0.18281832293537206,1.0,False,True,True
-1.5608011231715881,-0.2573806357583279,1.1348860890800598,0.04280645334816144,-1.0789029570096205,-0.11701578706558015,1.3188326149989844,0.8694009582547202,-0.21405434977385676,-0.07195231155769521,0.874278326576877,0.8815952804505326,0.0,True,False,False
-0.2527919827007183,-1.1333913052568034,1.0469218811912864,-0.2670399685545465,-0.28334678859479295,0.4027500773241508,0.8659692778227525,1.7676359816803688,-0.8107602385467052,1.688782624797211,1.097284048361073,0.594352883601852,0.0,True,False,False
-0.6817847664059207,-1.8534566409174669,0.9980003994051607,-1.2464179046739026,-0.7214404297550348,-1.1302578488205928,1.7054217740504005,1.3717716781028895,-0.3823610683480616,0.9710576313496133,-0.2780992609948456,1.3687458462378284,0.0,False,False,False
0.4209874321484185,2.2885671856847116,-1.0092132905232516,0.6096286432449888,0.569469128974376,-0.04828404279286941,-0.7532656041371807,-1.1335893230204448,0.8985526767645856,-0.14563072824927561,-1.188035679717863,-0.9064639042384965,1.0,True,False,False
-0.9981389759344358,-1.0988558481214086,0.4087955864825068,0.041834446350794155,-1.6427008824770013,0.1681208713088847,0.6479940808490642,0.9832344000022055,-1.504431942532075,-0.8031128059714926,1.3454869686063624,0.9642279107107532,0.0,True,False,True
-0.5772826062848573,0.5438678345026629,-0.8691596043956084,-2.1075460093053877,0.597561305495821,1.2260011536809112,-0.7293402820557148,-0.3471829107758917,1.3094988039234723,0.824189232094665,-1.7051958224180572,0.4986923058511383,1.0,True,False,False
-1.4787301538755897,0.166321067912052,0.779824877604669,-0.27337417072040604,-1.5964209060220893,0.2881644075108145,0.9937682916616574,0.5452482687427296,0.6481697535657099,-0.279556255839843,0.20029227205375014,1.908030536705664,0.0,False,False,True
0.5211294379885891,-0.7455659452622779,0.04138008837939292,1.2068649393929165,1.997447423720965,-0.26401875380184625,-1.1060091888319774,-1.804397613130599,0.9903806473363683,-0.2509873302205621,0.12452601832741093,-1.8537203503325055,1.0,False,True,False
-0.2671122687369321,-0.05566257619373571,0.8942156453040718,-0.5685549704663174,-0.2526390387571536,-2.555099821569579,0.8827821639575975,1.0977102082000554,-1.5736991507831557,0.32567493469331443,0.20014066596059674,0.6879997954369546,0.0,True,False,False
0.3551501543831321,1.1084073811418524,-2.2807931472244145,-0.1243886830257345,0.6877665075196132,0.11347275527515957,-1.4180203797011006,-0.3833092467565472,1.272121199740612,0.06612260878640466,-1.775506241503348,-0.39418601868350767,1.0,False,False,True
0.7837569366333053,-0.569181197218946,-0.8132021843792281,0.45481778230809944,0.8352719748030447,1.5847472040896795,-1.3252714969778465,-0.46634289340495516,1.1373758730117969,-0.8158686608948625,-1.7482680210878796,-1.0768887741504232,1.0,True,False,True
-1.590506670576371,-0.7718871459615515,1.8003611940461215,-0.2801152541119495,-1.3300449658813829,-0.7183421165119207,1.9881426990602138,1.0771324251371472,1.1187802227802826,-0.8003272137213067,0.03649180391730553,0.8429571456979604,0.0,True,False,False
-0.6588279478007574,-1.7827709743781601,1.3740631903643614,-1.5987468574137904,-1.7030059063176306,0.21308066816248603,1.3855665392828196,0.7038374017097678,-0.15685101959376171,0.3968867410838459,0.4287446234872064,2.085409567842781,0.0,True,False,True
1.0178187061226895,1.6280433309421534,-1.234590488967696,0.5882155367139293,0.22678107491812116,-0.3618527184189974,-0.22018152863251836,-0.7564800479869759,-0.5836642730866135,-0.7531811759422571,0.04592724058091538,-0.3501299234363269,0.0,True,False,True
-0.557156532074581,-0.25289194702497786,1.2425829697000357,-0.053455329272700275,-0.9016849109424642,-1.102348998492813,0.6086440666918468,0.6725676394783192,-0.5076847475300394,-0.13002227216886036,-1.6424713166596523,0.9104929118788342,0.0,True,False,True
1.1476921230028343,-2.4340361094942247,-0.9006172706207436,-0.5170178243739297,0.677156763642696,0.47546968852846283,-1.0467974102346016,-0.5498240847602527,0.7448815459117081,0.3254000134243621,1.4410276954599595,-0.6048699963131128,1.0,True,False,True
0.5393104643414093,-0.11282847047564429,-1.7318572013718267,0.6076009194829735,0.30450536941928946,0.9665876191071627,-1.124564564721134,-0.5984948294941247,0.029116696552977515,-0.4216413539321248,-0.18639460993477572,-0.7954949643821909,1.0,False,False,False
-0.6559574666962321,0.1478305597906112,1.3255343424442072,0.3355199306572509,-0.7343285804136345,-0.3132759074804362,1.2193122574847164,0.6688149266534967,-0.6095550348869309,-0.21363154199561674,0.12140056646555206,0.6996410429361372,0.0,True,False,False
-0.7224548874587085,-0.1129736117342147,-0.07463874052803766,1.3163330808199767,0.9601051454272248,1.543444733994652,-0.6674118975418458,-0.793750501537366,0.7139605658885769,1.4556155201524792,-0.03280487654414502,-0.5248515650869948,1.0,False,False,False
-0.38417183718605824,0.09587984758387141,1.1062711234603595,-0.07576104001371432,-0.05429534922035349,0.2638237188843409,0.9315354570249237,0.7791013340183893,-0.7033649231340408,1.3973689429889677,0.6808904122427283,0.3034537864020453,0.0,False,False,False
-0.25508910019827735,-0.21505381954640124,1.1135629598647325,-1.7714312181155407,-1.01258073239621,-0.7624456074659605,1.1601138942584466,1.0440041832372342,-0.49675425490910563,0.13210575408317457,1.2081437795319516,1.4195524618872877,0.0,True,False,True
0.13495384277425948,-2.463937086207002,1.6154432248344726,-2.1538757358085645,-1.0181384856850304,-2.7848828541780617,1.946387662069673,1.3550430726745306,-0.4966488312217,-0.08997249832778183,0.8190443137068968,1.3974587670857512,0.0,True,False,False
0.22051137845201088,1.3034895950613943,-0.16101366135333445,1.385020163829786,1.3422911388317502,-0.030813387416959985,-0.7253432720631549,-1.2849340284913686,0.24716645010603955,0.17975910851034319,-1.0052516478972315,-1.1435962566372269,1.0,True,False,True
-0.5600983491961331,0.12491607874228482,-0.2365517027950529,1.94265357065641,-0.7082566244749989,-0.006397745857186561,0.721177891597121,1.3915236725550089,-0.3968740342694833,-2.0190252622386526,-0.30740807752918653,0.20837008657500472,0.0,False,True,False
0.9153319362982218,-0.7841337817987636,1.102823523976586,-0.7296244230582964,0.27387642760883774,-0.6092012926219356,0.9345172901223757,1.2019210820160258,-2.155873333705063,2.6826416074482564,-0.9352074206862938,0.7382369421468336,0.0,True,False,True
0.4128977120890557,-2.235671817042928,-1.82835374875623,0.69029795750875,0.6895698200463781,-0.15417030280603447,-1.0686065273421264,-1.0817179891727,0.4146596287346222,-0.4239310326189576,0.3257011850392763,-1.0365814022428663,1.0,False,False,False
0.6511057955983326,-1.2037834753965657,0.5472941184256389,2.1031708216968186,1.0426816023264338,-2.344308246796049,-0.1755937088532052,-2.327978719126894,0.5579574362021603,-0.14115344505678692,-1.6141721455655509,-1.5619995349793887,1.0,True,False,False
-0.5935075321361293,-0.49928243691404894,0.1351958852115215,0.6078502552994158,-0.33445859717916904,0.13939310411669764,0.47882757180236296,1.0951093161981353,-1.5331168588687398,0.21089203036208337,1.2378920021826711,0.25034265278925005,0.0,True,False,True
-0.5896850370109703,1.6150482249542362,-0.654769998279855,0.04891822739809297,1.2046092548391536,0.7511289651807476,-1.0683425269880955,-1.0919929579556296,0.5706869544680574,-1.6190113736955904,1.4779254840286185,-1.0049898875747234,1.0,True,False,False
-0.009027376415001476,-0.6418524675407219,0.9600027127271765,-0.834266156230284,-0.9718847277267392,-2.273999147472686,1.2880860900729645,0.4170267020433066,-1.0435724896262069,-1.2046024924381387,0.12702528804793473,0.7045494956159405,0.0,False,False,True
2.525762075825821,-0.886249695647125,-0.8940647601705815,1.481267104101838,0.8420425156033317,-1.3672758288567983,-0.9552532932244969,-1.1606327287485447,0.7678703755321207,-0.2896501977354714,-1.711039233584933,-1.941993510730537,1.0,False,True,False
1.389775857402948,0.05251844730532598,-0.5474797863716806,1.0000146430915624,2.08744965343703,-0.6487783618276862,-1.003360125787742,-1.04336337962593,0.6376193917035321,1.953332510612422,-0.5111018889582284,-1.6055889996502084,1.0,True,False,True
0.7590633522541878,-0.5671620022104142,-0.20600400970943555,0.6002122239172495,-0.48215306933997965,-0.7540447918543157,0.3767172960848324,0.8018519885959721,-1.2188577183417137,-2.174763766067257,-0.7958200870563247,-0.5254654490475443,0.0,False,False,False
0.1601772273391296,-1.275006542715121,0.6527985171765912,0.15465340826504054,0.348495726811895,-0.2534748532816327,-0.20605893619989793,-1.0543880904970588,1.1408491152212734,0.05966842109883995,-0.7243193191455527,-0.2504611976114882,1.0,True,False,True
-1.4213831474343754,-0.18359077419101177,-0.19014060163266716,0.5916963436390871,1.058006935512952,-0.0643565376931006,-0.9860753407714234,-1.5273578238206698,0.6367068058542689,-0.07469332930173087,-1.1477344748236495,-1.2411761399649714,1.0,False,False,False
1.5504687121439689,0.6325051444203547,-0.7038882277106124,0.9146560149494355,0.18142199691837277,-1.6621372165774198,-0.48486573563020735,-1.221660046628752,0.02347903760628494,-0.33585185354407854,-1.4804397149465074,-0.8163145068322981,1.0,False,False,False
-0.24105004048131942,-1.0615456597893327,0.4215819727489672,0.18767017671470732,0.5987268969868627,-0.2841048510623613,0.30423321507774925,1.0448630656103703,-1.9974853040508052,-0.22293531755458057,0.032506433186243494,-0.7262861436699509,0.0,False,False,False
1.9318520615462833,-0.38856714417897936,-0.051110409497385434,0.5875593514100597,2.1571542135623103,-0.15328926485519437,-1.28027783735494,-1.483921204513858,2.3931877070583694,0.13971348341084483,0.7264342840198246,-1.9444663724142783,1.0,True,False,True
0.052438658937100924,0.776091732865217,-1.3449969083052151,-1.1179365907964887,-0.19424461321982484,1.899032257521464,-1.0637696187146963,0.1307149568662145,0.06006317168066583,-0.3853278623261756,-0.041005125043012645,-0.26556776153709494,1.0,True,False,False
-0.41564366000241854,1.463475486564594,0.7904778279535036,-0.5603710005035746,-1.1871222041599314,-0.2476043942376625,0.6124079473064713,0.9313903925165703,-2.1553844074572717,1.725215142050565,1.0453634592456644,2.295599748645961,0.0,False,False,False
-0.8192758222696815,1.7052409537623912,-0.9971941718052035,-1.2341214009132393,0.7191934387659539,2.6731703092695516,-1.3053461687333339,0.3174321468309815,1.1838609333630172,-0.8922741897100753,-1.2121714893779105,-0.17088534994461638,1.0,True,False,False
1.5794017975702523,1.1156554485547077,-0.01854205339124392,0.49348308077306613,-0.3645792464880238,0.07722072554617868,-0.1306322130589562,-0.7052895433274324,1.4496099151464628,0.8257033054958003,-1.4124109297760885,-0.39588292940350966,1.0,True,False,True
0.6247296429784066,0.2974994558981787,-0.4389154613378366,-0.9188859930544396,0.3290280056671425,0.5865923120761725,-0.6695963442567061,-0.13790965732943866,0.4271288671186471,1.0222747402627048,-0.0812612502147977,-0.048437142894912626,1.0,False,True,False
-0.9581863445479507,-2.1975146245644255,0.44658705151298805,1.549399671501108,-0.8313776834315783,0.9566086512873903,0.5430668804866842,0.5957723649444804,-0.8677382002804611,-0.5738455581188597,0.5018915325552432,0.361193877507179,0.0,False,False,True
0.5833323524752352,0.7360010894415914,-1.4548720602644534,-0.15796594258904292,0.6969035019860503,0.481254301712227,-0.918558584782712,-0.6493432166526799,1.1786252650193418,-0.14604695130856107,-0.08187767714135248,-0.8950462603889574,1.0,False,False,False
0.17964626364054337,-0.8935763115867795,0.04917986401586178,-0.3599253692438101,1.042408203132469,1.9777876462410455,-1.0157399834917822,-0.37874665574558397,0.6195323386360936,0.2587071708973462,-0.05235272323416853,-0.3618815514606071,0.0,False,False,True
0.13962553410399742,0.13291043532282787,-0.24348931941060092,1.0057924996253977,1.8292746366683985,0.7449425472800483,-1.384962123406088,-1.4487264068896124,0.4803974207277032,-1.2422295273785247,-1.0059438704675923,-1.1224245678225289,1.0,True,False,True
0.5920251354685819,0.055706806578908405,-0.2713316604895993,1.3442647010044937,2.126185105107062,-0.9303387085428165,-0.9794205695155251,-2.205468179673583,1.5150544556412655,0.39351910362947234,-0.7489272976138457,-0.959597160565769,1.0,True,False,True
-0.6350446264935761,0.4158759226268768,0.8682177715517941,-2.1209756959255652,-1.2403941627696133,0.027909319382968256,1.0845412852528495,1.083169843470549,-0.5495130754387831,0.02090316660385034,-0.4932814341075747,1.736114519932447,0.0,False,True,True
0.4990901236173374,-0.4070102056524653,0.2709637739482946,-0.11404107358167448,1.5903082681642264,0.5887422996846451,-1.033977978090563,-1.0060801032233089,0.7782477671054056,-0.5826036828217716,-0.3304783188368,-0.9265082451856467,1.0,False,False,True
-0.45156636533889516,-0.06605113703011659,0.3650888055409073,1.1971485843296108,-0.044506452023852325,0.28110604625837554,0.41959433678848046,1.1956411929989532,-1.006829754140802,0.5580975059043722,0.4814645146257673,-0.12690097253414437,0.0,True,False,True
0.2805225581327439,-1.8750459739365932,1.2193388344939435,-2.691578858581725,-1.6029210427970708,-0.3477124403587331,0.8797998432896239,0.7231934783467299,-0.7424612224256214,-0.48098680631915275,-2.1710414449261974,2.0127106965401755,0.0,False,False,True
0.20574664119523534,0.13641392078937878,-0.8281780537063625,-1.571343899709036,0.9859166813771757,0.3011910791362225,-1.0625321629036697,-0.37878703806054304,0.9890285595307909,0.9197669485940859,-1.0819939886619723,-0.10819108119482865,1.0,True,False,False
-0.7090716725044184,1.757104800853534,0.6352979362599744,0.13391367405523597,-0.2579156874773268,-1.3803497420247912,1.7370371977069998,0.6383804408894553,-0.4094638357624384,0.8260823592224009,1.8598675898397958,0.3168209811721754,0.0,False,True,False
1.0097151389243213,-0.06006553689396969,-2.261518291252811,1.9789267199795058,0.7199279018900728,-2.095897200408141,-0.6294678783938664,-1.9757947592842655,0.1060759991691952,-0.42488619827569657,0.16347833569838233,-0.8620919921368844,1.0,True,False,False
0.7803933493874965,-1.190564286372337,-1.6159013335026986,-0.3424158812530543,-0.16437075128136103,0.13856188114264859,-0.8039259950629122,0.10735095714381664,0.18512796331905945,-0.023114562160237422,0.8653741218329123,0.15994639145590764,1.0,True,False,False
-0.527859547828161,-0.5675662259445838,0.8950051657967774,1.869261115635373,-1.3742737998350256,0.207397845005726,0.5922169936791277,0.43792315392800213,-0.6437959961041257,-0.545750230871999,-0.2661848802044449,0.8166775911658649,0.0,False,False,False
0.3472919188472916,-1.9798415852624822,-0.7460474115039175,0.5806145864577178,0.5523219329460496,-0.014024814808494348,-0.862469133993283,-1.210926219089786,0.5562509657601243,-0.5146619309247804,0.11154047523703084,-0.8195498098409877,1.0,False,False,False
0.14661393943225937,1.539178594991029,0.4897870512044926,-0.4803824736389733,-0.7022121239397423,-1.543788281624763,0.8343697737666003,-0.10316480100659464,-2.208389962378966,-0.32593795500660383,-0.7401537024548298,0.1076054141970421,0.0,False,True,True
1.3404527856434927,-0.26559512950850306,-0.9419439336855444,-1.6872359824685565,1.0692989164833264,0.24557799074590014,-1.2639692932327389,0.0031136584867444703,1.2618695778695075,0.27090068101203846,0.9203113230647743,-0.5074540449896989,1.0,False,False,True
0.5663827819661724,0.0464697239371646,0.18147673507469816,0.8481246424661248,0.49292777566988527,-0.17962343975607792,-0.5137712078634512,-1.1235332322230038,0.22401604676310496,-0.9548545496540876,0.7152599794343012,-0.7764935250277067,1.0,False,False,True
-0.9867515380952854,0.5365335314284299,1.6718040331051813,-0.6610945689224227,-0.9639515151564954,-0.3094643435784758,1.4158229061254954,0.6635342703051987,-1.3855659645308924,0.011930042055726117,0.10449904621942538,1.6800257334423228,0.0,True,False,True
-0.6823235761734798,0.037924446696555154,1.5692589950171825,-2.226672153866131,-0.82679838901753,0.7894115882481761,1.2754491925733185,0.9505969359431751,0.6708338980269983,0.3917703893693352,1.5454212760192503,2.2519154613242636,0.0,False,True,True
-0.02168052953577367,-0.22581636096521857,-1.8759940547704264,-0.544870249753077,0.49098348737819086,1.8819820913254397,-1.4916830168774562,-0.09758696372091515,0.6447847803963824,-1.7950013321535112,-0.15683225008745988,-0.6693663521277996,1.0,True,False,True
1.0957290905494845,-0.7498729515053268,-1.1330005195503166,2.0756293499633482,0.40493218372047723,-2.068742905019032,-0.5186985541256979,-2.079920276109391,0.5362501377622605,0.02108341992572482,1.0332399152743001,-1.5100300670151712,1.0,True,False,False
0.5046728534500142,-0.6158429122844535,-0.9468558799430703,-0.02157455917133704,0.5541345544207958,0.5088309603772557,-1.1132931113815356,-0.6615094267910235,-0.13378391570564954,-0.5551897983239037,-0.049225994969072255,-0.7409011564849345,1.0,False,True,False
-2.011763132759766,-1.0392246066723134,0.7004201986109336,0.24497274817566156,-1.4464761046338679,0.752467944399231,1.180571619243319,0.7129732352996337,-0.422440705790413,-1.275020648129456,0.6059538653894977,0.8189720407874085,0.0,True,False,False
-0.44634816187275256,-0.019172441657318292,0.37323462379489,0.07865271905028297,-0.37986647038230587,-0.057535237483213736,0.3559921108498979,0.462907472487462,-0.48627810464944277,-0.018621579114598337,-0.10428728641078051,0.3324096967179963,0.0,False,True,False
-0.30202105239477695,-0.696702648604849,0.5741177818532571,-0.27252656404262676,-0.6659981733611923,-0.014039611179331737,0.7878441085867601,1.7043435645718077,-0.9728458347095761,-0.0216743824820541,-1.3030430452289326,0.5229538440878402,0.0,False,True,False
-1.8634455196902064,-1.6710650489165166,0.8423632768480714,1.4580518313144082,-0.6030488047869387,0.5510896574281976,1.444943440728296,1.8957809995172739,0.5667696851841618,-0.5111145970782416,0.1107251396810623,-0.054588733094612346,0.0,True,False,False
1.4330064116736339,0.5116149064553159,-0.319439282974482,1.0079873360088305,0.1931611226542163,-1.2277064339221377,-0.13007053435135865,-1.0943568201047484,0.4357467719314927,0.4999281397902786,0.006161523842722994,-0.7128033939693764,0.0,True,False,False
0.8745900323293775,0.21271764004770446,0.32893023963013374,-1.6546084329189408,-0.8838347121829263,-0.5485572197447912,0.3105635830035715,0.10035967758400417,-2.357379119996046,-0.6495859215274123,0.046209349136332734,1.1565095368667955,0.0,False,False,True
0.5897702780655802,0.9915164419747127,-1.5420680221094605,-0.7576182933971636,0.2533164491213063,0.21971680257494383,-1.1570761340829887,-0.43431866059937585,0.9517715427471025,0.7223902228151278,1.2714286695524089,-0.26707034941909036,1.0,True,False,False
0.24444264044995748,0.0406921625877049,-0.9474195222594624,-0.7407944974807135,0.6562477633662221,-0.15313597893120173,-0.7879365635332672,-0.67079004988196,0.42178664820542316,-0.48464113345752285,1.572428306897985,-0.35446103829957687,1.0,True,False,False
0.8756180039789075,-0.7642835735145831,-1.1105454034586864,0.24783808684835132,1.8030274992098838,-0.1814975831787418,-1.4703337779005368,-1.4824941456984586,1.78701418202071,-0.06912621646626033,0.06979669612426521,-1.841807966959329,0.0,False,True,False
1.4530890777780079,0.2187648794109943,-0.4825708713837081,-0.011172540062541486,1.142535930550879,1.1798699338636882,-1.2628625227344383,-0.668527530895521,0.6980691817325958,-0.769594844838843,-0.11641264302768087,-1.2773547754774228,1.0,False,True,False
-0.16578943440792887,-0.476886592940753,1.447402655287643,-1.0493830400511013,-0.914998703569551,-0.7055761482148876,1.20797873888449,0.7924056316030049,-0.6524012907359548,0.21688626442564043,-1.3452501683948939,1.2092391785621919,0.0,False,False,True
-0.2829268069848475,-0.875810713807795,0.714708274997676,-0.0903425598600786,-0.5009794097107825,0.7026795166615977,0.4463436842681921,1.3907088482971348,-1.4598484619794283,1.8504326791669026,1.1048895369678982,0.7222565111993302,0.0,False,True,True
1.6699493263297513,-0.19970024239221157,-0.4487820920898189,0.07328707714236807,0.7772791013089246,-0.3374781707234684,-0.19113090390310405,-0.8227200423155377,1.3576242179505682,0.34057910928755736,0.6058437622841817,-0.5332343425140292,1.0,False,False,False
-1.0839286574247697,-0.6569569217583642,1.1790575637322656,-0.11579201740774446,-0.942580205110975,-0.026760768780950243,1.125821527056376,0.23040712349368425,-0.60196907515952,-0.08589234267451666,0.8979975557762885,0.95733784001971,0.0,False,True,False
1.4407667920487808,-0.6447519241154481,-1.0573233289857669,-0.4843770381220478,0.2815529932330975,1.1390057957284545,-0.9188278295365512,-0.19544044984497744,0.5159725878714992,0.09674611046271317,0.12647871093708327,-0.3567861510359969,1.0,True,False,False
-0.49000216098658594,-0.34219679691795246,0.566936679755807,-0.33538664412684654,-0.865617520506526,-1.785321963114608,0.956374760125528,-0.004324375753341339,-1.172497598636386,-1.707356371769176,0.2605483860860723,1.08590927154605,0.0,False,False,True
0.004508242190143413,0.8106920334524162,0.49940961535083134,-0.474426522751119,-0.09438290178221423,0.052660420635784216,0.4365641657026333,0.7238224490150522,-0.8054960707245425,1.460009371362502,0.07747636868603863,0.7446107900425666,0.0,True,False,True
-0.4675465993508466,0.22275406269873646,0.43487195462043693,-1.1560417827346308,-0.7128152909755777,0.7366388811998664,0.6123157322957421,0.5770026174648158,-0.5431953649018034,0.17884274009092802,0.2719898495085461,1.1056135631973347,0.0,False,False,False
0.7019035397824048,-0.8234968065177161,-0.542830361543934,1.5686884326854742,1.5989776431338412,0.45007605336311185,-1.2875801136327518,-0.9823275550876641,1.8900739231991854,-0.6871799082522138,0.31914190293793676,-1.889103366724143,1.0,False,True,True
-0.9655986148467545,-1.779403524498936,1.2994148616833106,-0.30765769949811045,-1.0071180824941701,-1.5204362622323762,1.8306961475067287,1.3846931292169742,-0.34984301840637,-0.7622123099849799,0.38032899854138397,0.7889189598485836,0.0,False,False,True
-0.27447866961195133,-1.2793450689766568,-0.05287218192930902,-1.310720013787805,0.21754229902403086,1.5586201446012504,-0.6542362349532235,-0.012980041222781673,0.12422913929860957,0.1604570917711837,2.15713445914115,0.5285342157915577,1.0,True,False,False
0.678092227822616,-0.18562869799523665,-2.676292565897286,-1.417986450831154,0.7218692424478442,0.4890062884243373,-1.7013703675691623,0.029460033491871287,0.20146001750022083,0.07168955990357949,-0.15321744478400465,-0.44456562419627593,1.0,True,False,True
0.5967850554834895,0.18878587179047546,-2.7349906017676,-0.32759446519147495,0.03830257545082839,0.8916646257218638,-1.3759913492943618,0.36891321823382905,0.1421602023774535,-0.2054232613257066,-0.01137256474313804,-0.6406931196819814,1.0,False,False,True
0.838187240604579,-0.27222310515356446,-1.5068136231502824,1.481395128357688,1.8475551011125055,-2.35258247952003,-1.1294442899232389,-2.107809180222524,0.4733650120804458,-0.5020149400635204,-0.6735557997967387,-1.1731639886320409,1.0,True,False,False
-0.7190081869310072,-2.0746316768661024,2.328254091550386,-1.1366909550846904,-0.6215214148614855,0.3955129219960568,1.913399996336323,1.7456070457067008,0.6760828858200868,2.048340410470525,0.814742449112507,1.8751452328125948,0.0,False,True,True
-1.7413785907704713,-0.18753518715294126,0.4874120778903557,0.39121570848672155,-0.8745793959867125,1.460650532201083,0.7804942698680543,0.5774128254851087,-0.28116966825749795,-0.9422393690150223,1.4033359855749692,1.0065948584081752,0.0,False,False,False
0.4426699921741839,-0.0508107946025314,-0.36264146940599384,0.385923011580972,-0.32444969516328964,-0.34650714310935116,-0.4472087723684202,-1.0170541026444746,0.25076048567868314,0.46036630093143693,-2.1643213391276945,-0.07440889245002474,1.0,True,False,True
-0.8212796672637852,-1.4526377200474005,0.7060557623892206,0.21036942025029573,-1.230782214490665,-0.02367221486671742,1.1269487009688797,1.0266491080773121,-1.5731901695142951,-0.41059537807701363,-1.3859735237453241,1.0160106534138504,0.0,False,False,True
-0.5320789890870649,-2.4267492574685927,0.7739013891447021,-1.1003081117174023,-1.0543829938500737,-0.9830645080607263,0.8575484039646885,0.9104080876407562,-2.3451569734777147,0.08271948410956836,0.6023186053650847,1.4696089307908993,0.0,False,True,True
0.380655008833788,-0.8983086486029576,-0.2701587566015935,0.9089245738348241,0.9417276031197946,-0.741036390303843,-0.4735162091446416,-1.4470388698165537,0.6938717255011109,0.26963917377560503,-0.9116660516841277,-0.8533720022866939,1.0,True,False,True
2.048437054229937,-0.6845779633217529,-1.3295110470625697,-0.060763581462889765,1.0080799624071022,-0.8378660839963095,-0.9928751842855029,-0.6026801368516478,0.10513171342370026,-0.4162159181992629,0.7837487873245597,-0.9736499345782627,1.0,False,True,False
0.4152618719831859,0.06880962928332739,-0.17533723271074997,0.44803326397641285,0.5668084582434615,-0.7813889164801351,-0.41414697811153417,-0.985048390339934,0.23420833898754867,-0.3906867962173655,-0.2926473045408151,-0.5829355884082303,1.0,False,False,True
0.41612529866712816,-1.870845737179539,-0.49399091565020925,-2.8351979575119084,-0.11984445045358129,3.1058369598606745,-0.926200910827098,1.2426390236293159,-0.06615582177592193,1.4736958310038786,0.8045884641164591,1.4625070705442174,1.0,True,False,False
-2.7825376366484367,2.034898854599191,0.6390130940550389,2.0566067760172997,-0.795087414561258,-0.20965956938985994,1.7023219948584156,1.0259997389089122,-1.157221496854635,-0.055160247066968614,0.38449789467098094,0.4796143275210616,0.0,True,False,True
-0.35063375077329295,-0.16519255183750886,0.35293739668247276,0.07676339583719116,-0.5635631891090023,0.3537925203054041,0.3598410873766803,0.6235686990746925,-0.5503384607819124,-0.10152038679140572,-0.11873541184945074,0.31947558861934183,0.0,True,False,True
-1.6889050866969064,0.40189399164193634,0.9696728556073207,-1.0051663162149822,-1.3103072963967815,-0.11002378825978666,1.5771612936912662,0.9964039622671012,1.1180048983749422,-0.4375795555143749,0.44068732545993544,1.3682102364752464,0.0,False,True,False
-0.35994297840792816,-1.5616699002560936,1.0984380074809352,-0.3526696968634344,-0.7561725104874109,-0.5446717277250365,1.081246468563107,0.8347102733865028,-0.8309252513176981,-0.08767123618224595,-1.9303202079712851,0.8087581349907224,0.0,True,False,True
-0.3179795884679968,2.174331585794977,0.6010139228802738,-0.06370974531428851,-0.5661706351576746,-0.4019608915434774,0.6264909829475814,0.47149033878638574,-0.7189358421763349,-0.781879590830906,-0.8816373307620772,0.3737086829027283,0.0,False,True,True
-1.4871346227847957,0.03915434786163513,0.6026919303796968,2.257752550574913,-0.5145842512411577,1.498274494797742,0.7554326635656119,1.4879099298927148,-0.3697612744400588,0.4448359132969007,0.636858902791002,0.3614404995524319,0.0,True,False,False
-0.37518801552817127,-0.12797115686823085,0.9498863457988087,-1.075366490364468,-1.0851912770719703,-0.6180463094642544,1.2768478231673317,0.9140382794134677,-1.9711892828699582,-0.455328233872664,-0.3090991297713814,1.1732931002069464,0.0,False,False,True
-0.5447119484385271,1.6679228910961397,0.7682714497399273,-0.24525017036211968,-1.0003222767495596,-0.8252487842142442,0.6757744960783606,0.6170979417994644,-1.6173661310201415,0.8135463101385535,-2.766242659707539,1.3689660413019584,0.0,False,True,False
-0.6145477571536988,1.4548932607878353,0.9115626624729236,0.32823290355440043,-1.1465059516194376,0.5583705834092677,1.166641764747465,1.2508815951326182,-0.44511579360588105,-0.006824047126437644,-0.6928782916238165,0.834029502064072,0.0,True,False,False
-0.8836281254208009,-1.3538012529138261,0.7954375084960448,-2.0277975855676686,-2.1492875034282912,-0.22183327914837195,1.151269367541477,0.11853966194190055,0.22287920818948964,-1.8675328446234876,0.7340115830397462,1.9103016596093305,0.0,False,False,False
-1.1175020014463262,0.07778966805118671,0.516017519071381,-0.11504278039229578,1.6093051749306955,1.9794010372882493,-1.0293345478830183,-0.4338807212882276,0.45800878697198755,0.040508241611507886,-0.8263846672495386,-0.20602909116003154,1.0,False,True,False
1.08632674985294,0.08226624271698954,-0.28563266341695526,2.2183958286183696,1.9991030799525966,-1.9975199522799738,-0.7327410958593944,-2.4168329624849823,0.8071790338570236,-0.03888009917164948,-0.3066509920458592,-2.0816806030042376,1.0,False,False,True
-0.3620490218538354,-0.41668279940019665,0.3540006152045876,0.3500734341647177,-0.795957189887199,-0.09816687679797381,0.636404928203335,0.7217751836700917,-0.47600009216356776,-2.4717295738895095,-0.7377541034797269,0.5288904025960465,0.0,False,False,True
0.28062114623069867,-0.0050291531914332605,-0.10364140626139208,-0.23188806846485374,0.89543620731154,1.4535608792403727,-0.9898081015165168,0.2034983545835447,1.2804837727845175,0.16609928125902385,0.6828810564066866,0.05756574432533138,0.0,False,False,True
-1.3853350093049142,1.5035057635486144,0.9215847771894635,0.7156470054249842,-0.63267091413159,0.5612595855974651,0.8549497039175554,0.5313613363725879,-0.495666750027583,-0.005169402243186006,0.00956542237089814,0.6275858078729197,0.0,False,True,False
1.0759407029102772,-1.530502972307324,-2.2652943860348387,-1.8813627036960936,1.1810258635092954,0.6834021217991556,-1.831695137537466,-0.2828754595382281,0.9834316139525814,-1.7293632856080412,-0.678387217305046,-1.0019616037090575,1.0,True,False,True
1.0785922543277413,-0.21252323267104956,-1.3390022608015244,1.9760748500647414,0.9469400118291686,-1.7510752674654202,-0.968569633165573,-2.2619243519118886,-0.5524019586343091,-2.631711988287679,-1.2532735048234054,-1.247415647743671,0.0,False,False,True
-0.40461890257801547,-1.6054627395357426,0.33424855957090666,-0.002537861743065185,-0.483346135658016,0.1215691636106666,0.7453350886294754,1.77298595090182,-0.7214879792290545,-0.06420337383855244,1.8457604334323687,0.33643745792609375,0.0,False,False,False
-1.067646266907609,1.0513367839322454,0.749672494477584,0.6013962764966393,-0.5606017552726508,-0.44492654196623316,0.8876984045840188,0.23178950810206436,-0.52292474118763,-0.21532864027149057,-1.0981006399209545,0.5788620781813102,0.0,False,False,True
-0.47121172238955106,0.11915661079502929,1.3682918562266373,0.38067286835848857,-0.17466814835864136,0.7119396580092142,0.7441688760012545,1.7255402363535899,0.08431393797413271,1.4869036188809164,-1.3045829281379886,0.3533635907460169,0.0,False,False,False
-0.8472969488266194,1.728361607322474,0.27641863810874895,-0.7878616056618017,-1.993887969469057,-0.5559141135228314,0.9688324782458725,-0.04518650991932492,-0.7444903668319767,-2.2393487849540294,-0.34867506529370756,1.3379845445867038,0.0,False,True,False
2.240559609717066,-2.6051250976554705,-1.754101157724881,0.17919276533646583,0.5860905279500479,-1.3878294347263198,-0.822971836298466,-0.9027575626072191,0.436827609233199,0.959819446226896,-0.3865697758292621,-1.0628163719659443,0.0,True,False,False
0.5295086411323497,0.3429987561114889,-1.8070369566036257,0.32554982200599836,0.4901617619769554,0.19175115270715887,-1.2921939567443228,-0.26841458811928953,0.012883238667668277,-0.0027419518622654464,-0.34630191813527084,-0.4810432397489479,1.0,False,False,True
0.9590105181768538,1.2031204217049702,-1.1160178022362581,1.0147980817352829,1.0715549361616878,-0.20643706799069445,-0.7380212943345388,-1.1301677361138611,0.743812548298924,1.0653531038110713,-0.5703931113309173,-1.2026484577057641,1.0,True,False,True
1.984528750277208,0.08875941811130525,-0.07899868359409526,0.8398187254853016,-0.04809214924606651,-1.3887915860560585,-0.46222415881696155,-1.0914889769587774,0.1628168847464287,1.9904836492763558,-1.1291554672220425,-0.5246425412983821,1.0,True,False,True
-1.9719305173513815,-0.4814948247394919,2.134354328439404,0.20856199070631126,-0.05203871340668345,-0.5532605544180408,1.9171994046964072,1.6521173723181501,-0.4137379968442934,2.599140737150813,-1.205662243761674,1.0747350527249224,0.0,True,False,False
0.4149712107741859,0.470528969406161,0.5557688124016755,-0.13691919182429274,0.5495654920051287,0.19333234513481987,-1.0914836163883397,-0.8278425969651726,2.3212912971952404,0.14679136821796607,1.4659350766665544,-1.1353514914134604,1.0,False,False,True
0.32040313853538405,-0.3504316150238243,0.18156456453485448,0.7563483502051049,1.5068489901424478,1.1202093588576463,-1.0288922107942537,-0.8805772217132002,0.9586862410555433,-0.44629861969679147,-1.5932849698127105,-1.2413052824727266,1.0,False,True,False
0.5963995539373481,0.9949593536413549,0.5039360530276287,0.3393671544312953,1.615330907992534,0.2200103146738316,-0.7191134772009758,-0.8494587440777666,1.6213389978154376,0.02411081363114787,-0.2196696461827719,-1.076778140041977,1.0,False,True,False
0.2557309098610453,-0.1750517819348587,0.8481763293879124,-0.09015914222239484,-0.28665711339150546,0.5158322688760846,0.39949502063977627,0.9514379117011053,-1.076840901143836,-0.14690296042076872,0.17128146216766513,0.8230997769503716,0.0,False,False,False
-2.0446671875049898,0.6358605022280893,1.7785690027389496,-0.8492201974180241,-1.4784720893137442,-0.16235526779640422,1.6618066805622114,0.7871392080120871,0.5838530217095932,-0.04506413693282551,0.4984881729162171,1.8066766837284847,0.0,True,False,True
-0.868767559755453,0.3090204012706887,1.3722316819522822,-0.9265650395763817,-1.5358829110837413,0.7896681667779836,1.5045679846841549,1.3512160328492597,0.6739978505293485,-0.14433422478649807,-0.9374771150521406,1.6867596232700444,0.0,True,False,False
-0.5902602365702079,1.0638937256795136,0.9430094023057582,-1.026574529104854,-1.2468723966369666,-1.1891795472579099,1.3684351387112752,0.7161051703174536,-0.5467468915548316,-0.035530067928487084,1.0065220762789808,1.193863944089597,0.0,False,False,True
-0.20834334058387058,0.08387214631030353,1.13901834050603,-2.284021270766941,-1.2160340304182653,-1.1659365925745546,1.5776813714373212,0.8356466223033068,0.006608233459325213,0.9203384288738126,0.7010510911846229,2.049419978498695,0.0,False,False,True
1.4629864870000562,0.5323216314946965,-0.49282286500885986,0.1504814873585835,0.5960333562441681,-0.6821338617663968,-0.6421043192348664,-1.068944964137209,0.9457802558114582,-0.6091670609034109,-1.0900089405626558,-0.9111337354374084,1.0,True,False,False
-0.6655708213194075,-0.8939916704257251,0.21170600671538833,0.18523782579937903,-1.3933437515687603,0.6805865052164698,0.4335372639944789,0.609471227800633,-1.2589980286989,-1.0109605759844453,0.029290725686281074,1.0529216687352947,0.0,True,False,False
-2.0853930997962222,-1.241585144574126,0.006897528590522385,0.7063361125012338,-1.3655828453094838,1.7318091510924827,0.5623886943633422,0.7633009242702087,-0.8560999747462069,-0.8674981533811861,-0.5022516903338207,0.9197340584123262,0.0,True,False,True
-0.5706930313649409,-1.1732386751803987,0.9599372274317127,-1.7697218036639601,-1.4864044842833106,-1.174431648886567,1.1451501184584216,0.2303266663744199,-1.4776554382226998,-0.6418064471914998,-0.05524369259974853,1.8242149990803305,0.0,True,False,True
0.7661597160747815,-0.13104782214051913,-0.31403894188505127,-1.8708243533597892,0.5837752504510229,0.4323058667636062,-0.9495011487954225,0.3981657594448467,1.0914194492152036,0.3938854444689426,-0.7177300514163083,0.05943621586117299,1.0,False,False,True
-1.0277786646705513,1.0569376147650187,1.2779552130923217,-0.23622770543411917,-1.1388418919530805,-0.9076206680719927,1.3709276128207164,0.29971075202703257,-0.6623176446988691,-0.6048063385029178,-0.1273927799752142,1.109551836796406,0.0,False,False,True
-1.0936485286990447,-0.2638623247916298,0.40710113746091836,-1.1851514686219276,-0.1697818851712656,0.45764263721455267,0.4558221010075266,0.32092893861541555,1.3223432265744015,-0.9715219527607791,-0.25685466838606813,0.6861288929078693,0.0,True,False,True
0.35046682254177786,0.10641182824002077,-0.3877634437476874,-0.12060609205346166,0.5239530588487313,-0.2015634719673532,-0.5502269660712148,-0.6907056463298641,0.6645937666659976,0.23903341587200205,-0.1778214922429254,-0.34099441048339224,1.0,False,False,True
-0.07519766827196932,0.7903438280901423,-1.0705775092068015,1.311069743842844,0.7297425021332138,-1.067617829900934,-0.4176985788127631,-0.8615305542477947,0.3528930579740396,-0.12787029033887534,0.6775553441201965,-0.992834264877568,1.0,False,False,True
0.7878606298509372,-0.22363313767765694,0.4212594055053682,0.4962966885407126,1.5892689282777697,0.9292360338426771,-0.8811445995535294,-0.9875088494593007,2.368560241585213,0.9278343866269968,0.4821503663410125,-1.1366674095520282,1.0,False,False,False
-0.39503703272214474,0.8236407487553723,0.5701888936774424,0.8897136704069623,-0.5441140556587426,0.6381319662165826,0.8085694595277254,1.2979395941069232,-1.6270609416118809,0.11904244207212523,-0.051688217653824094,0.5200919837463259,0.0,True,False,False
-0.36168271424865034,0.06523051580943054,0.981203309697346,-1.3653318596569095,-0.9757020143622862,0.2239998871393988,1.0765506231462063,1.6525457494588514,-0.6698962110720732,1.396649975467075,0.21746257519736004,0.7969889860799632,0.0,False,True,False
-0.7976439715433967,2.259999262497144,0.863126415804675,-0.6706089735748973,-1.3258148386807471,-0.791385498330032,1.4018087229362624,0.3448048231705365,-0.7252653343638727,-0.12245143990810964,1.2633395966986463,1.6233540886601872,0.0,True,False,False
0.876363030681725,1.7058217430499867,-0.4787091071952309,0.27878520446670024,0.7234259816890553,-0.3998003259470366,-0.6807318263127105,-0.9421472520879818,0.1865933171852872,-0.17119485860194494,-0.15568801077297825,-0.6857999749623417,1.0,True,False,True
-0.6301274365378002,-0.9216692907013978,-0.2538434689914974,0.1388696567822047,-0.9366666096109674,0.9866692628015001,0.42867248965426746,0.9525275814907508,-1.736333362377969,-0.7652757060143317,-0.2832297023848377,0.022799296739877156,0.0,False,False,True
0.40326712501554907,2.1248533413532242,0.30996489094888996,0.012017118618491128,0.38843315924485716,0.2776426080855673,-0.31862392121474886,-1.1315966067292316,-0.034054397069446844,0.9978585983315572,-1.8917263472681165,-0.2288462133803533,1.0,False,False,True
1.2455605746782457,0.08108691655368665,-1.4856764071681825,2.627360264434314,1.0985223426225534,-3.0172190898803875,-0.5586931581184671,-2.6051649044246337,-0.14948939677307743,-0.1861595515790272,0.9267741227239302,-1.1419989734007838,1.0,True,False,False
2.1126004722234866,-0.6538533617064078,-0.4263041360290258,1.0481503504084069,1.0729761880664501,-0.8603161293539067,-0.8159277759927731,-1.5780623095084911,0.6250419402547476,0.7246995749134245,-0.10198239828171413,-1.3708597343745212,1.0,True,False,True
-1.0169121365962184,0.4312956029072744,1.3339538185631064,0.046419196201774,-0.4847097543198246,-0.09835851368056642,1.3522019811233015,0.844930508197113,-0.0975173253393694,0.6865465067615416,0.07917694687037688,0.659930290892344,0.0,True,False,True
-1.6253889704870903,1.7290842489165135,0.583656428895029,1.4939667032750947,-0.722153819490161,0.07615367547125522,1.545164857830981,1.0862857581422996,-0.6902742576832236,-0.603717474995621,0.3101947168925854,0.15577334551574307,0.0,False,False,False
-0.030029474438385953,-0.25651362620730694,-0.8949313114899102,-0.6498582452052817,0.6281082066865843,1.3147637221908968,-1.305634255089358,-0.8648077684310151,1.23965779935735,-1.7295987062727831,-0.1561765983945132,-0.8836395379014039,1.0,False,True,True
0.1510250122001842,-0.2665132739442074,-0.7934925693902293,-2.5955661720354315,0.5827041472995356,1.0683515208374499,-0.8512305840936566,0.5237384981451765,0.8833284845931971,2.0585744630057277,0.9069360349682296,0.6717204356812051,1.0,True,False,True
0.527628028757521,-2.458030611854701,1.12421550430732,-0.6677966870867482,-0.6788315677283372,-0.06518961413580339,0.9927917089106475,1.9283608673088108,-1.6067834140670967,2.786745065799747,0.08569452528871205,0.4366107208081219,0.0,False,False,True
-0.8049093247983623,0.3960378231401838,0.6222900282891193,-1.0369905872604859,-0.7333166725235827,0.11712217925270636,0.8855574108342663,1.2854795448602605,-0.11228383225366477,-0.03257632851574782,1.150516064222283,0.8470326463590425,0.0,False,False,True
-1.8052646359662792,-1.407803661862235,0.9118761941115782,0.3708657984553486,-1.3302535637369675,0.12699600131420857,0.9718693255411611,0.1409306142440467,-0.6982399513168521,-0.6618768482341116,1.2350151863991123,1.1501974295791046,0.0,False,False,True
0.6411016590454146,-1.430279605407941,-0.7521483058223886,0.49863199179332346,0.8300459441435434,1.1908059810546636,-0.9637118223799354,-0.9290223347912069,1.4263084921341682,-1.4627172314009358,0.3211686319352468,-0.7045220994504424,1.0,False,True,True
-0.48404618320461634,1.0943974301613306,0.9994475375820396,0.13717355247125088,-0.2184523368218416,0.2911346626988318,0.7045886914165431,0.9086891065965736,-0.6120849793854682,-0.11829187783629291,-2.311376142317044,0.5608454090605738,0.0,False,False,False
-0.01805874866790056,0.6957721082586638,-1.059928765880984,-0.2568146737791321,0.47343558051329,-0.050288440941126944,-0.6839261084576969,-0.06266059635636867,0.4931737587702386,0.490076233536513,0.6709473613491791,-0.3380123402548191,1.0,True,False,True
0.5325126529442112,-0.12736657249877303,-0.9714295420216736,-0.566800639120948,1.583221246698066,-0.8580795953617844,-1.1740965890180806,-0.7708743413772234,1.0910517364194903,1.215040184788135,-0.15437522158465078,-1.0108702476538125,1.0,True,False,False
0.4182658136629521,0.16271117604184898,-0.6977216519996677,-2.684484416306073,0.34142380926816934,0.5261951491948845,-0.9514249614393366,-0.0231995324049482,0.6355888895457045,0.26018874201158404,0.2006250829340547,-0.12247881660936766,1.0,False,False,True
1.3652125499221825,0.14791107389619837,0.050632799250110536,0.05823073043361491,1.0755346294624515,1.1562885250291508,-1.2389455329690409,-0.8564122474026741,1.4516964952362514,-0.30802180094016934,1.5846121492403455,-1.6878247062582474,1.0,False,True,False
-0.9856181055640855,-0.6342727274444994,0.4938732654483758,0.5228116564017609,-0.9605661401742394,0.08763112717497845,0.7525137518587232,0.6662236399321227,-1.2979201663762774,-1.026821895732727,0.2911943002949913,0.7211345734269914,0.0,True,False,False
-0.6814266410902207,-0.6662176295067476,-0.12756932777380886,2.308174515194932,-0.6097234677601795,0.9210326512612063,0.5318534210390768,0.6157228423282061,-2.0188837321690913,-0.7506383230812815,1.546949246939059,0.3705654741835435,0.0,False,True,True
0.40608858781600904,-0.07477658029563355,-0.5183561163458131,0.31166265882366184,1.7764771482399793,1.4470639874084337,-1.4018667393234745,-0.6297784375072631,0.4453061804198867,0.12346070332498064,0.03877512914235879,-1.1226346271672107,1.0,False,False,False
-0.6159406668518697,-0.2865037524963388,0.860833878349401,-1.1750921236806817,-1.4838200544663462,-0.22214438860923252,1.0586879141130974,0.674509860087353,-1.264524876945868,-0.36204205423078595,0.996151722339949,1.5862217204004423,0.0,False,True,False
0.463825140572072,0.0665605766106947,-1.5418918707731413,-0.6900562046722227,0.7277010642480433,0.20961103263398045,-0.9897487604654256,-0.666923172284387,1.3430560159913225,-0.4863214581123896,-1.672788536252917,-0.8221632567464511,1.0,True,False,True
0.3982235625204931,-0.3071817534204721,0.7585156066881964,-0.038690245793072724,0.8162194831897798,0.5274791011077168,-0.544411520984142,-0.2922516417607794,1.0432282561943813,0.18983602917871797,-0.25731856777588363,-1.137247901090318,0.0,True,False,False
0.693242420052101,-0.36767863317209387,-0.6538421928912962,0.2977080757613121,0.5696189607337342,-0.1113455063949094,-1.1239434537715496,-0.6209074163678199,-0.25899738488486806,-2.076584385546827,-1.810880996697301,-1.0735139497348045,1.0,False,False,False
0.374138625560461,-0.570460280346074,-1.1496658532059267,-1.8791086554801608,0.2370260727419802,-0.27838619270671316,-0.7379378369160933,0.04144361883381726,0.6308339528022591,1.809213735902559,1.516352617656772,0.44941272796270754,1.0,False,True,False
-0.9369417812580582,-3.3244500373523107,3.1072874549303933,1.1823927907236598,0.9965583243898932,-0.12440974229305982,0.6710891396268008,-1.188049777260939,-1.8892966575255699,0.23731984069804823,-0.21926439923333593,0.029288546599310513,0.0,True,False,False
-0.66921102396619,-1.4168794556808693,0.8443294557198356,1.0848912290424837,-0.6661153299767176,-0.21437729134542327,0.988520511972577,0.5362141084881099,-0.7683253182312431,-0.3635232233985991,-0.32574927339868204,0.23573798782045324,0.0,False,True,False
-0.7767723666825357,0.08987827800241402,0.32408243501348555,0.5514578689451244,-0.7847521540064981,0.9668829987523632,0.6572383420510926,1.7486812316151612,-0.5948812082786556,-0.02646427936494444,-0.8876582635478524,0.027158099894846622,0.0,False,True,True
-0.2969901702433311,0.48027352960374303,-0.8246277787140851,-1.3576352044200457,0.4555508087268894,1.4760708270395466,-0.9187513716292198,0.46375704772118703,0.643501034826837,0.39567499100102504,2.6763712536729742,0.08863501793576592,1.0,False,False,False
0.6031224785414775,-0.20181975407974465,-0.3426584510678484,-0.7878935071665214,0.7099373859512513,-0.014091037066020351,-0.6364947883539832,-0.5471319716021745,2.0645919895515674,1.3523354103447873,-0.20041340979505612,-1.2565487910802673,1.0,True,False,True
0.22921534408219008,0.5606818958490716,-0.03680886540009401,1.2414130553066307,0.4473366990519974,-0.6453844530592391,-0.20663200134268553,-1.4001860825792674,-0.0940215723314116,0.31492786007548795,0.05003265151231327,-0.5110036768497134,1.0,False,True,False
1.6009287185206618,2.9996373287624807,-0.41658808376961093,1.477841484061598,1.1587744375378979,-1.2881613100359437,-0.6841052751215742,-1.2114739796876208,1.2106176237065402,0.022981431699201794,-0.5375319392323291,-1.5715812000981446,1.0,True,False,True
1.3951580566712691,3.0115680314483253,-1.080072670528384,-0.26961900295670244,0.5154283916618883,0.2215858208452736,-1.123979636062743,-0.6400461043480458,0.10537732263393497,-1.5776510409025615,0.32169043800291985,-0.878295269955006,1.0,False,True,True
0.7028719707631728,-0.0830830658712022,-2.8974813501696977,-0.15314183837033882,0.2269332447414562,1.3515248414816723,-1.511050222833178,0.2472209476908083,0.32170387517412086,-0.29559971947937624,0.8728680562775532,-0.8133856655429421,1.0,True,False,True
1.4662865210114902,-0.14196904908143493,-0.18189600194948075,0.26704738303975006,1.9069241710492777,-1.7889292128898702,-0.6861253116719072,-1.8261529444779148,0.5386714879704362,1.1013939222432734,0.49704962419672805,-0.8295360103824133,1.0,False,False,False
0.2953208165228192,-0.3464927319591498,-0.8386696928495295,-0.4562264533515716,0.6569173319394217,0.16010474980471007,-0.6647616748048087,-0.5754252682763441,1.1511046893247427,0.8156425883860514,-0.30885573872097494,-0.2841889615557708,1.0,True,False,False
-1.7920964145272946,-0.17534669766193114,1.1716931861286486,0.6887105320016369,-0.687917655871332,0.16670605236713906,1.2774837020472447,0.34162977302929387,-0.8375639492268626,0.23750764191015378,-0.5138770559990918,1.152305461101811,0.0,False,True,True
-1.5747639211998155,0.14353643490000403,0.6338555203596671,0.66733935230831,0.4819747418290071,0.22910929751214823,-0.22771792793301554,-1.0891583575944446,0.004941392291106828,-0.2734825056745729,-0.11594961120955084,0.19068595552096826,1.0,False,True,False
-0.7498409305074504,0.5500950827997708,0.5202359985021964,0.036836937216049886,-1.7922638506216602,-1.956766132609722,0.5850867571387414,-0.31527859874482883,-0.5047030507996638,-1.6398422540476014,-0.13873010022906135,0.559951775703009,0.0,True,False,True
-0.14353318423444072,0.10670331625635891,-0.28427994836722187,0.09292206429430364,1.238658303242507,0.817187659489868,-1.059343171867063,-1.077769601992503,0.7740013595635199,-0.04471908213252641,-0.10080078604064983,-0.6942672062573657,1.0,True,False,False
0.20608434497764377,-0.3848156686453599,-0.5981076162333577,-0.24253159381732303,1.4184357842088298,0.36135426031417833,-1.1123815283520506,-0.5062797657203859,1.0940602820504604,1.043200760067447,-0.3929192550412272,-0.5933160383625262,1.0,True,False,False
-0.5950386651343866,1.9061371992284426,0.48418152733604836,0.5973044827223332,-0.8061367155876374,0.1111230356155505,0.9889075389694953,0.477927656543328,-1.2522587071185134,-1.45036139346843,-3.144498607884596,0.2738802582964722,0.0,True,False,True
0.964413968119595,1.7659768099905853,-0.906312650771465,0.44496485276379943,1.0906634507585806,-0.13028889191894738,-1.5604501747693433,-0.8686620763897601,0.5295039134818568,-1.7103342856442612,0.18996057809596392,-1.4333418146953492,1.0,False,True,False
0.28851004398020236,0.05622126323427895,-1.3341351372530954,0.16116541075554722,0.9587312889640411,-0.7549587414559111,-0.7218831714239495,-0.8918351270620605,0.4096681710375625,1.0775189817364934,-0.11701244404169862,-0.6436975297809069,1.0,True,False,True
-0.9601012578088953,-0.020129401510377364,0.8056915231832283,0.6116200370228966,-1.2679840901653774,-0.06890389349831097,0.9024136247971355,-0.12396395950443623,-1.4266017810854954,-0.7847333876667935,-0.9585247561018512,0.9261480133702463,0.0,False,False,False
-0.26483846601660904,-0.27172259800841236,-0.6067401835243343,0.998734802571683,1.1456589834132784,0.9280316904615346,-0.8089718158921647,-0.9339545390450715,0.197418319349766,-0.1751025173604444,-1.1805965861348715,-0.7230936162630247,1.0,True,False,True
0.4389463798368475,-0.07542675951954375,-0.31249095112798786,0.21278161325693215,0.46335570814725285,0.5347849701431807,-0.6420433097602422,-0.4825982418641839,0.4156148545475215,0.07370171573701521,-0.04553697355557827,-0.31990821404348446,1.0,False,False,True
-0.8158151107104069,-1.7085627569264143,0.4342824022860612,0.3441832527866078,-0.694071831460669,-0.07652192351574989,0.9886315502892896,0.5417040367896712,-1.1448927331493377,-1.0901514635485443,0.029982731108011244,0.5947135732877558,0.0,False,False,True
-0.8796230818919452,-0.10765981131116159,0.24104042969668196,-1.2111258716010873,-2.1295388949310587,-0.3996439337325591,1.0552071088543746,0.44651466926990196,-1.5203414326957039,-0.4980117504570265,-0.3773678047585122,1.8128710230537226,0.0,False,False,False
0.8696169942201123,0.18261493645984375,-0.46215331340197063,0.31804739743205457,2.281826389530105,-3.4479965410287527,-0.4544057955477616,-1.259571901014687,0.8368401986814898,1.1984593068997835,-0.6521101261283752,-0.8411033605275156,1.0,False,True,False
0.19776458879820247,-0.8595462468347189,-2.0036914003278006,-1.79663223073841,0.22291339607750896,-0.2855117754778655,-0.8081230244908908,0.04767026239443681,0.4981008531065343,0.14058000782126967,-1.342285793725839,0.1026206998660435,1.0,True,False,False
-0.4273402755850944,0.12396019660662767,0.6415866061858172,0.028624128455050853,-0.5895511582658147,0.5401017419773549,0.5092321037111822,0.2850177484786315,-0.613968756586764,-0.5008150276238189,0.021210594782007663,0.3990808289492031,0.0,False,False,False
0.7386177037548793,-0.19659431977320174,-1.3507383451440849,0.02625470070139012,0.7030405317946755,-0.007283048027088926,-1.1744678952458985,-1.0665271508019203,0.29952082582899375,0.1833991444996657,0.08142721640648982,-1.0714153087267302,1.0,False,False,False
0.6382950703427805,-0.22571895222563493,-0.9497178853275274,-1.6257155338324811,-0.262874321046482,-1.06808798703782,-0.3759719115235438,-0.24503016105891517,0.7889218507833021,1.7651385411792064,0.7837396827370136,0.8169127276720393,1.0,True,False,False
1.4272605788918207,1.2696985523592506,-1.6734854621938655,0.03021134951842881,1.1388881417145984,0.8838256349521721,-0.9828383541583988,-0.4286365438230561,0.8666279906361003,0.36328327135512306,0.30583383101310374,-1.142272784071917,1.0,False,True,False
0.4908149495382926,1.6097047521556014,-0.00812269059456965,0.33394275615613994,1.8387945409576762,-0.9161130888129538,-0.5191581787229194,-1.3070227292842602,0.7216954733063747,2.2056951814087564,-0.23755163993665881,-0.7663141237565854,1.0,True,False,True
-0.5913209335708024,0.5447638667501117,-0.2911281285934919,0.3527407927063149,-0.8041672358168405,0.5361951863184615,0.2874950320014127,0.7252391255659351,-0.6732666811247382,-0.7854944114475365,-0.25342928194627246,0.511792997574273,0.0,True,False,True
0.8235896459204324,-1.5431925184215494,-0.7527545314655358,0.5591350025026861,0.9140616519212849,0.6116086444857822,-1.4193770653068087,-1.1120788143449363,1.3474671288086622,-0.4000653074026601,0.502510239586118,-1.58487875641361,1.0,False,True,True
-0.23007193025571812,-0.003100031816718447,0.36902855761694703,-0.055867877113746925,-0.3758424787978858,0.3250668331991168,0.25909076257082125,0.539492314073499,-0.2784497302666918,2.505923499564846,-2.778980984563295,0.36328101532655727,0.0,False,True,True
0.034126082182011325,-1.2719605314460776,2.0138308159157035,-0.02097445133029899,-0.5368857192985795,-0.2820055779404854,1.2640330856594526,0.6474927785759909,-0.9858987184991663,-0.037411034728997816,0.10946509689232266,0.91795909264855,0.0,False,True,True
1.0525177800857755,0.4381236773037569,-0.4166048954693479,0.06525625094365206,1.0830211365846971,-0.028782180985161387,-0.6769797026692135,-0.7032886711546044,1.2971168103132298,0.10933637555184136,-0.06374809020081214,-0.6331465286498998,1.0,False,True,False
0.45540502412813905,0.8962678598277842,-1.1391453495929054,0.09342430336382732,-0.16294966312602702,-0.30400922039905914,-0.4755661356456229,-0.5724490649430042,0.48367109305908645,0.08879329867706559,0.5448179294373392,-0.29797211636499815,1.0,False,False,False
0.18182375707941548,1.4493473905738414,-0.6659049531728676,0.4359997643179744,0.6965797168161996,0.3133844736103403,-0.9543469953497855,-1.35408962740408,0.19778412905345127,-1.130000471930518,-0.8837121091274402,-0.7186463940690258,1.0,False,False,True
0.1089236829482039,0.21384942436099835,-1.4946768087562712,0.9632500545542243,1.032184371560987,0.4261111738058601,-1.2126531483390797,-1.1504241894439804,0.8101005329766834,-0.08219135661753768,-1.6291385036529673,-1.324659761015818,1.0,True,False,True
0.2866801340227709,-0.11666039587019073,0.46324272138968486,-0.5249042007597251,-0.5204620531302498,-0.46266233263136847,0.5832985778283477,0.8302478627229289,-0.679941555855525,0.11278338146753972,-2.451408990392041,0.5064087734080551,0.0,False,False,False
-0.6324205289067804,-0.03772716821070545,1.2916342686578863,0.1739400697242668,-0.6414982151533664,0.4958864023733329,0.9806222302506752,1.3699472876387564,-0.8809133275245368,1.7327045028569268,-1.1731470988783548,0.7520637491978106,0.0,False,True,True
0.5928163112406566,-0.09761991196221907,0.2267071070152699,0.5401105616563304,1.396054580497794,0.8226977791940973,-0.8258483402383769,-1.1909753573780477,1.4901348771014415,-1.620087307478201,0.11448601053496708,-0.8737357301092566,1.0,False,False,False
-0.2687913338964596,-0.9922331016477578,0.6291042971197626,0.04438045338976572,-0.2978798336522796,0.3767053207094949,0.5905583959163578,3.487927570658886,-0.632282577686633,0.2647790860481462,0.12648663518863626,0.3807513443054609,0.0,False,False,False
-0.16634592070617435,-1.4478805219179713,-0.1265337309114987,-0.781484733455891,0.08083198215499247,0.1753294415826123,-1.2809841056749562,-0.12553732781417867,0.09963447755471441,-1.3981336894348118,-0.2539675115557495,-0.779154548485841,0.0,False,False,False
-0.8967794375874993,0.08514361564829258,0.5922552003573699,0.7687758557122342,-0.34589027103164,2.0517468173861997,0.4841988176410654,1.8037088353967041,0.421306556355229,0.9653542007829645,0.18913159091207743,0.07735652152371386,0.0,False,True,True
-0.9307964133475269,-0.31108231662445485,0.5705282310973746,0.45698268633287825,-0.8178833496253366,-0.36963932072998096,0.7194822400341516,0.6713437430784857,-2.55682683979612,-0.34752296576617714,-0.05992509522554878,0.996973563423406,0.0,False,False,False
-1.630130194296731,0.019862276500390318,0.6682852775334988,2.270700866633463,-0.816644262075923,-0.5908001722811623,1.3818098487042374,0.6535575862949494,-1.4953897994198946,-0.23016456054697917,-0.07368113086533705,0.02421438226641302,0.0,False,True,True
1.6717025470404308,-2.1492783426912268,-0.5709948608215868,-0.8293356086198335,-0.42443071632425466,0.3777758938398801,-0.5097503824666507,0.006368944196064921,0.4663647533258082,0.12197047628523772,-1.2136090173412062,0.014277195442723193,1.0,True,False,True
-1.9277914634280697,-1.7846455986726022,1.3129485164252346,1.4207710181398303,-1.4484625191812857,-0.6611722713619808,0.8865879150583239,0.7625708825631938,-0.7423026670886659,-0.7660540728275822,0.29001808070983165,0.8064609580315859,0.0,True,False,True
0.40740772233873285,-0.7908337229572614,0.4240510220877178,-0.11304882735748992,0.45048745879114166,0.8264230868511865,-0.500484075936977,-0.6104454279717958,0.4384454587592922,-1.7223523400771157,-0.6456178219247685,-0.7318352650180573,1.0,True,False,True
-0.35063375077329295,-0.16519255183750886,0.35293739668247276,0.07676339583719116,-0.5635631891090023,0.3537925203054041,0.3598410873766803,0.6235686990746925,-0.5503384607819124,-0.10152038679140572,-0.11873541184945074,0.31947558861934183,0.0,True,False,True
0.1287063852302018,2.88638156735395,0.28518761203124293,2.1183465661009713,-0.20767587668799778,-0.24615741491675197,0.4544008403439296,0.22714786357430017,-1.2626094748101655,-1.1263336152884513,0.5453839665985915,-0.7165430554663137,0.0,True,False,True
-0.49977140213613835,-1.0390167226940115,0.8894355878622711,-0.46959039301737115,-1.2218641258923195,-1.234862363219844,1.243233921627378,0.03731331100485584,-1.9811493162310985,0.03891120037927574,-1.9842082546331061,1.4414093768057397,0.0,True,False,True
-2.6605931166345194,-0.22321690339176195,0.7955572549195465,-0.4179143170311573,-4.195190129907354,0.24978629122982424,0.9854886069042516,0.7163803400664253,-0.342218250960547,-0.6800292239158257,-0.3939638847780315,2.882087015045906,0.0,True,False,True
0.830869606784355,0.11990595354665279,-2.6808164284454943,-0.041428835854945556,0.7161488799285822,0.06642351123853356,-1.5760104807574509,-0.7589656450519601,0.43138167474032246,-1.5323825070543478,-0.07155828460682775,-1.238290755483286,1.0,True,False,False
-0.6624837297554004,-0.2044592389819545,-0.031263768846639346,1.0217165897409657,-0.3860967434072929,0.8893264723665422,0.42456559918826964,1.4556043860273857,-0.9621574869981167,-0.2907126766469993,0.8158349914649915,-0.1615325340968689,0.0,False,True,False
-1.1394228968805944,-1.2839987240429616,-0.8110859419390937,-0.4663650447608593,0.5277673709342873,2.511524779851795,-1.0758024323288344,0.1880679660773459,0.00908031721618112,-0.74998423015453,-0.18682216082752534,-0.4795480962810175,1.0,False,False,False
-0.052414833385702256,2.161247392306635,0.8857565630789982,-0.08437481960825909,-1.5511868912915452,-0.3094567686804027,0.9505422630614089,0.8087212748441694,-1.4544012428177804,0.3823324765642111,-0.07461007007679317,1.9900391867004208,0.0,True,False,False
0.36934048837871436,0.8729181231796863,0.3484483794987917,0.5648507372555612,0.8254242895785556,0.8969982207574714,-0.6064110864720442,-0.5847806589432798,1.4835186795142639,1.6670599276921243,-0.09360913258217242,-0.7125194240364912,1.0,True,False,False
-1.4195235630637109,0.1890417529664732,1.300757962685098,0.5268707061989476,-0.4015074682886233,1.6671994161900763,0.591908936632338,1.6705796444576517,-0.47435886851710196,2.5984257058083333,3.501178158835694,0.78956972557205,0.0,True,False,True
-0.6359049976724483,1.3985679209272754,1.0827899305732387,-0.3449808443855641,-0.43449117498194895,0.16796707787552112,0.6415402095771324,0.9729104254827438,-0.8123181935256345,1.225510337829221,2.5509912333424754,0.8441180853923673,0.0,False,True,True
0.8701886938918988,-0.8907481482463618,-0.0326709953486928,1.3318721952556951,0.31643036583638395,-1.7076802076002966,-0.14355366106923778,-2.025061043307952,0.5172439795558117,-1.4596741356635554,1.44862392827536,-1.0119891633875873,1.0,False,True,True
1.350858153810706,0.8123785273961055,0.5381678596074422,-0.5264623414749181,1.5868794766811358,0.833258759495958,-1.0047063072445623,-0.6241358974674072,1.6103840507195173,0.09517747900966875,1.3399899952768943,-0.9653139445122705,1.0,True,False,True
1.3525299183617572,1.3092433772589807,-1.1731680509020297,0.32331019057159993,0.5638618311716213,-1.6784619012180184,-0.4772518365785303,-1.3011060505171026,1.194845668469665,0.5983502243225739,1.0927129401605917,-0.8812520133816212,1.0,False,True,True
0.36767923845452005,-0.14742715133147363,-1.471508854080898,0.3844898078274251,0.4605501113467582,-0.4129091803629739,-0.8355899920706924,-0.9583043362978786,0.07808424381376917,-1.222532714681813,-0.9722184822367013,-0.8460797816752633,1.0,False,False,False
0.4390507618456672,0.44464969108032215,-1.1790881636095405,0.12740687051097924,0.8162909551488426,-1.3766363403228707,-0.5117644802534302,-1.4694622896085112,0.1253677008325366,1.102384542261022,1.6150829380179328,-0.8184204665433765,1.0,False,False,False
-0.132554123458002,0.1808289215766199,0.6423003775900586,0.25532671039942584,0.06383141622242161,1.308565421492174,0.21171182561418841,1.1569598924617712,-0.35608131821878647,1.1909429909177938,-0.9269104617155273,0.23620659404443747,0.0,False,False,False
0.35683579858224573,-1.0174188165128566,-0.1612079632521173,0.08724200749213319,1.195051180827398,-0.47421867758513103,-0.7945386612160835,-1.1437932465047993,0.6222474627264429,-0.08935051773251201,-1.44066532479496,-0.6687620888867256,1.0,False,False,True
0.01315013024579427,-0.4348319325343482,1.303305045526736,-0.32056425818298023,0.288567645058561,0.8809558959486823,0.6606073764294522,0.6553844310586919,0.7674926509988436,1.534023366587199,-0.5365080924194126,0.17389762834179784,0.0,False,False,True
-0.461358076947678,-1.001367651685794,0.5321976774062623,1.307799361061009,-0.7054761594572198,0.13425569296335008,0.7847770404467047,0.5292760178964362,-0.5661474775102978,-0.2606317316858932,-1.1374725193815622,0.6171561405536476,0.0,True,False,True
-0.17835443652129043,-0.3441398958176461,0.906198841275539,-0.8014536436342637,-0.694879693256668,-0.5019126653147399,0.8383327027902635,0.7018661474866937,-1.4676729841996141,0.4154457909821422,0.020288199630883717,1.0744206274469121,0.0,True,False,True
-1.2892082699700174,0.47670943771400787,0.9359365270173825,1.436725532808748,-0.06431882698773152,1.0143711694935431,0.6163549034817033,0.6288131538423567,-0.46068716992162184,0.6666343239101871,-1.6411242357393743,0.12544872284840797,0.0,False,True,False
0.8199892352267397,-0.5627151856170135,-1.8693536558674118,0.1394073042730476,1.846773504114495,1.052916319232019,-0.9921511174231007,-0.5467819898037204,1.5956821652195412,0.045186863169231165,0.24031352624564767,-1.2799616340646052,1.0,True,False,False
0.8888686446454513,0.060694138249924805,-1.624803502189096,-0.5272355434827102,-0.5393223777147373,1.0745215939177326,-0.6907270784090404,0.9390135110897041,0.43825882724115856,1.5928014417887326,0.1485129615650475,0.8288369806038172,1.0,True,False,False
0.5324401163224605,-0.9908466025405052,-0.1542026015147785,0.4472875559764668,2.686806354930766,0.2475310381884178,-1.3460303104939504,-1.010612251815062,0.4871947239919993,-0.9158830891501966,-1.3275713985390785,-2.380185028165307,1.0,False,False,False
0.797037898886616,-0.0567535271815607,-0.8173068372600998,-0.31947845715443696,0.2211739678719125,-0.34374038552005176,-0.7020214807368165,-0.6664491545374343,0.2615434136713464,0.46573159759511534,-1.1250541933391807,-0.18229517993560393,1.0,False,False,False
1.0302983078589387,0.156760342593992,-1.7431736449226214,-0.3603331900560832,0.7869875475999253,1.463634107983428,-1.4187032120095697,0.3887293307129217,1.2155475851951296,0.38297098119379597,-1.0867125869177936,-0.641147801272127,1.0,True,False,True
0.3535185244844343,-2.7470236061764033,-1.1160673470022706,-1.3019200328521934,0.5381812145102735,0.38181967805866945,-0.8844091394279958,-0.3626919238650671,0.7707136426138355,0.08921711605275492,0.17187455265495083,-0.04105509736311003,1.0,True,False,False
0.7723791977119365,0.14530131138169194,-2.3636259425429924,-1.9065416664447954,-0.04348067209944474,2.4478406376154234,-1.0078171219687129,1.2109996010903292,1.2085675515939158,1.1214384449152484,0.5288445665091274,-0.09471387019491141,1.0,False,True,False
0.7000985004644145,-0.10515109569847711,-0.5634033586269925,1.2345384672027078,1.5596293540395019,-0.6329190991404012,-0.5626085099419925,-1.6518038634680854,1.1687262414308168,0.7094278066329862,-1.5161894525760071,-1.2307845814413474,1.0,True,False,False
-0.8711463773246844,0.8264292633765462,0.5539980711636464,0.48596962704816876,-1.2313339590582832,-0.1789846237895751,1.1775654142570915,1.155734206546069,-0.6864823013208284,-0.11076191265045125,1.0048609008839087,0.594039498890773,0.0,True,False,True
0.04591550976618897,-0.2161566393215749,-1.29826941740034,-0.5192676593178347,1.8693230475852844,0.9712349126276362,-1.5327821499854364,-0.5218778479208704,1.0457884628696459,0.6769507261966135,-0.22653890475799396,-0.9705341289201432,1.0,False,False,True
-1.1008726326539333,0.23971495853952837,0.8493822526961203,1.5662217822465163,0.11211627029860298,0.6590108377534891,0.7631000236254757,1.3200308913359622,-1.4489753593764771,1.4619257710461622,-1.580640091571827,0.07944417218259564,0.0,True,False,False
0.4283678663701749,-1.1799552028480496,-0.6931669250456433,0.5120324014727523,1.582145407322485,-0.27235129972062716,-1.1541492411243688,-0.9773230825128666,0.14407199363026402,0.2676595730991535,0.6853731922132958,-1.330209356070022,1.0,True,False,True
-0.5179280823091891,1.7606984923535058,0.6804063811425662,-0.6344909368449817,-1.363210141574127,-0.7075048077928175,0.8671176981723251,0.21584637167519233,-1.2352915748820785,-1.3041625737610836,0.4194583403795828,1.2236286492121855,0.0,False,False,True
-0.1569485165646039,-0.8476508071069605,-0.020249103003877503,-0.0038582557434362207,-0.4839711002988064,1.5515942489950991,0.06766056113791168,1.0128894910620942,-1.0180381076268616,0.6593203777860847,0.5074788863650339,0.47311763566174125,0.0,False,True,True
-1.0795954769973632,-0.4542984384791932,1.8177571792677654,-1.1598244068815535,-1.2190501006941883,-0.29030568656062977,1.5958892640774642,1.1576403912252136,-0.5808734234493723,1.3435927830052885,-0.5783445112641035,1.859198507996158,0.0,True,False,False
-0.588176513286073,0.021493297772673243,0.630358629627956,-0.20505638935240322,-0.7729699935521885,0.23727360533500275,0.7816154310719996,0.6841642217118642,-0.8951481239345548,-0.0955266041884021,-0.051798020946919834,2.8674463181279326,0.0,True,False,False
0.8850909367944821,0.19754825868312906,-0.9816681035544277,-0.26400622420625613,0.44117168811437785,1.5654779613142762,-1.0699536884139558,0.23604701009525758,1.118517169138003,0.7706432456162517,0.8094091640050147,-0.1630655822170297,1.0,True,False,False
-1.352735830129228,-0.25997735548548345,2.1231242339517133,-0.3657934093754041,-1.448596423160151,-0.29678936475500045,1.7406395287717773,0.5194251370486612,0.2660026918063252,0.49384389090309283,-0.6834644593724304,1.80623468444927,0.0,False,False,False
0.17326268288544058,0.4283966186411103,-0.6963294007174144,0.25056655307016745,0.5092197856956191,1.796806092727533,-0.9939222906563875,-0.23403018179309282,0.7225938354602046,-0.472657976995167,0.2956865598805727,-0.6309423076492551,1.0,False,True,True
-0.7870259711764019,0.2932003791381349,0.9343656684031161,-0.1381145200226675,-0.963355252423949,0.053834563884490136,1.4142229552183965,1.2673811602576193,0.5564980388266203,0.5193468541830326,-0.030310937246228412,1.0838383006072065,0.0,False,False,True
-0.7794927310236265,0.00500096121384302,0.5619852394030656,0.0838420210023882,-1.0346711839084983,-0.6377519047549831,1.116995303863663,0.2673663513883581,-0.552149065807125,-2.5403430383526606,-1.9747566278791056,0.6949240321014236,0.0,False,False,True
-0.8017377730891435,-3.6179644406976372,0.3985995493475915,2.6886927256378037,0.44838083670540185,0.0040616704011693155,0.7060251968983555,0.8681941804590808,-1.9623365636874366,0.9097370678797715,-0.44704449196548807,-0.6326563463573629,0.0,True,False,True
1.2017667033992923,0.6544176205162525,-0.6159907860607754,0.16973351653845875,0.6680627195772374,-1.0163369051332192,-0.6061672677837707,-1.2155253421859886,0.4825749030358797,0.02782615092827005,-0.06764340305051558,-1.0039137937634206,1.0,True,False,False
0.6173568886816029,-0.18789213336206873,-0.20087055711728172,-0.04755780336832133,0.9167063864554712,0.9111038548193782,-0.9384948748791917,-0.5463357161197763,0.5140950082935503,0.504771112643382,-0.002831631102404479,-0.9403898986031244,1.0,False,False,True
-0.19155357023654304,-0.7095053221814399,-0.8044301073297295,2.1123480569438637,-0.4806750166981504,2.362492761784025,-0.8438681330598466,-0.44896676178666767,-2.5068249496412394,-0.64022916389494,1.5564455673259996,-0.20986119562473698,0.0,False,True,True
0.31677587858677386,-1.6044213517820172,-1.8140680338659174,-0.6366148547132476,0.3137574017474061,-0.730090633672467,-0.8309459296535435,-0.6796816083389822,0.10110334394378179,0.4567810048958487,0.2091561004171237,-0.17819213730349237,1.0,True,False,False
-1.5821323453399518,0.27540986223258673,0.4223023011334584,0.2290893987155632,-2.16139447690087,1.9030035240460812,0.6617946685570621,0.34982267405343365,0.48269490005249793,-1.493568221174058,1.1510420514642234,1.5957304807790713,0.0,True,False,True
1.5600189599426877,0.5739229672254659,-1.743339314417948,0.8762870879696061,0.4397901068724277,-2.8695955583426596,-0.5626267197011267,-1.7784649690755505,0.5254399193052377,0.5440520634720932,0.2015489514922136,-0.7586095877624562,1.0,True,False,False
0.8090605027688111,-0.9821579619953116,-0.9075245133203306,1.0726693947394483,0.5749092640134157,-0.32722023489796725,-0.5121533846605797,-1.4216398789202147,-0.13471276177099395,0.09713658931719789,0.034768074741086515,-0.9562494523321386,1.0,True,False,False
0.2539516793498097,-0.46136551875585724,-0.12396839900997254,-0.060910980659169195,1.284096155427174,2.52018822140006,-1.2683575325625778,-0.009397779203982418,1.484535836829281,0.1308463129823396,-0.5709138118433454,-0.8430360142315783,1.0,False,False,True
-1.8208677637727506,0.019663269622941276,0.2547987540902342,1.1610805780482087,-1.0575829759001416,-0.11048504263067112,0.7364672509149325,0.6891534412809819,-1.2661423788800394,-1.1965272435035685,-0.8789568070043736,0.5820398492229245,0.0,True,False,False
0.7029205443683249,-0.4503948817655393,-0.7675250125363637,-0.12392068879308057,1.092333829756161,1.0760346562941212,-1.2040024997799827,-0.27661571293316145,0.8878972792863572,0.09570559461715572,-0.5930104976708392,-0.5940055197896046,1.0,False,False,True
0.4592741016876374,0.20320198496789285,-1.000748877810869,0.11144113908990311,0.5613580614023187,-0.2684589829328458,-1.0280571083333212,-0.728967566311374,0.7878305006595233,-0.13188431322172128,0.17171016695148655,-1.2095917432394305,1.0,False,True,True
-0.5146533577448411,1.6033004802134871,0.8764944442354368,0.28024003601480796,-0.7399734821228814,0.08979602096856752,0.9459042726074087,0.4708903335660999,-0.278769755622211,-1.1772070677169304,0.576230690403119,0.5893445397850471,0.0,False,True,True
0.35046682254177786,0.10641182824002077,-0.3877634437476874,-0.12060609205346166,0.5239530588487313,-0.2015634719673532,-0.5502269660712148,-0.6907056463298641,0.6645937666659976,0.23903341587200205,-0.1778214922429254,-0.34099441048339224,1.0,True,False,True
-0.9805244199426753,0.2877977046232645,-0.07152845601865135,1.6523775904600932,-1.113837510339711,0.2027179149504897,0.6731460465372088,0.37868366693719935,-2.185842776387789,-2.3210000886451434,0.037134701260506275,0.08751742333274115,0.0,False,True,True
0.8798149407725977,-0.989192120344032,-2.3437122415504046,-0.02709544364158326,0.28665189686542913,-1.1856835101146352,-0.984627511220541,-1.1380261041531916,0.3867743398846042,-0.613708213935669,0.015012173905732692,-0.730738077338172,0.0,True,False,True
-1.563826713383561,-3.2018842091835817,0.06018841641768837,1.915284103639102,-0.9117060107075678,0.4631065520768098,0.656047006778544,0.36299200969840767,-0.4025364076016432,-0.14822038498880558,0.4186544939100582,-0.1810624020854664,0.0,True,False,True
-0.937212402037825,0.9872197676629967,1.2918175047747917,-0.5089700642894368,-0.477160780119708,-1.3842863652751773,1.2365248266131816,-0.04485002103865959,-1.5095524479113873,0.11551393710528446,1.4435050434562904,0.7125380815256368,0.0,False,False,True
-0.7095852319907306,-0.6695521381790056,0.45931885663080735,-0.1306455770869995,-1.4317635838441518,0.4974964632663093,0.7536397341431679,0.3193030401535352,-0.6044965817201673,-0.031684157001140544,0.34024692525460315,1.1096886148263596,0.0,False,True,True
-0.49771370781631835,1.847269329534126,-1.312361806008392,-0.4943822454682324,0.5974965653844232,1.0646221322766476,-1.0887551328485998,-0.45553489560608607,0.01559829314741866,-0.547383431362191,0.24102020897154985,-0.2369863675098604,1.0,True,False,False
0.770855787594942,-0.5194498297089444,-2.298009014817507,-0.06323201715118247,0.5711250593862665,-0.010426092029842106,-0.9100234269197924,-0.665705901210967,0.1460087925045329,-0.5064731264856686,-0.34077417254042325,-2.1162198525642584,0.0,True,False,False
0.4389463798368475,-0.07542675951954375,-0.31249095112798786,0.21278161325693215,0.46335570814725285,0.5347849701431807,-0.6420433097602422,-0.4825982418641839,0.4156148545475215,0.07370171573701521,-0.04553697355557827,-0.31990821404348446,1.0,False,False,True
0.8408047624742976,-0.195603525834652,-1.5847519854560856,-0.7194402139570872,0.4497695432168082,0.23249454581524945,-1.004029596682088,0.1188350465749547,0.01968123070768117,-0.5411212910952798,-1.864815879162477,-0.5390628581700481,1.0,True,False,True
-0.19718588329771858,1.5489679833108574,-0.8495825938828079,0.5703197215298339,0.9941222902233084,1.4189395841848924,-0.7034142843208445,-0.904550286359941,0.7509541505714148,-0.1829818167784206,1.3909695992418587,-0.46246110161336773,1.0,False,True,True
0.4728161119388555,0.03772163058087083,0.27830781865464055,-0.025136870661602747,-0.9206549947858836,0.3014945284805342,0.3122703334971278,0.7087348675970202,-0.31548481842194087,-0.7838259626097132,1.719071864909238,0.7193813065586031,0.0,False,False,True
1.0331433090820954,0.45291000192110126,-0.2273228194437512,0.4623865843028512,0.6811781692873716,-1.5100357479132638,-0.23325280195659628,-1.4748058642367898,1.2352162589210713,0.6266900809873241,0.1140134197080207,-0.7224500995099428,1.0,False,True,True
-0.3563925236306746,0.5131002405779693,0.9770944668578988,-0.36980052108621647,0.5712976036057692,1.664407840393243,-0.46201556020069173,-0.5420960409417328,0.5814761799563075,0.08819225470299036,0.06688448159277535,0.1877310873662651,1.0,False,False,True
1.4418201231125323,-0.18386547475844095,0.9734537953773765,0.5774379649920218,1.7662071949391,-1.2376820676062672,-0.5268081858806349,-1.7810739651409144,0.6835930404748299,0.23293236708091825,0.27136887705999146,-1.2165304846491023,1.0,True,False,True
-0.5441700296621167,0.31955836977361624,0.3678717066394119,0.8505768771078647,2.1094856883071,1.572515739782125,-1.2766147343731533,-1.2814029472765796,0.846126883877541,-0.27240184056544076,-0.2524104932023714,-0.990060070813648,1.0,True,False,True
-1.8252792563320226,-0.2017543899612585,1.199400542381092,0.275671314976602,-1.1482290100417039,0.9345621609609531,1.1932286784267212,1.2058832443906276,0.4883107648959744,-0.2004085115967106,-0.15137023908200192,0.5882093975446109,0.0,True,False,False
-0.7636935290644011,-0.2137667090033623,0.05499345541195565,0.9414792343701123,-0.2788644333386097,0.4126238484862297,0.6627781536306501,1.2942964768645873,-1.2507057244649726,-0.7715268364731257,1.2394402419965156,-0.361601605555861,0.0,False,False,True
-1.4480692838506493,-1.253116988975127,1.1372450492919415,0.06507785361075337,-0.8477556699497972,0.07693111234657074,1.1663333005769476,1.1763728700738547,-0.6410374736873019,-0.19889372788887763,0.5817764406128483,0.32061748801709866,0.0,False,False,True
-0.7338869725316478,-0.8662628344205671,-0.19249126505733744,1.9286899473760957,-0.5388402223355532,2.0342717853642216,0.08030593245458048,0.8814074992755454,-1.7482925787812684,0.10394615957114087,0.36078195969467025,0.5563896760376175,0.0,True,False,True
-1.4917583520022017,-0.3149919316121481,0.2641826536586551,1.4129228619291165,-0.9091769911058571,1.0059511926747515,0.5742089080059448,0.6409903640987938,-1.3080566900459327,-1.014717122273672,-1.956961435372963,0.62518292698741,0.0,True,False,True
-0.35490499213807863,-0.41087323587708113,-0.13298635632016056,0.546598469235227,-0.39005598880903203,2.5523512843762335,0.41201708507745677,1.7612767652742547,-0.8909153636001375,1.1580290770693706,-0.4099856923257572,0.03335603026396602,0.0,True,False,True
-0.6014703224479163,0.30772023946210253,1.4999887794529105,-0.33935678876593983,-0.45235731687482605,-0.4104512234537287,1.0757923978102915,0.6694264263425848,-0.7928689074430703,1.6395516108324244,0.013729511042061058,0.5525493945448992,0.0,True,False,True
0.4389463798368475,-0.07542675951954375,-0.31249095112798786,0.21278161325693215,0.46335570814725285,0.5347849701431807,-0.6420433097602422,-0.4825982418641839,0.4156148545475215,0.07370171573701521,-0.04553697355557827,-0.31990821404348446,1.0,False,False,True
-0.34942936900988264,2.418980665681244,1.477954314615175,-0.09308935058968763,0.47636690434545675,-1.4373428501551082,0.5898820289900624,1.905500766888069,3.2867166706426016,0.24438746533414815,0.34808277318093017,0.3627403485499097,0.0,True,False,True
-0.5194877431236795,-0.0892455747849537,-0.9852651773390637,0.9148085741907319,-1.2609929824539887,1.0030719274201305,-0.37575132646568815,-0.7097668348362833,-1.4508928456520331,-3.084951856935184,-0.005004648702187474,0.09519381549000011,0.0,False,True,True
0.9391992645582813,-0.09163341414765948,-0.35021820707267254,0.4327406276027788,0.9404421139649667,-0.002887993723056854,-0.6986088104397186,-1.0273019512414547,0.4874638680849884,-1.717852616879957,-0.6543864514789908,-1.5468887082963798,1.0,False,True,False
-0.7468611237087084,0.14752224475090203,1.3324235042064512,0.31998107349605137,-1.3392673378569597,-0.3204986763694143,1.6763691249600958,0.9946982732218543,-0.3280900215355062,-0.22254391106688007,-0.15972842130661927,1.0717072553516818,0.0,True,False,False
-0.7530347908229267,0.13193676071296823,0.6524965462107631,-0.18106575514645457,-1.047616904873281,0.2682749520355635,0.8097931798905459,0.6307351669508429,-0.7373472771310797,-0.9718414064210948,0.7532307524918258,0.6078810706379453,0.0,False,True,False
0.04202859345805407,-0.5006371082742939,1.8515333336383075,-1.7424348974102164,-0.7010933469104248,-1.2135128676014078,1.3811274925818418,1.2929411848925656,-0.9922642845384274,1.9891864553173038,-0.3981671691543406,1.4677051587659322,0.0,False,False,False
0.6555606803610469,0.3884498462047565,0.6460244312507175,0.6335705444484231,0.9954182121431827,-0.2710496874416893,-0.7986183119552964,-1.2352136935776026,1.1014290090236643,-1.588728014521595,-0.9768686442295362,-1.0286849663845896,1.0,False,False,True
-0.8524411300055412,-0.42299148725526586,0.8047026513054506,1.513312176948734,-0.5075419185449336,0.8482550092304487,0.64437194017949,1.2916078142929683,1.0490577551607134,-0.8418024743814019,0.3661944261019803,0.2618082521782602,0.0,False,False,True
-0.6233735462434324,1.6340027899860974,-0.4435140035286928,2.1771854996522912,-0.5579550499504972,0.09229211374639087,0.011639032094316059,0.7695919625480483,-1.3594550459585544,-1.2159247664616788,-0.10432117092706945,-0.5066282387584253,0.0,False,False,True
1.1089096385070052,2.866053059682031,-0.7279818816369263,-0.18188056728299956,0.6295266871795656,0.06851050161053887,-1.188956503703121,-0.43121650153612046,0.747582637623972,-0.19883523998864183,-0.9647041678014091,-0.8992851232781965,1.0,False,False,False
-0.7099981586479597,1.9998596079989093,2.0478313749559396,-0.7958354511121853,-0.8047643410661016,-1.0763423690864087,1.6961548158094004,0.7733337238209254,-1.0313753760146944,1.9773170638782365,-0.4318594866283852,1.441264130430209,0.0,False,True,True
0.6762728198837191,0.23939062206325618,-2.0069133247768667,-1.4573409766759438,0.9947465514461937,0.2545103859641906,-1.6273169702174763,0.0037349700553455617,0.6879082951812884,-0.4627409999159705,-0.13254353668599664,-0.6335614244819178,1.0,False,False,False
1.8698708034985032,-0.2583714212849545,-0.20548996658099047,-0.1942673917630043,0.46442448634289507,-0.7997091659196346,-0.5189029914940066,-0.8189290770726951,0.286456083646586,-0.08119924910650049,0.3543828828584978,-0.5974649233132864,0.0,False,True,True
1.6790076701050227,-0.051900874737035564,-1.7732670335768748,-1.42502376378917,0.5335569742414467,1.1787560554058854,-1.0312356366215036,-0.48977174260570666,0.5699093113401138,-1.2289574584333818,0.2521698872616588,-0.7304997882760014,1.0,False,True,True
0.06294503377367125,-2.091496786284975,0.48419451215776804,-1.5187342967590263,0.5305250924319237,1.5042329124782499,-0.46198619351752673,0.2171161855737055,0.7086138378060852,1.5280969882760296,0.8636012862386881,-0.17310493403184302,1.0,True,False,True
2.658690312623607,1.1997488623384422,-0.5895302047124585,2.455633729591848,-0.5436775825237011,-1.3158665675165018,-0.03922494583640683,-1.5401446585998984,0.6305071203986146,1.0033690511211526,0.5881919633185625,-1.0645148913016014,1.0,False,True,False
1.3549752519909537,0.1650889593652639,-1.1869617026907435,0.7093372578654027,1.939193606819111,-0.23820225011364657,-1.683372424204428,-1.132484639699571,0.9582620997041335,-1.3897121406642077,-0.035097211934462344,-0.9844685192486462,1.0,True,False,False
-0.5018753949737588,-0.0634671801206901,1.542062411697706,0.010476235435347089,-0.39486068594827795,0.8550412740973511,0.9178714650124072,1.0461400132698546,0.46399694626784643,2.216922096881868,0.3742509385053838,0.49995227537705855,0.0,False,False,False
-0.36843157753963984,-0.33744054992559624,-0.7002156695213295,-0.480831898896878,0.3744030526214835,0.9067671978327096,-0.909620983050815,-0.348552899536949,0.44668595698068,-1.24776783772558,-0.23442354225706746,-0.3565175598270059,1.0,False,False,False
0.10697034757782556,-0.1346973930553221,0.5961611728771936,-2.5061874361600136,-1.1293680971084732,0.1023998611626782,-1.3702465756902908,0.6339485931513593,0.23769934089586067,0.828020149376773,0.0506152009178847,2.1820785211765563,0.0,True,False,True
-0.264535025602358,0.19957778621378255,0.4078921708100473,0.08175308604561339,-0.30864772039900357,0.18710904841726822,0.6692131330830415,0.39724820654276843,-0.5944553812617588,-0.05441088203528622,-0.17559345256980757,0.32726014371064804,0.0,True,False,False
0.32199999890564873,-0.21519220431505856,0.793019621186131,-0.28526280372536555,-1.3699692076840206,-0.8993348537201643,0.8869671987243727,0.22724370495317417,-0.8371430023783678,-1.078318681110903,0.04412321916622335,1.1292511008605288,0.0,False,True,False
0.32003216508074,1.947359053958742,0.4462562859945417,-0.13979803949224603,1.408447030694826,1.2321630585454453,-1.0911891342658788,-0.8064647988144172,1.2208815248631877,0.15881337383784,-0.9954475503194942,-0.8380374724855251,1.0,False,False,True
1.046181046989267,-0.10711916021054281,-0.7589594515752707,-0.45674651014750306,0.7434702557492128,1.1837403979191183,-0.98138918316875,0.3768106297638914,1.0761363855048562,0.3658288151034556,0.350828838220519,-0.09346643653795365,1.0,True,False,True
1.6902942951263071,-0.4477449828710154,-1.3031820760634807,-0.37098846666080476,0.18620507132759107,-0.161992885408448,-0.7475025446160398,-0.2503329787130946,0.0037076330229516745,1.5007275747605204,-0.5716654386428323,-0.2603859051212893,1.0,True,False,True
0.4782641622624178,-1.1120994752784032,-0.4445374235301467,0.17170181927363,0.5583678847731741,0.985720033426595,-0.745343531645714,-0.5662300832507665,1.2792007295610759,0.8951551294346193,0.27444095378332767,-0.4611849862802774,1.0,False,True,True
0.9554761723740933,0.10085525213370077,-0.07079301982230922,0.3206841607886081,0.5575554715961248,-1.9461426896149203,-0.14447297853465882,-1.4198938597159358,0.9913982380761293,1.142901758800602,0.6680181940838391,-0.6715650297695026,0.0,False,True,False
0.5895216469755022,-1.863990056736264,0.24704819493880253,2.2267981994755837,1.8531470262041632,-0.5600855650506795,-0.8529247515655657,-1.3478983840208303,1.203778696007361,-1.5119683447480148,0.32900351318916443,-2.0756844386850997,1.0,True,False,True
-1.0568539833506243,-1.0860315544327597,0.6582203296930907,0.31232322031284915,-1.0288542268950163,-0.020535313707075606,0.8759128872668658,0.5624093425828888,-1.1080404593119377,-0.5658490897110996,0.25898591226908046,0.7996620822222732,0.0,False,True,False
-0.48266291736330785,0.9425225013045586,1.2507576427326244,-0.7589634982870836,-1.1060725019626645,-1.847980008851993,1.5715806931856788,0.5874431279939099,-0.6569133122387512,-1.1153313563834901,0.017255698532453203,1.0026146526710888,0.0,False,True,True
-0.6087122196217193,-0.1911019045415072,-0.7138769771844766,-0.35544448523929867,0.6365751647048272,0.4240571811964975,-1.3698717021370488,-0.04318256148282376,0.6148156421122835,-0.24755334437482338,0.9150468760264467,-0.41710379251957747,1.0,False,False,False
0.9149290916714318,-0.11705826616271399,-0.9630972767365331,-1.25443978490737,0.5914745738960371,0.8508143902715362,-0.8891257815496059,0.22736165096619354,0.7991803213139862,1.630737871554934,-0.294178401245495,-0.027660942203816607,1.0,True,False,True
1.430563458827631,-0.13891335378023656,-0.30619108007218354,-0.016728748249670175,0.671529625320457,-0.6569244902141597,-0.6211994337608735,-0.7938336648201454,0.6535810161437794,0.33522855966653714,1.2686593325972593,-0.37417813068376093,1.0,True,False,False
-0.3980081513963805,-1.3980356317810851,0.3730987639122729,-0.22462275884084185,-0.7513072264203245,0.1960710720756501,0.6540924305178714,0.3666002867167824,-0.9025807443511877,-1.173079756016338,0.42514632114555545,0.8725076442338245,0.0,False,False,False
-0.2623502838968634,-0.018501784612501647,0.871014191414018,0.4999104636019779,0.35179762979476337,0.7926287162528886,0.7993462743926012,1.6627651150036695,-0.9862525834183128,3.1018624209733994,0.49312694784357713,0.4533902788658486,0.0,True,False,False
1.97263482276058,-1.876403138101873,-1.5160995116195115,0.9528371027376505,1.0743258433960323,-0.5044276180920925,-1.4895285127076685,-1.458064407086729,-0.07109342866843418,-2.319969507023546,0.4298849827918971,-1.8831530805236698,1.0,False,True,False
-0.44634816187275256,-0.019172441657318292,0.37323462379489,0.07865271905028297,-0.37986647038230587,-0.057535237483213736,0.3559921108498979,0.462907472487462,-0.48627810464944277,-0.018621579114598337,-0.10428728641078051,0.3324096967179963,0.0,False,True,False
-0.1435633663778752,0.4852861076689225,-0.002871927193864175,0.38263204747324797,-0.5401278143518474,-0.1197595021795595,-0.168525797809257,-0.7795139147068291,-0.3015903104049103,-0.3546211443339261,-0.5345898336818048,-0.20025911363780952,0.0,True,False,True
-1.3282313846391336,2.1718515583514937,0.16056716478801242,1.1310695370749972,-0.9795540929974644,-0.18903426817979735,0.8884657462790427,0.520684803812255,-0.7258004375989429,-1.6585652254006018,-0.0463552538323153,0.2638935011367458,0.0,True,False,False
1.4152388374444864,0.8631313859007161,-0.2712130823828107,1.8117677057876833,0.6822072270981484,-1.5086671498037654,-0.3577850282002826,-1.0883349907980835,0.33208625838606864,0.19945416854556988,0.26923322294576096,-1.2169452893144213,1.0,False,False,True
0.8517743601124736,-0.6121014128235159,-0.9955315319377617,1.4826161333050212,0.6908313694848935,-1.3801753680096533,-0.5916677503203506,-1.8141038922471253,0.5667413651324122,-0.3905970148919825,-0.13949057365727685,-1.234908342144007,0.0,False,True,True
0.8273240405513747,-0.16790187839612872,-0.2753338510604378,1.9728714759241845,1.4680919802615373,-1.1201117020451554,-0.7479049858573529,-1.4970130820027432,0.2390048646085346,-0.09477794367263652,-0.30237801677861803,-1.8793737968744422,1.0,True,False,True
-0.5552257958659212,-1.881969187968078,1.4042359908426307,-0.7675464334014088,-0.6891243015381819,-0.13269482137633506,1.2726699337145577,1.580803084904303,-0.6274420498488384,1.7848074277595616,-0.3958496091990725,1.3272609077107618,0.0,True,False,True
-0.5574365866198984,0.15651053417796384,0.15106917557282387,0.4282073816356184,0.2724119231303351,-0.7022794791501549,0.1266991398003179,0.6654474115184157,-0.734853881449763,0.13750952206896505,0.13202200055237806,-0.30658684487225313,0.0,False,True,False
2.478943384130287,-0.986337225674495,-0.8906971229302403,0.6588751740760149,0.21212369503132883,-1.028426533611675,-0.4828864931870605,-0.980748700281859,0.45332784549175514,-0.052393463745808756,0.3665739147259236,-0.7492014242196073,1.0,True,False,False
-0.44709314254876403,-0.4981404402707803,0.7158939488035744,-0.014497458607369515,-0.6005712129980082,0.08334662847034872,0.9757185426103235,1.0385347907194658,-0.8843735503071735,-0.30967129962275547,-0.17965630057397938,0.47335750719031017,0.0,True,False,True
0.9160637282309209,-0.01554921398758815,-0.5021804461431659,-0.6154004333729364,-0.23249052799493636,0.5264538147949647,-0.6817564578156698,-0.13114259903855244,-0.19398340230418357,-0.4472239768270428,-0.10088857158695536,-0.02361383899741366,1.0,True,False,True
1.7279961309149519,-2.1985513815531936,-0.225133364972497,0.7682772201424702,1.035422182582343,-0.9459364265355288,-0.838742584459306,-1.3808171345521274,1.4437516707513325,0.6071376180267872,0.29248237786024817,-1.3435695226217133,1.0,False,False,True
2.3771829503688537,-2.9519263907791466,-0.28712356221479024,0.5540106850195097,0.8514851499301302,-1.203357465727497,-0.6682836159937922,-1.0855594224605247,0.494395016266495,-0.9361285404717018,-0.9566224693344074,-1.7414774778905173,1.0,False,True,False
-2.9411338741583255,-0.31627541197053266,0.45030428057851324,1.6121764584934208,-0.999818946581533,0.40266523504860985,0.8087844133831277,0.8209002615227046,0.05999139576453626,-1.2073042151681397,-0.25407816959310864,0.5249221486962506,0.0,True,False,True
-0.9926034489281234,-0.02711561513037767,0.48033601030144873,-0.08525058673612608,-0.4053747614379193,-1.7728385732294931,0.898200816069501,0.5887492899904664,-0.8350690841075016,-0.9286113419304677,-0.21639049031495133,0.14070667031215733,0.0,True,False,False
1.0230920985882046,0.4211847664071799,-0.21462270738880992,0.5390089989725005,0.9970969286394216,-0.02521221053828687,-0.8021210423609131,-1.7230576399509954,0.7924641997618859,-0.16837781024832035,0.3283229707312729,-1.7432953405055311,1.0,False,True,False
1.6064377216853967,0.5600824421506595,-1.0424748334720162,-0.6951249282475352,0.5513123121109965,-0.017228849893305507,-1.182738041513033,-0.39667913794427134,0.8333418667790348,-0.2385872893127181,1.6735546500362812,-1.0174012379491588,1.0,False,True,True
0.5142682348189693,1.1993560832994228,-0.3832612678612763,2.104885916262457,1.6144284013575085,-0.7338425160783697,-0.9707520479600364,-2.1193634670836903,1.1406730926234188,-2.011913953683042,2.2488292718618985,-1.2258150957992735,1.0,True,False,True
0.4713631864410102,-1.833611729773558,-0.7457873885145161,0.06836380343722348,1.3340356655219954,1.5029516164358587,-1.1609392931439066,-0.2888317502864228,1.0349800506177111,1.5409547999529607,1.075527449711404,-0.7011889611931059,1.0,True,False,True
-0.2803166587117383,-0.2932031070609093,0.40123744508598874,0.09108942962079007,-0.7304393020674658,0.17363388285882728,0.36886084678909603,0.44936393597886254,-0.4062709042719662,-2.2269027204778697,-0.405492812101077,0.49898769951480504,0.0,False,False,False
1.1258114054908346,-0.1574124854791093,0.5175417109194516,1.2367524334946411,1.575401899316341,-1.1178451517085055,-0.6354613451197733,-1.9736090941976945,0.5080958258209086,-0.5720238587844053,-2.0828134916121273,-1.4199682218074745,1.0,True,False,True
1.5515221588375703,1.3119120389331642,-0.7416387847171023,-0.027407875463534955,1.5453085679891176,-0.9421170290030162,-0.8305683653580536,-0.9450704489813292,0.7219929537405114,-0.2154157713385081,0.6269440859420381,-1.681722809348123,1.0,False,True,True
0.8206870737294415,-0.6554548514598416,-0.6397249116768414,0.06305611309502117,0.011419282769906702,-0.7778669172343288,-0.20120295347413367,-0.710144538516108,0.32047067814433006,0.05443927177834455,0.10241674243608531,-0.26312420355045335,1.0,True,False,False
1.6101567756105122,-0.15467750896003468,-0.9549800204796038,0.5733396478987448,1.599560638632253,0.10375680950497237,-1.4314122724896823,-0.9585130234229386,0.6502876631753162,-0.4961158562582055,-1.032211528656027,-1.643212815260874,1.0,False,True,True
-0.10669026251730265,0.23522101721629052,0.42533381444661944,0.36568808722046436,-0.6588549258193286,-0.09363556824680294,0.4988256274524008,0.33327467909290176,-2.1506996545492836,0.04185674362947192,-0.05734078462444296,0.6012947759906646,0.0,True,False,False
-0.7039515837381007,0.49492914640326247,1.206648801438037,-0.8460355245049052,-0.9780256311635568,0.5392379818711361,1.17973717616608,1.6357962584691388,-0.12166203855006077,0.878182233356352,0.37558794025565545,1.220578291312429,0.0,False,False,True
0.35814908569533493,-0.2982360105788634,-1.9331359056988555,0.15678925319019474,0.6181504993840928,0.06670341965773323,-0.9701875846144417,0.192828191458998,0.39085592661054475,-0.779427208164704,-1.4625035448185173,-0.22080217995848397,1.0,False,False,True
-0.48835154056300534,-0.11166795325881494,2.002771360398304,-1.1960776525611685,-0.22684291434443649,-0.23360410466003273,1.8005103314530662,0.9391268651321478,-2.1874266576679378,1.9084129893285005,1.0518143160107782,1.4900881419907825,0.0,True,False,False
-0.7799731185292694,-0.5370478004203486,2.1159821853297127,-0.23178377275146714,-0.7305557426711549,-0.31390564792829084,1.9362911547917576,0.8521241140820419,-0.14230131941483698,0.8378105369098862,0.41953938472879587,1.1565736899384156,0.0,False,True,False
1.3538388420853964,-0.9940226472007984,0.2503216038161634,0.0920705639943433,0.26551786372126035,-0.07754551865725672,0.1371963892332015,-0.6646263388060227,0.2691515363419461,-0.1910358047469846,-2.051911901920824,-1.7048768992346532,1.0,False,False,True
0.3001542332321596,-0.6933671606432842,-0.8099428780676077,-0.4852276615347403,0.9864505903928659,-0.07333834531549054,-0.9039421791153868,-0.39804664703439824,0.2615607630153077,0.08890338961445339,-0.003174673372145388,-0.637010009518744,1.0,False,False,False
1.1363072069338884,-3.420099098189317,-0.3486896413882696,-1.120292448934294,0.1379418862788349,-0.04624060630980946,-0.2412554629362062,0.2552439710424752,0.1298419519552708,0.4172972290517106,0.6310894118556559,-0.5408831462717455,0.0,True,False,False
1.0747986316999973,-0.22117358336263246,-0.493521811625412,-0.8620064462289809,0.35330805588816855,0.20689932564596292,-0.6329892947928651,-0.4883302340906206,0.9567896598423042,1.4063288596338703,-0.8910815526792624,0.07773858223557648,1.0,False,False,False
-0.4839628687337106,0.29545448640827754,1.3652409025517878,-3.04439539243114,-1.717500788530288,-0.7504790422203983,1.4928875663005834,0.6061173001885202,-1.323038977683651,-0.7870845111484017,1.6318482408203718,2.4326310671949707,0.0,True,False,False
0.5731468112925178,-1.079371030948011,-0.4571981970294661,1.9069726092103416,0.8374591238099521,-0.29416953528665657,-1.2254808290576202,-1.8691777509408003,0.6826589728993049,-0.3724522929231023,-1.6568179959059413,-0.9724607596988277,1.0,False,False,False
1.139963205588128,1.3112118092092728,-0.11957252770956717,1.1709364573397123,1.1385878969238579,0.010619644669991834,-0.8395566087222341,-1.8243549245312811,0.4711798227569459,-1.303740472674037,0.1752657436305286,-0.9556896698604976,1.0,False,False,True
2.977784197270919,-0.07679742275871776,-0.4408693591232098,1.4146899667919084,1.303409496240191,-0.6082943078869475,-1.0957213531600685,-1.1172369383930734,0.8674862926735012,-1.2254332157032723,-0.6390860695453734,-2.2064716914082676,1.0,False,True,False
-0.1869737707643723,-0.054095190519669975,0.7159274953868688,-0.9793343135346826,-0.6017414485832407,0.0890573239181362,0.629871994735213,1.5641464213268825,-0.7829152960569904,0.3649856145623714,0.06167839304924463,0.50257192890858,0.0,True,False,True
-2.002578832959667,0.9792611352616097,0.47976558495216576,0.19518953479978113,-1.0637784265809913,0.6358121371217207,1.2159717440744175,0.671122932887152,-0.7460207257273421,-1.8398541752030484,0.00429113699438304,1.0270298134699805,0.0,True,False,True
-0.295637003648016,-0.12389886405837063,0.4805228611053476,0.11330006008086828,-0.47748363039662217,0.4045175208748502,0.382127663588403,0.5192923064465578,-0.5339473764487792,-0.5166380934674226,0.07937676747281931,0.3580770124928347,0.0,False,False,False
-0.08195868545266649,-1.2816849348220902,-0.8111293441911991,-1.0950976098399692,1.4342793617041334,2.3198756369038285,-1.6395335277851584,-0.12760529293364367,0.8900602852922684,-0.3507875457658829,-0.28552364425353266,-0.5600258494594663,0.0,False,False,False
-1.8327086940916546,-1.3820855814307944,0.6085472318597663,0.6030140152988991,-1.1488247283217183,1.6924164228496992,0.7530335651381811,0.7732783170231271,0.31108919214660813,-0.5571225875037894,-0.5301617122203912,0.7347626704435156,0.0,False,False,True
0.05447501849449612,1.1198528591197154,0.47434731255746426,0.2454917787052764,-0.4268957952345867,-0.04165659539183052,0.498471146116103,0.6459773166137673,-1.2173888725101927,-0.11998810235261492,0.006798769050246924,0.29185049032865934,0.0,True,False,False
-0.6921445781117198,-0.03549056992108993,0.6630391425983337,-1.6992861052613424,-0.8773325995722183,-0.10524782309894437,1.0422535197551903,0.5815563008393932,-0.5447653237577789,-1.0178657779395675,2.850987776790347,0.3355245395258787,0.0,False,True,False
0.2569174889224563,1.169911740543324,-0.692930179871137,-0.5410826568446051,0.772900681073759,0.018688831929660657,-1.0390293045025056,-0.9802522183500525,0.3976388314949399,-0.911974657293,-0.25383567082665787,-0.5455122953224549,1.0,True,False,True
0.3772480859622854,0.4047686976825898,-0.5458518831768363,-0.7488243856640893,1.2517786265461737,0.629425641198946,-0.7823761624116674,-0.3870407937015996,1.1895314439871876,1.7339723455177818,-0.19990989954057103,-0.39865323393209445,1.0,True,False,False
-0.264535025602358,0.19957778621378255,0.4078921708100473,0.08175308604561339,-0.30864772039900357,0.18710904841726822,0.6692131330830415,0.39724820654276843,-0.5944553812617588,-0.05441088203528622,-0.17559345256980757,0.32726014371064804,0.0,True,False,False
-0.35063375077329295,-0.16519255183750886,0.35293739668247276,0.07676339583719116,-0.5635631891090023,0.3537925203054041,0.3598410873766803,0.6235686990746925,-0.5503384607819124,-0.10152038679140572,-0.11873541184945074,0.31947558861934183,0.0,True,False,True
0.2560708932070405,0.792834323590419,-1.2530036665545377,0.11716519753917827,0.8486162824011885,-0.25869572705891986,-1.0331942848157352,-1.2433819853480053,-0.06647613584938794,-1.7182583698769662,1.396986219871413,-1.0989314985814342,1.0,False,True,True
-0.21057257326387183,0.31095570129000094,0.19059619519529206,-0.18901515661107907,-0.17061242136897437,0.281983927468403,0.05006891566780455,0.4125939800353919,-0.04794096370532286,0.11035484437411965,-0.011626862583464072,0.35339816327269696,0.0,False,False,True
-1.8746404272533,0.047465038115173795,1.0160321219564203,0.6666048762997616,-0.6616104485252001,0.8600255113944478,0.7824651107730216,0.6607338758838567,-0.4406171174439576,0.028939565546407673,0.13359967859036442,0.9620407093057046,0.0,True,False,True
0.31319450508185753,-0.11395166637578959,-0.7791932032667274,-0.35895493340019924,0.38189727738262214,0.18365571777481066,-0.7721363192343886,-0.43599421108256786,0.4205601182135112,0.08183280915190383,0.31660023809201704,-0.3430760225037282,1.0,False,True,True
0.72817453577991,1.3650015569303224,-1.5450630047630107,-0.9824009099811504,1.2950099715835646,-0.3889257026106819,-0.9764803528810377,-0.4516896575350097,0.8758955580715803,1.8269098913733752,-0.5784366592544876,-0.5456801073542792,1.0,True,False,True
-0.6167919551347767,0.2204175670662757,0.39231601536471766,0.32764089464709295,-0.16781716969275726,-0.8051541257478751,0.8318285644457873,0.8250184539515811,-1.8315790161002716,0.10387276769276518,0.5386022018149119,0.5870415674102106,0.0,False,True,True
0.768342070382081,-0.886342097621179,-1.2857945512089173,0.5994003614780491,1.8724124656818244,-1.3059786010063406,-0.928820928278236,-1.4336165722625682,1.9798431760134263,1.6917591919940538,0.055080446267721274,-1.4725724565375455,1.0,False,True,False
0.3617721110537908,-1.05818183794119,-1.2075474295579924,-0.3244546867260117,-0.0031951700317496344,-0.5521984865859648,-0.5977742981870298,-0.49262722623404887,0.5665183212383265,0.37673862821594084,1.2178581358843295,-0.11475767532793339,1.0,False,True,True
-0.7815501938958812,0.11641734471521287,-0.38262228196392933,1.68607181531044,-1.7265285900328733,-0.6871138180944601,0.922054650185518,0.2217494796363477,-1.3167048507533456,-3.94895662042556,1.0897264236906723,-0.1578733414084546,0.0,True,False,True
1.17032752547995,-0.4160171169506466,-0.03175618282742808,-0.3173907309044001,0.3781053127360668,-0.48513409451907863,-0.08709642268953699,-0.7299317889174465,-0.7067146488148889,1.1822036463954393,1.5125836576548002,-0.329025993535949,1.0,False,True,True
-0.11722566728581103,-0.5534667654666463,-0.4326252687307477,-0.33477362270584426,0.4872190614141913,2.6617738428458124,-0.69530578670185,-0.5042474558575081,0.414316292155833,0.17535244343165365,-0.16050870653618038,-0.19138030846126658,1.0,True,False,True
-0.38016582037947977,-0.9386849917375053,1.5889738740149417,-0.7711505795229335,-0.2955467111233306,0.36435673405224245,1.3305396304320065,1.8262132219397746,0.7489252876219257,1.27408389972387,1.0303496193422061,0.7731360238124363,0.0,False,False,False
-1.0180392087080345,-0.1189868507298548,0.5271576831115738,-1.2976480197574007,-1.4535786506013895,-0.38856879752393697,0.7975352331818907,0.02828950864075066,-1.8346912939049038,-0.4868247569576539,0.988641114754908,0.8305832727317196,0.0,False,False,True
0.47773333320370576,0.7300191320049525,-1.3081367073906176,1.2357867493818255,0.49651243249855825,-0.23423469564316685,-0.6584710590061631,-1.0000918442465059,0.27804250818506243,0.6956783839575551,-1.2901303141890113,-0.7627131624497324,1.0,True,False,False
0.6678893706840253,0.12342552857534562,-0.6040552914268309,-1.6451406735086307,-0.312033747135397,0.16491098641996976,-0.38563980236088996,0.12495816226635661,1.0192226431842075,1.0414135949533985,1.5155256629179081,0.7598590895738924,1.0,False,True,True
1.649457748280362,0.442468891705418,-1.584021531023093,0.7152960711012056,0.8521375718694028,-0.38596045699560944,-1.122577401861467,-0.7796462816052258,0.016367632688206513,-1.461781770099847,0.009306726472161027,-1.3335142554377637,1.0,False,True,False
0.7520802690555978,0.7005885756025605,-0.5251138819572373,-0.9058014242265078,0.5681319218271954,1.1681974244667677,-0.8221067257480537,-0.17251649512856856,0.825120872395823,1.2267907880718016,2.6977445589371767,-0.3720145630654343,1.0,True,False,True
0.38566265762490315,-0.8976136635994163,-0.16645356813532108,0.2073290205107591,0.6670648511336406,-0.39925262446393117,-0.5938753554412373,-0.9815966851482301,1.1499619494550686,0.015104788181101588,0.02260788485910789,-0.8546921691175716,1.0,True,False,True
0.41662039052708016,-0.002693542545905326,-0.19123866424594632,-0.007925910706844405,0.9091814895844593,1.073736665050441,-0.6320715713168652,-0.05521657991252406,1.4468712773279782,2.9153157555079274,-0.6650368300459419,-0.4344882167563781,1.0,False,False,False
0.597879465578231,0.6865371702906794,0.9724487916156808,0.24507937994472023,-0.23203492656341884,-0.002743840882292444,0.8943664814834172,1.0570971332451535,-1.6841750422784616,0.7102774120806232,-0.5082791614750858,0.6340992775451275,0.0,True,False,False
2.346268144420694,-0.7742280086445191,-0.5970202953324216,0.9729239049146695,0.6678043121271545,-0.7437387131424603,-0.49471870510912996,-1.6299845301863343,1.6568635962112848,-0.3290024929975427,-2.999697042071709,-1.4150551522467825,1.0,True,False,True
-2.004437505640537,-1.3580693951361387,0.847833902350453,0.2786798622554271,-0.9646348810175129,0.01310574690303225,1.6108265818338683,0.9083380962635579,-0.1718160856605727,-0.0939083741191201,0.3031499778861261,0.793399282521168,0.0,False,True,True
1.4717860414700623,-0.03290237989825403,-1.9144320975472273,0.29558541030166907,1.2389700623222375,-0.6307519124447205,-1.1131549553655045,-0.8230976829236092,1.7063794824678669,1.8622071606854014,0.7173576442191616,-1.2712429572721895,1.0,True,False,True
-0.4257301944777897,-2.260499104976202,0.6941705471236438,-0.2834861680513327,-1.1124915161429934,-0.9449746101063328,0.821740455721191,0.24227055688585616,-1.0307096862625031,-0.26447355241584425,0.05238183302424901,1.2813383145633241,0.0,False,False,False
-0.38756492711447804,-1.5321028928925229,0.840136691445897,-0.7429694750131696,-0.9930318629442813,-1.9744137614761967,1.5070136944294048,0.5160732400700286,-1.3357078661907078,-0.5015013701598041,-0.5443267879077174,0.9549216754519969,0.0,False,False,True
0.3273772358786616,-0.8170263560382082,-0.09035843041999614,0.04990871958179877,0.8276338390650848,0.17355117183517638,-0.8023979044786426,-0.6919965095076271,0.4427585277424089,0.30777127898432577,0.049019460719792886,-0.6746537013911963,1.0,False,False,False
1.5280693303006125,0.4641196217790472,-0.4747638739320225,-1.2280025143491151,0.8118915223880608,-0.14296833635110875,-0.8886060063898764,-0.08999659230687962,0.6744324774478967,0.725170867223852,0.026396390416481327,-0.614158502448933,0.0,False,True,True
-1.2285791424318182,0.2829237257482373,1.4158387988999273,-1.893227227032183,-2.3150043928335564,-0.30878385560704436,1.6186096405448518,0.50964293186266,0.37602284848911643,-1.1401414179723042,1.0533611763233832,2.1974533512511703,0.0,True,False,True
0.2458424829342433,2.427412979560365,-0.4725998402051266,-1.6135175924070073,0.8419237741607564,2.6855347834783894,-1.456888186823509,0.6161477233971782,1.4869250869247361,2.0389359598375063,0.4788489866167965,0.04846751493412354,1.0,False,False,False
-1.3206939663766422,0.3383668726473592,1.3624069132581742,0.6046636286096019,-0.6107395426946644,-0.8051600530394607,0.7138876785400975,0.7391996254208885,-0.7797969112775892,0.25417731582035186,0.0973306375191563,0.6739850535161908,0.0,False,True,False
-1.079594421480551,-0.18847038822410167,0.331019447516072,0.42919387179859353,-0.3430984476944377,1.2596465690367504,0.41110972895399156,0.7335717643898567,-0.07328857525821568,-0.08770793486237495,0.4025819389911682,0.4557359950804811,0.0,True,False,True
-0.23654708008482353,-0.8809664657466677,0.3654665045737056,-0.14052090236443798,-0.7606595689979918,0.2328553137185572,0.13872243752283112,0.3809818538687189,-0.362305269855753,-1.000554059247155,-1.0135081191840445,0.2701847334176956,0.0,True,False,True
0.49553860388208604,0.863281975033375,-0.20647821998739724,1.9546232558578684,1.1901779192763466,-2.724934132494627,-0.4282782718780697,-2.7756947259447227,0.3382326041142385,-0.22783112796760782,-0.278613389466203,-1.622074581106562,1.0,True,False,True
1.240296676054802,0.6287566083839792,0.025165034490712484,-0.20839062908216938,1.8146772309187709,0.1560555473553755,-0.9570280033123505,-0.7820008831650579,2.139868735479812,1.2222443417095417,0.09249142656001899,-1.1443178266348268,1.0,False,False,False
0.619337709191182,0.49966010039073816,0.29240652748758356,0.003601954841358203,1.7168507993214372,1.525276444340089,-1.2952414513046586,-0.8224432415703545,1.67398078730571,-1.5134528807577459,0.3662808995938306,-0.9238953561463862,1.0,True,False,True
-1.2381184284113131,0.4063259604534192,1.109327532054644,-0.060385441748749394,-0.8759208133650908,0.986974639130601,1.009375738004019,0.9972734964144909,-0.26420107218991123,0.2720787367673573,0.018144999171350554,1.025477802823644,0.0,False,False,True
0.5200370191079065,-1.3825880915171749,-1.840399833445698,-2.3408975750432512,0.41233940483674375,0.9539095339384405,-1.1171283844012707,0.02747800742802329,0.9615971612583754,0.5415822549772317,0.486127407659874,-0.28804947680688,1.0,False,True,False
0.5565533630372783,-1.2607998077023077,0.8133160583710501,0.13155917409412254,0.9003096196822532,0.5422103128001134,-0.4659022914018195,-0.9858591790088851,1.7701551717850421,-0.3101405029022593,-0.12161095123405881,-0.6522373601441096,1.0,False,True,True
-2.905199181046897,0.10977495475740244,0.40000962255638556,0.39150401202749946,-0.7699695429988065,1.2507903160973843,0.5233145501616855,0.6427220171994785,1.7168679292974405,-0.5351069039600802,-1.4390416961373322,0.6175983413406544,0.0,False,False,False
0.6550368632009049,-2.1217210950239465,-0.07484333817804911,-0.14519875551277905,1.0511450348812703,0.08031451497049256,-0.8766116908735159,-0.7569011896845722,0.936343791146939,0.6862653982011829,1.3097047751973383,-0.5355853073168502,1.0,False,True,True
0.5902114915743482,-1.1611875078312959,0.6159534215720753,0.5842680801987156,1.7735461457817925,-1.0708483648467602,-0.6223948361060643,-2.3218427653329003,1.8171162590283243,-0.8401541921245621,1.8405377061752457,-1.5721254729321767,1.0,False,True,True
0.9160815464677698,-2.8442603750992332,-2.1972662037007518,0.1857061927135627,1.1124828518191114,-1.410293972418227,-1.2824358923724666,-1.5149144322545434,0.5042246760438048,-0.33581711697759437,-1.5754412894352914,-1.093876802273552,1.0,True,False,False
-0.6713410827292884,-1.6405532751497212,0.8925451658228821,-0.698195088103145,0.02673312393018519,0.18173592912469694,1.1393963563942267,1.4241317989750135,-0.17818100351184826,2.2552944605772853,0.23010964294483727,1.0184521085527267,0.0,True,False,True
-0.4560728127711418,-0.05936410012531826,0.636459010003575,-0.2519627660907039,-0.52068073404161,0.16188417672031494,0.44288318896147616,1.2316496337993532,-0.4126629728832295,0.011207064419445283,-0.0413474844053031,0.4192916215274748,0.0,True,False,True
0.07597105757950533,1.2438441297999796,1.3658602086587641,-0.3307085134423382,-0.3223380904730857,-1.021134827874231,1.1890510186921364,1.3992693622336017,-0.7295410435591583,-0.09526158545436003,-0.38054093073925915,1.0419298476773455,0.0,False,True,True
0.353033785112622,-0.09620806855071382,-0.5531619640133052,0.08984396192943121,0.3210791809299157,0.18586884741241824,-0.4330631896195464,-0.5234045707731957,0.5520783212955868,0.13331629636353,0.14679188589156442,-0.25061733933741165,1.0,True,False,False
-1.4063967422645782,-0.13209551152604107,1.0875981197548763,-0.15128966865166513,-0.6917117831967144,0.1348036274670179,0.9681937184609429,1.1599540598361657,-1.2200889023311503,1.3532689643183777,0.20582988338567573,1.2345179099704335,0.0,True,False,True
0.9352759579871183,0.7371701786574631,0.3407709775248454,-0.3262876117032936,-0.09631036600067724,-1.7421746737283401,0.693941958862958,1.0153518488020545,-1.8210779184065324,-0.5159627645769295,-0.6408184052274453,-0.009813838623289044,0.0,False,True,True
0.9922683618834713,-0.7303008743491768,-0.9137039559461662,-0.9666168660412799,0.13534550205597343,-0.0316194915288242,-0.4889699000650652,-0.04852766073347884,0.3150991880833327,1.8523659393833678,0.32722647638438374,0.2185849503009155,1.0,True,False,True
0.1535510275664251,1.816748863719341,-1.4738725830461588,0.008999986278431094,0.5605114766351837,0.46723553840717513,-1.0552345547435276,-0.43845250594877017,0.3215548134869349,-1.326672239930196,-0.7284595984479326,-0.49542966840963476,1.0,False,False,True
-0.03405999507584168,0.04465453688833649,0.15053584240016163,0.3331705192911181,-0.5883899436207563,-0.12912434343148005,0.47768958067596407,0.46008910552175813,-1.415386126059835,-0.8674277972665472,0.07871249551397547,0.22374893602887397,0.0,True,False,True
-0.31247556320004416,-1.496228565520462,0.8938198606965196,-1.3201329182839356,-1.1670849299175232,-1.7364127035468686,1.3527611231322634,0.7721626290415405,-1.1735945685240194,-0.8612218894419076,-0.781963448613494,1.2199310835617492,0.0,False,False,False
1.5564129359497194,1.9383025052565643,-0.34716738211769776,0.21370058831271516,-0.18811293177458693,-0.8138212163964674,-0.5760485204897754,-0.5795903126556475,0.8350061157009733,0.42105801923268177,-0.6719597848857035,-0.13547580292050862,1.0,True,False,True
-0.21057257326387183,0.31095570129000094,0.19059619519529206,-0.18901515661107907,-0.17061242136897437,0.281983927468403,0.05006891566780455,0.4125939800353919,-0.04794096370532286,0.11035484437411965,-0.011626862583464072,0.35339816327269696,0.0,False,False,True
-0.44634816187275256,-0.019172441657318292,0.37323462379489,0.07865271905028297,-0.37986647038230587,-0.057535237483213736,0.3559921108498979,0.462907472487462,-0.48627810464944277,-0.018621579114598337,-0.10428728641078051,0.3324096967179963,0.0,False,True,False
-0.7271357840632503,-0.22216934981510086,0.786958803403125,0.06943124806814722,-1.3074046364362568,-0.3655409175919675,0.5636146693934002,0.5578368977744087,-1.2883257985549315,-0.3241725445004759,-0.5692241933469836,1.1065124835725078,0.0,False,True,False
-0.8516216606240206,-0.32774036589434075,0.24662545218762208,0.8273109240824474,-1.122585814891938,0.5840604357470047,0.5670841288663182,1.03416730545413,-1.4780411404962592,-1.2238932066016224,0.92518869539385,0.32081882262943,0.0,True,False,True
0.8657020331837789,1.264876612267185,-1.0647292102354309,0.1602839684893969,1.8477662675862543,-0.5559954929911982,-0.9319057439375774,-1.1038511392672996,1.9397827584064253,0.11505655984471111,1.5330732590212959,-0.8349338342626839,0.0,True,False,True
0.6256469382950379,-1.0937713736300831,-1.691276075628441,-1.112176378496839,0.7279878192407773,0.14926788212860273,-1.2532674354451567,-0.11503595923272034,0.6562878696260854,1.2959582586701395,0.8645569539318784,-0.3426542730578019,1.0,False,False,True
0.70037443104628,-1.6187884817932865,-0.5246632547480524,0.915861756817627,2.3057179736861424,-1.0299357467393218,-0.8357842824137895,-1.9816056035804948,0.872704674275266,-2.2873993839454867,1.0540349694472502,-2.2518753678384273,1.0,True,False,True
0.5097173388843012,0.6355807326171308,-0.740877173318666,-1.7028568542371538,0.40314622399788735,0.043166485687418765,-0.781357481011324,-0.2676635932971207,0.584828070749635,0.28641599946817076,2.936916624343251,0.42967939634704605,1.0,True,False,True
0.05705094372454417,-0.20378094943966563,0.31240739954562147,-0.08326754541070094,0.5912327883397054,0.08824158505973863,-0.7923756237575487,-0.261560172150653,1.3590292249242075,0.7041929754532928,-0.7264217169712253,-0.19853192103086756,1.0,False,False,True
-0.39595414714858884,2.6189754267705943,0.9812698241117387,0.3241427649348527,-0.6488377034151748,-0.7459337160737285,1.1013509218486444,0.6711254020643831,-0.3150475670677586,-0.07128327596049852,-0.34457763933318375,0.27551782129852515,0.0,True,False,True
-1.2965808493431739,-1.3167525025898958,1.5769750237091016,-1.6903392127163943,-1.3396749000567134,-0.367593795482318,1.457611816627874,0.8590550743900954,-0.9555206790691884,1.446809712762948,0.8646707660038677,2.2601936803098006,0.0,True,False,True
-1.5965353650004874,0.35304692117211256,-2.4960814255895167,-1.8124290556829596,1.4373476776297505,0.6632926874379067,-2.1309612995622857,-0.02034179633491388,0.9926909789488273,-1.6653806577684265,-0.5128194203204175,-0.5116058300849373,1.0,False,True,False
-0.1709165854004511,-0.025468048515221907,0.3507495633464679,-0.6991076795053618,-0.5531126866387357,0.6145501735704766,-0.3183341747068667,-0.34742119875351346,0.8256142995700669,-1.5331937165838596,-0.9037312532323812,0.19184932949657438,0.0,False,False,False
0.27222864211217784,1.4904532628966518,-0.23986775549929834,2.36892864315645,0.5268818757018474,-0.4766237970794868,-0.036934811142309516,-2.3187754359033774,0.04703475252435821,-0.9615525239163204,0.3789214527140978,-1.2105472632440522,1.0,False,True,True
-0.2837889032217111,0.27076762809133925,0.07970108680522674,-3.015482369470026,-2.360597178141277,-0.4742186611930165,1.0148522987686097,-0.10504561465318311,-0.8893761419126696,-2.2419408581987956,-2.120336693722858,2.30029691060824,0.0,True,False,False
-0.7481696295919331,-0.25610776231305593,1.0576374664989023,-1.5660671049710004,-1.5062738646631726,-1.7741668943043007,1.4210671315378036,0.9251135431956246,-0.4583624745636415,-2.1105872090012943,0.24336365469433227,1.0155181762545058,0.0,False,False,False
-1.9070857955913127,0.3692448403359073,-0.28242534092989663,2.1857176395651874,1.9625359125984774,0.12118366473092054,-1.167209847525404,-0.9128741449497526,1.514121467246209,0.14477163158732892,0.030389958020317184,-1.1683784626010163,1.0,False,True,False
-1.3917411139175446,-0.4697700953139314,-1.8838261380698136,-1.3645164485069126,0.6458282539827404,1.8795487029193836,-1.2224897482728423,0.08783311771503187,0.01472395841809898,0.4462910457295383,-0.5535074981069015,0.4124952406253033,1.0,True,False,True
0.05830327427583945,-0.2740396465812663,0.6802637129395931,0.38176773537421,-1.4504731309656778,-0.3968573075291088,2.3736138675785123,0.527533351665117,-3.673390193076731,-2.2487778855989276,-0.2707046071400378,2.294236046924573,0.0,True,False,True
0.3124024194594302,-1.9780176060335894,-0.7661927294787433,-0.2813525635247096,0.9439161521691136,0.26633794737429745,-0.9451838129957432,-0.5436180505250879,0.734946043191948,-0.2988238195607702,-0.7364463606055409,-0.9284392017393663,1.0,False,False,True
-0.633028898060861,-1.086330082818607,0.7859195515428792,-1.7357468788939066,-1.3488111456979743,-0.2159757260959838,0.8303105051723227,0.34845986307531257,-0.534470077841258,-0.3439245845760793,-0.11702554300953531,1.680025820206093,0.0,True,False,True
0.8717420278551908,1.2581066736523108,-0.36023079553532406,0.9081780003684767,1.2890270449758263,-1.1953685442067286,-0.5857323206991009,-1.8168168317827411,0.8536833974906619,-0.42068533022715315,0.842750138118835,-1.2201488450431754,1.0,False,True,False
1.6539371978273874,0.014681508184914182,-0.22867773246534936,0.3359820795819426,0.7933023456842502,-0.37696356639402256,-0.4720282118940706,-0.7847928987273335,1.3504544577026445,2.236702012027892,-0.7389298250886682,-0.6574034483356167,1.0,False,True,False
0.2894437681411352,-1.1721645167555288,1.0604822589367815,-0.9174713338526886,0.029512070392922828,-1.0801651552589027,0.6780844339465706,0.5805184672515296,-1.904410625637817,1.2359364766244008,-1.3412039151985686,0.8473283872232996,0.0,False,False,True
1.312578971979564,-0.6659399620570063,2.0591929189770206,3.11684873684671,3.226232949297982,-1.5517166313740431,-0.474312771696899,-1.52742694140203,2.3603190013743784,0.8377941995757467,0.23897380751577618,-2.7065651342989243,1.0,False,False,True
0.31319450508185753,-0.11395166637578959,-0.7791932032667274,-0.35895493340019924,0.38189727738262214,0.18365571777481066,-0.7721363192343886,-0.43599421108256786,0.4205601182135112,0.08183280915190383,0.31660023809201704,-0.3430760225037282,1.0,False,True,True
-0.2958958957088026,0.09412817384444518,0.7611555270125941,-0.37036239959579487,-0.6900394109899677,-0.16285062839883604,0.977856093359095,1.414397486786143,0.2876090429928164,-0.1750259914275834,0.8815340813452556,0.5164481358314108,0.0,True,False,False
0.3216959951389913,1.8090007535573414,-1.63471607032536,0.2115863853232969,1.9944355669262357,-0.3931727569691339,-1.0084787293812654,-0.6380510362795119,1.3994341467752067,-0.303693487288024,-0.01977934641700475,-1.6621236137169662,1.0,False,False,True
0.25416676560787105,1.5796188023943851,-1.994387506219182,-2.2379911856397476,-0.3066314667479255,1.2274338902353974,-0.83739427034649,0.7789936693862618,0.2085471660932646,2.6315024797296944,0.18469737496515073,1.0076378753595443,1.0,False,True,False
0.023823337021664823,-0.03264018903776845,-0.7333023532733313,0.19781153656463393,0.629288328975319,0.13724931520240316,-0.706955965341657,-0.6759537027280526,-0.5842075140164237,-0.18529795763810278,-1.3032492995403344,-0.5302860209362936,1.0,False,False,True
0.42475922650393805,-0.037097823466266375,-1.8675211753580634,-0.5333912128122292,1.6613998394640532,0.8918348704063765,-1.6783116499545525,-0.3363703644366872,1.4684190384091889,-0.3371918734576012,1.1049113329989821,-1.3069012401139841,0.0,True,False,True
-0.7281050486151461,-0.9354503879646087,1.581739016863562,-0.029852192265716292,-1.0932761309684684,-1.4603455998994213,1.673866740421351,0.5087978488151373,-1.069942561804112,0.05619941422775301,0.13349903399960067,1.1123230941220188,0.0,False,False,True
-0.54215080852965,-0.9393695971992018,0.7487721045238351,-1.6453913495717554,-1.4505155777058494,-0.8751558439575432,1.2092790511076468,0.8318143926215429,-0.9742214786713937,-0.49040290801146763,1.1081619244216268,1.6428178352472278,0.0,True,False,False
-1.534557855703548,1.7508492515472434,1.5940075826442186,-1.6565391178944782,-1.135181446264421,-1.0093622302940768,1.9895619848770165,1.154907869439842,-0.2933252301017772,0.2893578944679908,1.6262633126463177,2.1879870600167557,0.0,False,True,False
1.2824998828642393,-0.3524342030201938,-0.36543442637043977,0.4363021481342949,1.194108806405326,0.38665696588727666,-0.9975323402241176,-0.94457391165344,0.9267749079025173,-0.06812194018364828,0.2592181135999699,-1.0579960092306946,1.0,False,True,False
0.30998770883121124,-0.15837977414312251,-0.9236374474590564,-0.6622496709822169,2.0494292018526714,1.6594918214058578,-1.8339949672909812,-0.2666041416742151,0.9282677601281257,-1.8499114032242991,-0.23339767489263274,-1.4610246457458247,1.0,True,False,True
-2.226762005559089,-0.0302356846515233,0.8939730554136688,-0.8430785303941766,-1.6855159652816234,1.4234256688216447,1.01359609212231,0.6036644698373739,0.4528609718750293,-0.38861089169545815,1.6721781995289298,1.7573245841985896,0.0,False,True,False
-0.963509880586922,-1.3853280085082524,0.48048466703312687,-0.6575473923939797,-1.5658577024875218,1.2153381694521552,0.9722050777885203,0.7311620127082806,-0.6452511781943748,-1.1724630459333767,0.1702022072099996,1.1116750704576162,0.0,False,True,False
-0.4254729318581761,-0.8421303085934474,0.7885794754764148,0.0753263840477994,-0.9925561587445862,-1.1009748636664243,1.449163159904718,1.1542323550019755,-1.2698313381319635,-0.09923626720285612,0.9785699625457283,0.7099245238570911,0.0,True,False,False
-0.3989762502932438,-0.09676448449301259,0.550482286026943,0.15097369422211385,-0.8994540864244888,0.25017838873240056,0.5382814704815188,0.8439744930564497,-0.5375174729244969,-0.20832321230401607,-0.6015063964931183,0.9788622804387125,0.0,True,False,True
1.3384935285790656,-0.383122369628198,0.4204052022850218,0.952779280321862,0.9245421262933591,-2.499633493812464,0.018904437138550577,-2.0009327592086996,0.7131999508862897,0.44199871530463825,1.5641078149813699,-0.9187330928617313,1.0,False,True,True
-0.3234172802735364,-0.16171829173195948,-1.5977409422362994,-0.12089056927421714,0.5491162319892706,1.3379351796039383,-1.2866342263775468,-0.37914401465502534,0.5676979946271555,-1.8249411144366978,0.011135852626253124,-0.6434293275467331,1.0,False,False,True
-1.6581365705714042,0.04005740807201127,2.276678348000824,-1.3312098288855845,-1.5483472969266883,-1.686241470235156,1.4411428217610855,1.3712368355000368,-0.49769380780656297,0.7145267461743695,2.139145265827202,2.0970653631641434,0.0,False,False,True
0.44402119329729617,0.10676622974435157,-0.3685191265839691,-0.17419282167902958,0.8235977030660113,0.6844175569034705,-0.589359020174803,-0.12691458284834553,0.8284741461202221,2.0330243328870616,-0.43497131109681064,-0.23666445672318703,1.0,True,False,True
2.332489402085656,-0.2966352813639477,-0.1993886834881102,1.8934489841863855,0.5665325383788438,-0.8123562305881359,-0.7796304759685693,-2.2565220413931066,0.8028157607191411,-0.12442677399310442,-0.4341223039177443,-1.3163307556095465,0.0,False,True,False
-1.023527869232413,-0.5911955149633659,0.947049861497703,0.17047615006208724,-0.35439543583873234,0.03283337309979754,0.7635239589940864,0.5734499419760722,-0.8834169877502369,-0.09670396005163878,0.24978247034023743,0.587014975289677,0.0,True,False,False
0.6884137139438253,1.8940508369544848,-1.0052505674423027,0.35373777096532444,0.4886535933043187,-0.5252909245741786,-0.4552070469484767,-0.9810037801277856,-0.07476556464588488,-0.003251607123737483,-1.2887435170434998,-0.28760564283101236,1.0,True,False,False
0.9211552948158573,0.009182194256830443,-1.3333900166398067,-1.3747783346924711,1.202567145570495,-0.07374419932055919,-1.171533114644091,-0.2888364584065673,1.0280600676478173,0.15163840588342375,-2.2908729417411537,-0.6561144530787071,1.0,True,False,False
-0.5781245617804521,0.49500095637119995,0.9994191910611345,-1.2876990976122038,-0.5516066247047757,-1.5363566595129519,1.5141638312007344,0.7084053160002228,-0.3959962452793527,0.6309670000435074,0.19320829784244925,1.271316382032435,0.0,False,False,False
1.9239092218997156,-0.09338165889759771,-1.0775712123752355,-0.012247036211158146,0.522296731745362,-0.07767544026760263,-1.0376721800288669,-0.6777352476579648,0.5238863050866017,-1.038046846847436,0.072026262635413,-1.0995220728304076,1.0,False,False,True
-2.5194364571200696,-1.274095058093403,0.9701517464091267,1.0799587651524956,-0.9439735278157062,-0.6581712122450166,1.064277181553086,0.5849548884144665,2.3676531490085253,-1.573585402037539,0.4022822744499126,0.044418537960092486,0.0,False,False,True
-0.49349548375952307,1.4403755305496344,1.4660803822219957,0.05577800813438105,-0.7132161794594735,-0.06250335026408052,1.2909791008311753,0.6143844678639081,0.1539178165332812,0.46402311987747646,-1.8501290701399695,0.6332383664603285,0.0,True,False,True
-0.07425658283488719,-1.0557837483885064,-0.597983747757351,-1.1532224275991636,0.7762731825438762,2.4877924382405223,-1.1755317474966762,0.15617436066904494,1.5367213543602272,-0.1371122768063205,0.9968174323028431,-0.19033881836229274,1.0,False,True,False
0.24789894274131447,-0.017872430951248523,-1.9794946395345718,-1.480106357227581,0.971827479528383,0.35957830447066497,-1.4502239539188602,0.38332784169237744,0.18874915632264733,0.4062937226424976,-0.014815337085358706,-0.1922195551753892,1.0,True,False,False
-1.004090259742558,-1.0322958626231347,1.1515385530973297,-1.0394833139125255,-1.7221576440165665,1.1752014234826549,0.9205532235752737,0.5193906768975011,0.802365287624758,-1.001503330367996,-0.797451195503245,1.4740804210138536,0.0,False,False,True
1.1186156742662194,0.9419328876582953,-0.006025153639453432,0.9491294368627025,0.7975401306219289,-0.35418777133128504,-0.8364727694264489,-1.2146235956715343,1.3545678401491605,-1.8191943718880361,-1.0359698671333695,-1.3679412909292892,1.0,True,False,False
-1.1439389888451417,0.6254301182756093,0.4862214921888366,0.4539079896003459,-1.0608991015468372,2.7871745260046867,-0.33920176761993104,0.583527997507858,-0.19039270257396573,-0.824616862031085,0.1514277452246029,0.6696340231735375,0.0,False,False,True
1.358339672602113,0.8464617676368872,-0.4395836973881751,0.5742996205955722,0.8955398474184254,-1.37524837963352,-0.5802686093532547,-1.0350940800266248,-0.41020805675361116,0.11513940457098967,-0.19844438512014392,-0.8632094275815045,1.0,True,False,False
-0.858574445905891,2.385864486564623,0.8859469085065634,0.5186134183047587,-0.346976916504477,-0.9241903639375846,1.338335993827669,1.4586712785091338,-1.4605412665746385,-0.09971421469666432,-0.05202013091846347,0.426158771326616,0.0,False,False,False
-0.6018501070455027,-0.462117579186501,1.121406580665236,-0.9917992869344137,-1.5310287361078279,-0.5749323970769971,1.0542855288441308,0.998082302959736,-0.9648093863326226,-0.4488497619836299,0.950175511390485,1.4653964431954263,0.0,False,True,False
0.41478720030668687,-0.2879434278036671,-0.7434243642758059,-1.092991566266705,0.9996048343394404,0.8229529945403871,-1.1373178885556783,-0.35585582290184964,0.5010995497602951,0.3707567195808641,-0.06371748671639672,-0.47965720932720385,1.0,True,False,True
-0.7690228265120016,1.6986095632174707,-0.23901955908686012,-0.16334468207998898,1.9692612566975651,0.21528851965277507,-0.8505554933195418,-0.5997858209323952,1.3983885268739051,-0.7663770788294528,-0.14946215791952505,-0.6747971521080155,1.0,False,True,False
-0.2027821757888743,-0.00437406478710872,-1.2436115037593245,-1.0892383487714121,0.9370288726066847,0.16354456087938646,-1.1067988991471363,-0.34509173846230445,0.47502282596046735,-0.963781843267303,-0.20726234839379987,-0.6062328671025284,1.0,False,False,False
0.6159966155928193,-0.13021758601280647,-0.30767759062871447,0.515024530788335,1.57923456023007,0.31580024293772907,-0.7785106659789217,-1.3752911966257224,0.8055873376168345,0.7838753422339045,-0.7668340783478388,-1.046257312461917,0.0,False,False,False
-0.6269755940228456,-0.6493805209140132,-0.4851442039883958,0.25762971950106134,0.39692359890327417,0.15808772684425668,-0.2700183900849294,-0.8310217729807565,0.47661217906512954,0.07106916707130359,-0.2061837570701611,0.1277258638884087,1.0,False,False,True
0.2855603146385978,0.14087726753637458,-0.9282189087576813,1.369732289541832,1.00306771463628,0.3618642634128991,-1.2178220240927942,-1.24673293175657,0.7275131430325309,-1.5047542543808876,0.4352992841881887,-0.8326428975928573,1.0,True,False,False
2.0766721843315956,-0.1464497390382105,-0.4065814684887917,0.05776658780673592,0.281315311623735,-1.7292370473063408,-0.28789281649204884,-0.9520568400900755,0.5516804205372503,0.3609200268258409,-0.6171796166163542,-0.5751449534026125,1.0,False,False,True
-0.09937751350860141,1.1304794389717108,0.6439370500090335,0.4300413598270171,-0.48117457414569026,0.9943442983705074,0.5395595501889858,0.9157449159286686,-0.8196230525953265,1.1627384018546707,2.100389174558564,0.503093682722165,0.0,True,False,False
-1.49844594085858,-1.872988605130131,0.9880860332159443,-1.6304233693660246,-1.2540212849773662,0.36181648940098793,1.560909932256033,1.591025348309837,-0.4504261425506403,1.6507705708656828,-0.02312241152919166,1.0015960496976954,0.0,True,False,False
-0.5117338051952451,0.10104751113166596,1.1556651589544746,-0.44239660965588057,-1.525267836036745,0.028640413955922282,1.2521462986488254,0.8078394859439334,-0.5704238876851101,-0.23948112888065895,0.1508418858578995,1.6377603167972612,0.0,True,False,True
0.5677013259974296,-0.629379534134588,-0.34624882493116826,0.6914234910704185,0.1644652750592062,0.7395365228287886,-0.3704623168296753,-0.6700329853484616,0.4380683527083427,-0.03336455749732065,-0.08708987522673288,-0.20985851467347108,1.0,False,False,True
-0.915786784085609,0.5590383517429864,0.35524831091730563,1.1483804572572625,-1.11313316548877,0.18538317031611995,0.6068971071325218,0.6067347117578693,-0.6069330718182014,-0.433672635532491,0.40135198588122506,0.5171072776707953,0.0,True,False,True
-1.849672881853402,0.3551818165350262,0.8941072702737103,-0.1462130581468599,-0.6831570975828611,0.35292649963342804,0.9988549314963655,0.382332730811081,-0.3228528377400778,1.1719197963451005,0.1971191699952195,1.3934715234502055,0.0,False,False,True
-0.8648178836626137,-1.319604218591591,-0.9117372411412212,0.143050803517275,-0.10437315368348261,0.9491057246082949,-1.0856524166642747,-0.6124985760984077,-0.5153092497767826,-1.036552579394388,-1.007095778786579,-0.6100322978821874,0.0,False,True,False
0.5282366177875619,0.011957868948411037,0.031046170531688226,0.10004694039399055,-0.562261668449085,0.31392804502112837,0.24282375978827941,0.9752638818463835,-1.0473554997716308,-0.5595832875914049,-2.754456518989831,0.4215398819149283,0.0,False,False,False
-0.31536256114532474,-0.8992129355753047,1.3595372488824982,-0.9644322916458931,-0.5146576280825444,-0.14040893107551602,0.8217206608456824,0.966367221720821,-1.6450340854975087,1.359717647446061,-1.2713572668133797,1.319999510266899,0.0,False,False,False
0.4356471434466907,-0.17987706604922235,-0.4280946959864734,1.0652287498507313,1.4448887840131803,0.5148201325028731,-0.8814998593337041,-1.3929412566616877,1.5318789450102748,0.16921545269945737,-0.40514228241323313,-1.4793168610342446,0.0,False,False,False
0.2538023746024563,1.170609831730216,0.5617448756866428,-1.4446672865450183,-1.2306765438919058,-0.8740128078603536,1.080070330892882,0.7741960357201877,-1.1626126197424635,-0.060493256625893096,1.3855657394057241,0.8888248473683539,0.0,False,False,False
-0.07549707141831702,0.3157075398332335,0.7395971232408717,-0.3993829719051585,-1.5236466148996017,-1.0885261669973707,1.2464898334736043,0.4510275726029949,-1.0460334429195668,-1.3443255485342704,0.5978214509038963,0.9230863531537578,0.0,False,True,True
0.7336510136128694,0.02300757402684151,-0.6975602545799108,0.08691539430510199,1.7339879278512478,-0.16808266697378496,-0.8108940297659232,-0.7059811095115366,1.1545259139242634,-0.18377017446655838,-0.39509869032232275,-1.1211237694295801,0.0,True,False,True
0.5820687358063885,-0.8561286656465971,-1.1109856472753918,0.3066017993909974,1.0940048252641963,-1.420492081323114,-0.761165557071114,-1.8958553412488315,1.7430757984929057,-0.04224473516767321,-1.4975381483434111,-1.50364511635152,1.0,True,False,False
0.5423751614837172,0.17076545210195254,-0.22518427220838352,0.05673381329976027,0.4776906223782122,0.5656499489478934,-0.3498659934073901,-0.6106769265182386,0.24824464007796346,0.005595959778329274,-0.8243493274517386,-0.1885903348138016,1.0,False,True,False
0.366530415320827,-0.4996122956480875,-0.4481756597837217,-0.7950775556021926,0.6638736223053584,-0.10182322773467439,-0.5266100458736335,-0.8409368919729994,0.9375909006710298,-1.8375101240524543,0.5844065025299451,-0.8602835683873529,1.0,False,True,False
0.019479429274962785,0.4379941152148183,0.0688925532251801,0.038768688997267875,0.3555860921194793,-0.0916163978347405,-0.14731247449123308,-0.8077820474497577,0.1305332491972876,2.070412080968574,0.6041637171042546,0.2895771076588146,1.0,False,False,True
-0.3900943449700784,0.05337638488496206,-0.25192821681229377,-0.7512470201828455,0.7539994042073471,0.8569121144561372,-0.6235122545068895,-0.5245453341867055,1.2092343888197095,-0.13105102997874257,-2.331804448854687,-0.3402635931662898,0.0,True,False,False
1.936225359862996,-0.4738001326402087,0.1616988158895551,-0.08918834133000691,0.6404522913417106,1.7557570694235474,-0.9604058648419236,-0.5579841637471602,1.8152591433494762,0.2829637095091913,-1.6353382728024577,-1.1634071514036288,1.0,False,False,False
1.7890767860447343,0.7127220531914849,-1.5677403957418072,-0.9546732898123307,1.2023545622762277,0.24458719719807026,-1.4072593274557879,-0.2306186944041011,1.5774112473077617,0.6820280650064483,0.915561681605386,-1.028065514620874,1.0,True,False,True
-0.8799212279791815,1.3697419007909168,1.988525027781985,-0.7244354183906954,-1.019307440247615,-1.8942208818044277,1.9178414708276867,0.5320099756316571,0.023629506220629096,-0.2393502240261767,-1.0468647509817597,1.16335713804406,0.0,False,True,True
0.8999078896515924,0.3878103704811548,-1.4243465074770927,0.0680178000220214,0.8754972797505597,0.6226218410247687,-1.1405678278745808,-0.47894998871221806,0.4131601405919692,0.0465392828219366,0.12615868080988654,-0.8701105156506374,1.0,False,True,False
-0.020955568895054597,0.07155624488768898,1.0656071570620627,-1.0291604254826907,-0.26657555138157224,1.341421675041451,0.9469174960345611,2.130718451825965,-0.7662413297648988,3.044200727639621,-0.22630033027676344,0.7934945444757701,0.0,True,False,False
-1.8384049018852997,0.03765677304732861,0.6873002430355682,1.35564212873528,-0.8637343913032008,0.14370527871059388,1.1489963464614308,0.7171530790307119,-0.3858118716275506,-1.224218926425901,1.984161856662595,0.15460224455185195,0.0,True,False,False
-0.17081462797230684,0.14959284894972122,-1.361811059143294,1.483605814906257,1.3812041610961734,-0.19647666561168806,-1.278464411601385,-1.0371267120404073,0.042995809010686,-0.5169208650752541,0.7242962376364254,-1.6413875385039258,1.0,False,True,False
0.3937783894696425,-0.06186273202417961,-0.6252683976649209,-1.1192349195428213,0.44265244673030446,0.9767680990301679,-0.7784067489196492,0.044332809589314535,0.5481686308651871,-0.2998339899563959,-0.40867946339795413,-0.057973442694996206,1.0,False,True,True
0.3358185985845063,-0.01604396453109716,-1.4076892750137122,0.01919115762612712,0.10266468634764982,-0.10582475493012168,-0.8448912604905269,-0.645779447791158,-0.8121412450814485,-1.204287822046501,0.22617067499702292,-0.3788394621101945,1.0,True,False,False
0.39742135069862555,-1.7775506578005493,0.6507575784958185,-0.5318382440692054,0.09068066927056637,0.3432593891089699,0.5012540477497622,1.585194949490018,-0.4207635730824606,1.070031702845761,0.11947784499088332,0.26146242377324663,0.0,False,True,False
-0.27386076919753755,1.580573263183741,1.3104804845166835,-1.1541561166605665,-0.9293605468679739,-1.2337408733421817,1.2404260182074247,0.5173320131749847,-0.8955371488759211,-0.005222851104657845,0.15650553716842425,1.268291427102939,0.0,True,False,True
0.3567586904726924,0.21642838347434162,-2.4882194954876953,-0.5613591384846874,0.3408993756805306,1.5195017197418612,-1.6033733207892078,0.12026562759825035,-0.18150518702136056,-1.6989056325378717,0.34341734614575103,-0.7271606655554941,1.0,False,True,True
-0.9202912393172176,-0.4145244932300346,1.2129088044318772,-1.7660196829016963,-0.7335950081209751,-0.032757459812104366,1.2135006287443342,1.4400569030993797,-0.2006437174776569,1.0735455072732523,1.4146862425772158,1.6250821270886437,0.0,True,False,True
0.7409988116690402,-0.014833126342714137,-0.8075883444075018,0.5333485763014004,1.3009581561207024,-2.7956709270118476,-0.7617419316314391,-1.3698699739407816,0.20605475123550296,0.02501738468250113,-0.30133823018392136,-2.8051780390113854,1.0,True,False,False
0.5091490335530211,-0.7215849920165551,-1.2259331624333591,0.17314815150165166,1.0574580476182818,0.4093347225487455,-0.9732551272400273,-0.8338853120000436,0.48872651638963915,-0.06669175540069198,1.095435551116125,-1.2596163179179438,1.0,False,False,False
-1.3217075916118182,0.06275983552603963,-0.19510040706370357,2.0104401882620686,-0.6588434156145937,1.7085408583962656,0.5595799988333654,1.095362153314659,-0.9574156388842893,-0.518744372165539,-1.6147129251025638,0.26845097763863596,0.0,False,True,False
-0.30357214430980134,-1.9848639715596705,0.642761289658378,-1.04834059763177,-1.5382931789652134,0.08248254028070144,0.7404432834457042,0.3220418958077887,-0.7121000661197918,-0.7806217138770526,-1.3074996917059507,1.4076674550897805,0.0,False,True,False
0.45684045666531964,-0.47821211268633146,-0.3043573338874762,1.5959844262157046,1.299733435380473,-0.09060994894651679,-0.7513061180036974,-1.1912816022231425,0.595825549625355,-0.5264570826039445,-0.41846138956497936,-1.0362210371524267,1.0,True,False,True
-1.5101353799446549,0.4353195557327675,1.1916068348256366,0.38126835707620915,-0.3946282356015839,0.595745542859772,1.1489083063839483,0.8789855196675053,-0.34146011840780666,0.7876314192125209,1.9101062102827266,0.6601036561004708,0.0,False,True,True
-0.19682625519014185,1.0984110477311397,1.7643228255721202,-1.6870775662439375,-0.7083642723441169,-0.9484180869107076,0.9658617065629472,0.8892185226261667,-0.37123978953699965,0.7780733987860637,2.010737334811166,1.439691017608775,0.0,False,True,True
0.6911439803417494,-0.14376713411180234,-0.032010584258098225,0.7830148539100441,2.181467088750331,1.5274352327398784,-1.5262748740998193,-0.6097317434636912,0.37914490062920675,-0.9042784901758363,0.8647213515731897,-1.7099215336178701,1.0,True,False,True
2.5273841101165067,0.7218170337896147,-0.9337571943290723,0.34421687393461164,0.9402824057601187,-0.9648831686495003,-0.9568710272560669,-1.0845825887546798,0.7845291076671613,0.3043775661306815,1.1264192150032415,-1.3290307345181953,1.0,True,False,False
-0.24795941733879606,0.0586749126163082,0.6650131034640568,0.06765206501561978,-0.6534989723407258,-0.3664206903509948,0.5458144570546047,-0.08921940772597378,-0.8028013735129882,0.05188131680836534,0.0045244961841550855,0.5562941476547061,0.0,True,False,False
-2.1759295682520863,0.9569720078526511,-0.093949712373313,0.15023183388501246,-1.4233032594048125,-0.08122952622204065,0.6688549945830013,0.6086359545992683,-0.6326277003091831,-1.9546392955883238,-0.5023877488320717,0.3729341496516086,0.0,True,False,False
-0.6350057830981476,1.4133852339297523,1.7217968432684723,-1.616273619159386,-0.9605346808233981,-1.1735967258464994,1.560269726499219,0.61476437158911,-1.3413728432384602,0.02028431975099881,0.9310664493740786,1.9139683190168961,0.0,True,False,False
0.7525499521515923,0.9538076795771323,-1.4739617878654745,0.016473070315114222,1.3797492220737482,-0.6283491982386322,-1.1712073581645697,-0.7991235841970424,0.7263553944375127,0.20926210360828548,-0.038205983842771726,-0.9156517966306644,1.0,False,True,True
-0.6363186510930035,-0.5211059521711655,0.8772216261294654,-0.6110740839475912,-1.7579843697706004,-0.5162608298212525,1.0554705031612384,-0.5106057164808848,-0.6717610625329823,-1.1030409505235717,0.0674200126237331,1.729169255891896,0.0,False,True,True
-0.23560280828454278,0.49705449293404924,0.7369969024656879,0.5107806838556057,0.37976717763540857,-0.547167005997044,0.8165292731608952,1.4450305655391154,-1.2717854555561052,0.0905690538567534,0.273717441643638,-0.024071671404726117,0.0,False,True,False
-0.47580772378343883,-0.20645882619160505,-0.24368998428257052,0.7067900886565281,-0.6614671672692477,0.7100601482133153,-0.004573265702570925,0.2279269721912679,-1.7354129839849257,-0.5576405779279249,0.5045197933744606,0.31804046907488137,0.0,True,False,True
0.8290644317022211,0.10667035576342805,-0.5282598247685343,0.04610160466918183,0.019442047196342196,-0.5216493654100762,-0.49369731426707597,-1.1644390466771997,0.6399783930524245,0.4126654294754969,1.8621911276573917,-0.5189202401265641,1.0,True,False,True
-0.3652089660136739,1.452046376615702,-0.19436407614816464,-0.4072139258225658,0.7211298203510083,1.4779406914821378,-0.6627976777508318,-0.6226579024042692,0.4007113671677146,0.08394460171742685,0.8061725347904658,0.06550678981645218,1.0,False,False,True
-1.5300573416035839,-0.14983656959222186,0.1962337199009595,2.402702108231013,-0.5058752240815461,1.4664296286620533,0.5606922301197346,1.0325805176693148,-0.7879052359182949,-0.11298035365944493,-0.9785836971028024,-0.22616112130627652,0.0,True,False,True
-0.12585439723666803,-0.7544971431498659,1.7897964702634295,-0.253761558040901,-0.0969643048134496,-1.3759478856152445,1.0483354960901157,0.8589319673839493,-1.5053386648156142,2.1685827972762457,-1.4391054785754758,1.333761006827727,0.0,False,True,True
-0.5262756827851929,-0.7400843112186412,0.16743123070033616,0.5119030896521838,-0.7940101219592737,1.6139620722837429,0.2563500093226198,0.7948509817097353,-1.0918282094912075,0.11536955263941323,-0.18318357393505097,0.5739329728960483,0.0,True,False,True
0.4988155791448829,2.2642430650498273,-0.5553705355763963,-0.6096277681555655,1.4198545570960879,1.4143557316195565,-1.4690219074825146,-0.592787238756663,1.3752333580026515,-1.1992472602778415,0.05294309323670662,-1.0483512934832067,1.0,True,False,True
0.6446919263831273,1.2864866185804977,0.4899331769177999,1.1422511780843285,1.9363804823667716,-0.424250732655493,-0.7181335733344272,-1.6196817543188042,0.7169383212141691,0.48044216673659573,1.481853034932138,-1.434961744192421,1.0,True,False,False
-0.8540305910520923,-0.11144415861712621,0.8064041434341419,-0.2904379822270467,-1.1709471151106388,-0.5325695926681042,1.1261675117057799,0.6291038059575705,-1.3593262909017685,0.09598362954370052,-1.5904720758595268,1.120242634260313,0.0,True,False,False
2.02719069041885,-0.06946672136871729,-2.4019636697710656,0.3714915752184358,0.7479669390662312,-0.17293344170310943,-1.3313447785451367,-1.025985912574622,0.6374749360825182,-0.4077743374515886,-1.664212527987194,-1.5191864367686834,1.0,True,False,True
0.21322663196405295,-0.8340795445692729,-0.4576787210950479,-0.3880699114451103,0.14397917113824688,0.49423987227085214,-1.2126606503799893,-0.7925990088724566,0.389514280784493,-0.9020421851385895,-1.2196406572495129,-0.5809497964621414,0.0,True,False,True
-0.9790524100035267,0.28428669329067796,-0.966253507330615,-0.8799028574930918,1.1258664328825134,0.20742079832331095,-0.970885889505078,-1.0592097795246231,0.6367398930804088,-0.1982232098077523,-0.7647707573803704,-0.18699897405552526,1.0,True,False,False
0.14814627093781457,0.04107911205948215,1.0702598075360816,-1.0825078084750677,-1.0777625180760049,-2.1054725933805387,1.4163395678370998,0.81982984194627,-2.644266730034569,0.10182650933049747,-0.286053581478525,1.4101743031957188,0.0,True,False,False
1.2293301831256955,1.3192395400762285,-0.9044583417306619,-2.4854383017489887,0.0955450565804731,0.7689671091068869,-1.3719756189677441,0.6955961225504068,0.7374666052710881,0.6573172654263844,0.13539825133694658,0.10627731097320452,1.0,False,False,True
1.34686180352871,0.007289487675621633,-0.6884529958253686,0.22198439918167936,1.1774813651558977,-1.6404095068242368,-0.6544604262490737,-1.5888983644443522,1.5810762183297984,0.1662795365265298,-0.10960907428336117,-0.9183488287399952,1.0,True,False,False
-0.5382292878490715,-0.1818770284015511,1.8787177365097,-0.4623954957534876,-0.4640030734276897,0.3829465489265016,1.3457724245031912,1.3081469894316113,0.06426445641698753,2.007332811943063,-1.5881799394835379,0.7859027586667104,0.0,True,False,True
0.896565098647089,1.0111323854771341,-1.114663728196028,0.43908421875515646,1.3200996737846193,-0.21339530892556063,-1.1744225481704609,-1.1899928407756573,1.1023997770936684,0.2009770026563199,0.6068099759028062,-1.3027583097387534,1.0,False,True,False
0.8617205271728505,-1.9357888139731403,-1.355174380390619,-0.05843275227383791,0.4836737037040857,-0.30135931681653394,-0.7680900101923852,-0.6169813049274768,0.20510361906854604,0.031002237426759397,0.5001508845425162,-0.4795040153765855,1.0,False,True,True
0.05858916249572371,-0.7652135820094507,-0.2838249389651202,-1.8945416613476678,-0.39603771569948526,1.4152868298087693,-0.1322715599427334,0.03819982780802396,0.20728097775306006,-0.5433236979797039,-0.2610633175984411,0.13668819085991668,0.0,True,False,True
0.3407814014072129,2.063247011452174,-0.16570926526313146,0.23539531270418226,0.269879399330725,-0.05880893379740758,-0.3972164484797783,-0.8315728217525925,0.8482802446965159,0.1339227864100403,-0.28811007397483457,0.2037249485046808,0.0,False,True,False
-1.1503002524149792,-0.6770163887016651,1.536743814976933,-1.5601382747341135,-0.8361826618738402,-0.9481701299738328,1.4283601090266151,0.3659984758043812,-0.9530493889429448,0.04804921382283392,0.10260843923120003,0.8451324199068586,0.0,False,True,False
1.5501428685990306,-0.04957366622055581,-0.2719136977968985,0.7704330455645176,1.781379945751666,-1.0823082008637352,-1.5097797178312626,-1.2195375836909716,0.45571238894781907,-0.2837534090855428,0.1294017943336718,-1.979265516520103,1.0,True,False,True
-0.4261689473457982,-0.27746680067437784,0.663376501252347,-0.1810125086880509,-0.3157298971449267,1.8029811404711094,0.418343334576627,0.822560119959775,0.33199665255173305,1.0499416280058802,1.4769634373132474,0.4535596292451813,0.0,False,False,False
-1.8138351458588875,-0.7781477669596478,0.7295299636367404,0.5212835693851088,-1.1538850324228225,0.3822458894533363,0.824975248565424,0.6147658096031784,-1.2930903877694562,0.863050244988107,0.08438824224414632,1.3131424470675859,0.0,False,True,True
1.1187814904607862,1.364407732459052,-1.5812264676365166,0.3141592892291717,0.8042494376413145,-3.4698164622197156,-0.3915051944357585,-2.021910253082446,1.2357681282197883,0.4990599475423014,-0.1349437536353697,-1.1554518371690756,0.0,False,True,False
0.4133884500538087,0.24172406641747365,-1.0994686252173569,0.9510852225500117,0.6362552260937648,0.12961771791715573,-1.2471498598213966,-0.8898916324431999,-0.015570500332259133,-0.46918269713578054,-0.8377843026290821,-1.2758785584252308,0.0,True,False,False
0.4455656305303636,1.532857417968068,-0.2623897914167072,0.13265695864401783,0.4894690005639925,0.4009575364145268,-1.1892151749594595,-0.41394569154725835,0.9315786972540105,-1.572200226810199,1.9032852000604918,-0.8994313638504593,0.0,False,False,False
1.8362253363741723,-0.8005180281222304,-0.714179606980012,-0.050339533236488966,0.6934331663572193,0.06531625011203725,-1.1512150590924735,-0.656100017745271,-0.17128195535630442,-1.1769522616516304,-0.29730145485586634,-1.0446712702013476,1.0,True,False,True
-0.683383697406727,-0.8570034592982342,0.3476689529520813,-0.21076968835139798,-1.886270152002962,0.5465389855679821,1.0493966809527913,0.6410494377761321,-0.5847193334898995,-1.6663417700734093,-1.2456128515310498,1.0842852272858983,0.0,False,False,True
-1.4288650847340092,-0.0038039355382080316,1.5643893145063386,-0.43730995588211885,-1.1309524977078231,-1.0538586042208855,0.9054819498432604,1.155052956891257,0.1342522974654399,-0.08657973304507187,1.5598296912009082,0.5323193978777396,0.0,True,False,True
0.246403691912245,0.585556111374078,-0.8242994246884936,0.3308405246979771,0.961205438088926,0.3377289943812804,-0.9133655161588529,-0.46806071485662626,0.0459597732350893,-2.106348861236339,0.546320361328147,-1.1103564163807558,1.0,False,False,False
0.34462136538056753,-0.948614644581703,-0.9902950489690608,0.37885339336327983,0.7225938669278132,0.25276093463651544,-1.0993398509090462,-0.9862402451392674,0.7498647843353822,-2.1506825260971607,-1.1247377812901058,-1.3571149982056703,1.0,True,False,False
-0.43556275544185635,0.3027723748833499,-0.6813590985359746,-0.15170848061623213,1.0141284323889492,0.6432219841898394,-0.9737642011975953,-0.12115619029463019,0.6894373578753922,-0.578461141525147,1.4555521376198381,0.08697472736330833,1.0,False,True,True
1.1069043122611992,0.7236803552975056,-0.483927430581858,0.4360829267372622,1.0950208151363319,-0.008831369740584441,-0.9353523295500616,-0.674216736235474,1.0657249066984065,0.19371618750776862,-0.9545874875101892,-1.0320559896819743,1.0,True,False,True
0.1735911787819906,-0.5670852487393756,0.3569722213196668,-0.44200840077258224,-0.9308923188031525,-0.16008422501058633,0.3208284852953562,-0.0815306520163128,-1.6994080742303133,-0.6585264464312035,2.358205730129394,0.8537482270030917,0.0,True,False,False
0.5508732231601423,-2.568147357791531,-1.0354687884825822,0.07757564735468378,0.12341365345662213,-1.4376245146385465,-0.6381707795971368,-0.8008456063006083,0.03483778552619239,-0.4490981792473396,0.036595749999015686,-0.6219004428420162,1.0,True,False,True
-1.342497220516629,-1.3433490689448429,0.8306723306740057,0.5534020518282036,-1.1300932359674043,-0.3464518744363333,1.397202072849672,1.0358399667474374,-0.5849077521309906,-0.2565104513853299,-1.540939067111223,0.8105491356719734,0.0,True,False,True
1.1096988043046743,0.9115293913321265,-1.125389769988872,1.8992847619413693,0.8369606358216134,-2.050241388067602,-0.7464956321900059,-2.154249487019236,0.49534798371418065,-0.1149771069401055,-0.7110371626242817,-1.6554080673125249,1.0,False,True,False
-0.8645620642549935,0.0672671798202324,1.26425895618801,-0.00563572802117959,0.34931311939085735,1.599596484978312,0.6145089611767799,1.7622133087791096,0.1699228173648624,2.535360082903426,0.721019221081709,0.505983072733837,0.0,False,True,False
0.5800707764784301,-0.07598589507201345,0.69957340593746,-0.5781457339942192,-0.7132011152972705,-2.2863865272983235,1.074880398486196,0.33972010280604287,-1.5381268394862195,-0.31350046438926427,0.3472806874280779,0.4528121532798188,0.0,False,False,True
0.4063613031945176,1.0039549452144472,-0.012189813752531246,0.775204254205849,0.6279141583233375,0.19481051633868218,-0.1977836499732341,-0.9910073625327357,0.7947167973018395,0.5637605452682992,-0.011355890268654988,-0.42665769906167966,0.0,True,False,False
0.20647657261912106,0.5006568496958808,-0.7759638531141421,0.092142316633343,0.6573101369884558,0.9093296171759541,-0.8344823098360303,-0.6279421884710513,0.6285382928247571,0.10265008975110373,0.6780085938002202,-0.6178259197563918,1.0,False,True,True
1.0306610172747956,0.8543071092128302,-0.025598765364175366,-0.34917025350644953,-0.17128762508896697,-0.13864612463830578,-0.40261713359386647,0.19901501110929232,-2.415635374754318,-0.1088791645216142,1.0447686170688326,0.3902835228749633,0.0,False,True,True
-1.171167449373155,1.895170937386133,1.004026447541619,-0.664255364275282,-1.7353661593465735,-0.565406740263266,1.4332012354814552,0.5271151417644367,-0.4083605499399795,-0.42364218294631556,-0.9139776736367685,1.4143747403242601,0.0,False,True,True
-0.948502075718992,-1.5279941842795446,0.41229434696614636,0.12781714715975787,-0.9349341855725835,-0.2496318372863126,0.8566087922331688,0.5362134875665722,-1.552869721444877,-1.00909332530285,1.3297175785214768,0.612725551083609,0.0,True,False,True
-1.5175644469279461,-0.10609514933698602,1.8335814677388764,-0.10268451465538274,-1.6435356932715417,-0.8512711753792964,1.8745152202742124,0.29408067132320975,-0.03157583646369042,-0.7347409446860658,2.7043101031150005,1.4307094568091776,0.0,False,True,False
-0.8694962933499643,-0.25590820531197894,-0.33355625714769194,-0.9682106134826522,0.8280310133387162,1.3436964659562753,-1.2192000455041083,0.016923320633738248,0.5127500024774723,0.31391747360612965,0.07057438405689134,-0.41096398268813816,1.0,False,False,True
-0.6201121745564333,-0.0991135936856123,0.44733641869378665,1.3641817158568312,-0.4951580871346306,0.21841231125124577,0.9380412676055726,0.7172422681949945,0.07553612236495891,-1.0747625083458363,1.0353620275886166,-0.08521781097606189,0.0,False,False,False
-0.5400416334265804,0.2794491708878411,0.08159388086671807,0.6540411798896303,-0.6214995630151355,0.22314963207604285,0.7491061824861173,0.8698914096684071,-0.8361613833847461,-0.5652239645753192,-0.40137288369695256,0.48353576737004267,0.0,True,False,False
0.5165615387868988,2.0846265964470243,-0.6061659489592801,1.1339829458772102,0.6197229489068504,0.43004550501694216,-0.22435168280623297,-1.2317478631252194,0.6664650680263144,0.35815676851931694,-0.8453829658072018,-0.6448813627909684,1.0,True,False,False
0.4778307545630622,-0.41265522013496125,-1.704879270622281,0.2594015328612165,0.14235308712240305,1.2751307312823412,-1.0394812044528734,-0.06422922309149391,0.2720679575486872,0.06800876634390911,0.35444263639072676,-0.5397423763427285,1.0,False,True,True
-0.42542115001959746,1.9370505093186263,0.6359030880722905,0.12682059357658015,-0.49398070020187945,0.3458730554296309,0.8544591823270002,2.013352052277565,-0.9109468303057966,0.3162039836792501,-0.027631245307359328,0.4721667043308785,0.0,True,False,False
-0.23521926954943667,-1.183560769290986,0.6187178535867337,-0.8412188998554373,-1.275128659275517,-0.053020221155839695,0.6047744140618425,-0.16901898994298495,0.07215672935680688,-0.23920101176611774,0.04418419947654641,0.8511720520791479,0.0,True,False,True
-1.0945332733209894,-1.1384331395838518,0.62321731936134,-0.3113785987891064,-0.5228037711677057,0.4915768054859563,0.896030920608511,0.9963398073418113,-1.8144774320397032,0.5270677240903556,0.03860810352501784,1.3303920100114868,0.0,True,False,True
-0.3910574846832115,-0.9836344680400947,0.30008063756889736,1.2146986047322221,-0.23093843152663984,1.766568557351065,0.3688272488372054,1.2790249699153422,2.5182607737983616,0.9146608021804558,0.4156805534124441,0.06504875129967234,0.0,True,False,False
0.1524232840623005,0.2433453203383375,-1.3142147611591517,-0.60203459787597,1.6801783297694806,0.26739999158013855,-1.4476578897226204,-0.716462702759487,0.4793226971102243,-1.5495911886503286,0.0175037227558508,-1.155025694253033,1.0,True,False,False
-0.295637003648016,-0.12389886405837063,0.4805228611053476,0.11330006008086828,-0.47748363039662217,0.4045175208748502,0.382127663588403,0.5192923064465578,-0.5339473764487792,-0.5166380934674226,0.07937676747281931,0.3580770124928347,0.0,False,False,False
-1.173252405136631,0.18157267251015666,1.3519816189600466,-0.6050272053684912,-0.9743506752618536,-0.9419398079907018,1.7189619926061293,1.02091854220758,-0.6002809421375697,-0.9176250918974327,-0.6141280435418885,1.0955547680197777,0.0,False,True,True
-0.7181433573026912,0.07367977524100607,1.2607211468409596,-2.0480320358502238,-1.401537277368231,-1.039794318755852,1.086260785550706,-0.23299214030141902,-1.7704264382899955,0.160938488382136,-1.7945608003258857,2.0361726861242047,0.0,True,False,False
0.35046682254177786,0.10641182824002077,-0.3877634437476874,-0.12060609205346166,0.5239530588487313,-0.2015634719673532,-0.5502269660712148,-0.6907056463298641,0.6645937666659976,0.23903341587200205,-0.1778214922429254,-0.34099441048339224,1.0,False,False,True
-0.025223902250302535,0.5861476514880212,0.7793962387490758,-0.88477620277218,0.4216017906455623,0.3576305759057837,-0.12449093465059993,-0.3919390466375444,0.7446425599641758,1.1334814003302542,-1.3289251553832888,0.1534971525876231,1.0,True,False,False
-0.4395259004216735,0.7504940634371623,0.9505938249377733,-0.07381577548381171,-0.9638642864324455,0.9119615756212411,1.0033744165083385,0.5746931561689029,-0.7749459711303613,0.48832541143808444,-0.9354753869175594,0.9874493806080087,0.0,False,False,False
-0.22454583441561815,-0.5463818546930405,0.7843240076647175,0.12012475823197645,-0.26616149584116267,0.7048242395664547,0.7886380373192226,1.4471002856050141,-0.7712481788584428,-0.015836574630468368,-0.016786271638271896,0.1946798466859436,0.0,False,True,True
-0.295637003648016,-0.12389886405837063,0.4805228611053476,0.11330006008086828,-0.47748363039662217,0.4045175208748502,0.382127663588403,0.5192923064465578,-0.5339473764487792,-0.5166380934674226,0.07937676747281931,0.3580770124928347,0.0,False,False,False
-0.549524847504806,-0.06537470122116876,1.326565818482579,1.0538791491611361,-0.7602722444767285,-0.14424667849120665,1.412688947228109,0.9534984619760641,-0.4854947393614308,0.08799120527104412,-0.0023541138313372934,0.4873515557370571,0.0,True,False,True
-0.6136377809142675,-1.9363707388047977,0.37418194063636534,0.1514282328712169,-0.6892368012728441,1.2806446434101868,0.3846367740684807,0.6096320704318946,-0.1521658134755526,-0.38443428996805584,-0.1073791215984586,0.15974116546696607,0.0,True,False,True
0.33357009338249244,-0.9475926540506288,-1.269550400142309,-0.4040286163123959,1.0145910276004457,0.7302307798530555,-1.394619275882829,-0.294399232255373,1.0733448448489589,-0.6250183429565945,0.6611280201312748,-0.952852192435882,1.0,True,False,True
1.2523195126656002,1.153131381086815,-0.7848598401936018,1.4391883084560158,0.7327873726514643,-0.2763506130462728,-0.7609157092977489,-1.399284590566651,1.427606873525434,-0.015951869840120453,-0.30009330747228086,-1.3760721845445956,1.0,True,False,True
0.16844447280284153,0.9354310767912358,0.33012559194352203,0.337448426741712,-1.025360196589011,-0.18695757279265282,0.4952526023014448,0.5314969540493548,-1.4312702773129182,-1.3994317726487373,0.25416847739907816,0.2814358368003103,0.0,True,False,True
0.385383896617666,0.45650915805437137,-1.7076806521576777,-0.7799500233357871,1.296193362808046,0.4130207334645608,-1.3166173329216664,-0.2103610533301715,0.40513111825334974,0.6314445528133629,0.5047952048253486,-0.6924260970789994,1.0,False,False,False
0.5008370524962364,-1.0853295873250297,-1.0894815477983606,2.0076016063169915,1.3877111254532384,0.3823145779785905,-0.620790176145705,-0.8944932914816133,0.5667108576368544,0.5899065967684729,0.01611710041625624,-0.9375312273583545,1.0,False,False,False
-0.8718411646309373,0.8196693148148864,0.8040069101804495,-0.4877694629063583,-1.7534708923364757,0.91918470743892,0.7870571903000246,-0.015032569178897769,0.6039685613848538,-1.631678234241409,-0.13479111967599305,1.222100474163544,0.0,True,False,False
0.15303511439249165,0.3302874576211482,-0.7122277113327847,0.11669840004181384,0.8751602964694145,0.7860391633924716,-0.867036074270348,-0.4647369759845506,0.5898184920981239,0.38647160178098566,-0.3101619624504708,-0.5855780321662534,0.0,False,False,False
0.535151949764555,-0.8950933542812879,-0.3480410592253967,1.5285027885682416,0.5827700027061707,0.018568797805150722,-0.20231372203906378,-0.7044449179802817,0.4193225845231816,-0.3504661669869519,-0.09242526320562337,-0.922780598422131,1.0,False,True,False
0.6902964204581877,-0.08122917586816493,-1.8096515422922264,-0.00738300853601813,0.933593149484117,-0.30682614448219575,-1.165334413432019,-0.665497372916643,0.30019345732628405,-0.29458927145772323,0.07527067749128433,-0.9715338915302254,1.0,True,False,False
-0.7321892251227003,-0.05034176520284726,-0.37884286574807613,-0.10334695388732984,1.40615560320662,0.7724029667118887,-0.9620574535780034,-0.9772560759200308,1.49380816465642,0.19258552005133242,-0.6003463295079574,-0.4826688614527282,1.0,True,False,False
-0.6090371692791162,0.31025505195278763,-0.03812050801810887,0.9568794908153495,-0.9157551396374598,0.11448191687731273,0.3324216649980362,-0.179248665124923,-1.7983619739348218,-1.3747783872804529,2.704704115738773,0.3574175603635596,0.0,True,False,True
0.8080065070793226,0.36727146838531916,-0.281649580046633,-0.5804207867569419,-0.34197349496968127,0.9092351222573156,-0.5168913455849299,0.3272310523172272,-2.1430036824585605,0.43640411089295594,-1.3440598040850067,0.4840630897876766,0.0,False,True,False
1.703601290011472,-1.3268796587105889,-3.7289585229885884,-0.06296182253188873,-0.4258376850077382,-0.7123331138330531,-1.1037765407730076,-0.17269734286018334,0.4925912546667934,0.4576901094986261,-1.688210563994135,-0.7804055482263762,1.0,True,False,True
-0.935306486002807,0.9280944698766738,0.9343488184257537,-0.08623715003350241,-0.5425225286535252,-0.7685718739688923,1.0880395923438697,0.2212261160500073,-1.8289238751266166,-0.4178549547175092,-0.06913476395227612,0.24158971844970153,0.0,True,False,True
0.9953973397367106,0.03565199990386514,-1.2158293324467768,1.151570367887869,1.2167422833322725,-0.5529937649102746,-1.1881828028430421,-0.9950450683990445,0.5542761055866525,-1.2887353627383884,0.06475435360753881,-0.8099093108688872,1.0,True,False,False
-0.3354583718942535,-0.7268719074068491,0.05202875162305908,-0.10666946366723394,-0.9630395362988367,-0.3023763043117017,0.6617499062566183,1.0631912430749955,-1.482570907125657,-0.7114939904069703,0.2899924650252242,0.4832007967418865,0.0,False,False,False
-1.8113375198063828,-2.5750105685455424,-0.7276256339014605,0.5965622023538717,-0.9665054255578607,2.6068144339753925,0.11173278283647749,0.7016252020401469,-1.0950051792880338,-1.4233873778988335,0.017516782431922097,-0.5286595954924534,0.0,False,True,True
-1.17216033853962,1.1057602354564773,2.503270698139858,-2.8373903672753378,-1.2301723375900875,-1.1718441845645753,2.023005114979701,1.001238555887118,0.9247722529544226,1.3055654549625633,-0.09834390186718533,1.5993698289752956,0.0,True,False,True
-1.2351763059756282,0.6895848476993626,1.5484723051396474,-0.1726437663516545,0.1404655302597125,0.17396720252271422,1.3025298486113586,1.589263149173762,-0.5817927411400845,2.0767465317135123,-1.2629131125054776,0.7198344566732645,0.0,True,False,True
-1.1948445012724873,0.4765298156590692,1.0129375855469702,-0.916730357120284,-0.8106818739389056,-0.3884646720896441,1.2702717312896914,1.1950023559272156,-0.6028632608603858,0.01392192178279986,-0.21740033058180325,1.26478387672629,0.0,True,False,False
0.2529949117783304,-0.5500828776143946,-0.6333676350223936,-1.1994882412035697,0.370670275850991,0.22244765045040638,-0.8496192081691305,-0.47096993914027385,-0.11441552277237131,-0.5325883755768693,-1.6962778513391936,-0.22902262250189878,1.0,True,False,False
1.343198350891811,-0.0033054376760132047,-0.4031354634512577,-0.2141115770031242,0.7573094971475862,0.06364544678949763,-0.6975497289861301,-0.5216499641404373,1.5204873918967565,0.29049469255925664,1.3327698728214707,-0.783861139957088,1.0,False,False,True
-0.7371945918378372,-0.12709016227206044,0.431692879352576,-0.7380709673873558,-0.4745459908794446,0.405018514640958,-1.2810033205717977,0.8035356498255202,-0.946717344971627,0.5025065665059861,0.1785991967654139,-0.09522225834504075,0.0,True,False,True
0.2588833703924348,0.09235383799732261,-0.14790197406109953,1.1613944490244097,1.4450065640853471,0.33339531371842746,-0.8537999292253035,-1.2640541842371784,1.4038930286835085,-0.3065401508474313,-0.05243369889751493,-0.8825322841500866,1.0,True,False,True
-1.8162986390896871,0.806088044472474,1.1952879050380603,0.9524833164107119,-0.18411168298092132,0.9661689436247783,1.2604892507807701,1.8797802656241671,0.6406826931976237,0.7046322614204628,-0.5206135718871778,0.19210065270323476,0.0,False,False,False
0.8718670407685745,0.682309669941882,-0.6647465675779529,0.09230329460365745,0.9055634103471438,1.0714177384801105,-1.1621130090346277,-0.3910130031440905,0.6364313563609025,-1.2656771248983427,1.365481053590969,-1.0211271234571706,1.0,False,False,True
1.2706855439841322,-0.6139281365395939,-1.0403442838294523,0.03598469213889297,0.7055706869891526,-0.3925807118515447,-0.9863414019545697,-0.9017969347005049,-0.04310830951426402,-1.1312495729480987,-1.3734077355571375,-0.9486326744143507,1.0,False,False,False
0.9919528085914966,-0.6870614570406958,-0.6933657319027557,0.5850132024293303,0.19295940148252844,-0.8833770755242626,-0.3733438188061813,-1.0917791380635007,0.6790747636592391,0.41592573009177103,-0.7539157995343836,-0.625798914662818,1.0,True,False,True
-1.779457205941906,-1.2762322126734482,0.9950577847340759,0.10812130269816228,-1.4879891947153858,-0.7845275251887309,1.6397590466610665,0.6945773625218576,-0.6140722433895399,-1.43330710621372,-0.7370841971421723,1.0402543408130964,0.0,False,False,True
-0.44634816187275256,-0.019172441657318292,0.37323462379489,0.07865271905028297,-0.37986647038230587,-0.057535237483213736,0.3559921108498979,0.462907472487462,-0.48627810464944277,-0.018621579114598337,-0.10428728641078051,0.3324096967179963,0.0,False,True,False
1.629578510509373,0.37728245606339433,-0.8299637499665028,0.7834643204360208,0.5138746470064002,-1.0660924790277777,-0.6581029914635359,-0.9577235345607956,0.7718784671814776,0.5417373841391513,1.6556308395067594,-1.0260283010804343,1.0,True,False,True
2.287222794130021,-0.5270759513278241,-0.19085866172134242,0.3480903017696058,0.6899575662247345,-1.717901992416453,-0.46901078521424705,-2.056710830156629,1.728939235148042,0.8781226544867423,0.33120305391822447,-1.4127105056524225,1.0,False,False,True
-0.9447270036825495,-0.5344678568391253,0.8581212739416969,-0.2701591603748112,-0.2319449327077744,-0.1128585225241132,0.9040980005648082,0.4581269991364528,-1.1685808403932705,1.369881803057623,0.7702204133786696,1.066911394401717,0.0,True,False,False
2.903856856738709,0.29863817397514725,-0.8245112234820814,1.4481894996255658,0.20120381739496623,-2.232149063688073,-0.24368072976541374,-1.7125342165540682,1.0526750409578776,1.9431571454086936,-0.027029797273883667,-1.0940687065204424,1.0,False,True,True
-0.42203240379998835,-0.43184582083994555,-1.2570035929939676,-0.0037813092678315287,0.9273747773422737,0.6706912067480695,-0.9714305613945172,-0.6620020382976802,0.7301052204596362,0.5180343004280423,0.4849651986252983,-0.5291422709691916,1.0,True,False,True
-0.19327555586838926,2.755017142587202,0.23727017861305413,0.40297577876806284,-1.2696957347820277,-0.7698610145694651,0.774857840928213,0.4959166413569323,-0.754880181473193,-0.4972907987032201,1.5194409253824361,0.5907061882794841,0.0,False,False,False
0.4109683056314555,0.10240196201337023,-0.46381005892971355,0.6026151653889887,0.8032484201466019,-0.2832218280825239,-0.7588298981124642,-0.7721466253784118,1.3306441800354987,0.2552213054805674,-0.006935205280306781,-0.6038569510152104,1.0,True,False,False
1.0827574079889477,-1.3843140828874618,-0.7262079043153783,-1.773658038450252,1.4667694955869066,0.6486359111202351,-0.9811841206522448,-0.151142428185822,1.022134539749141,0.01702135467732778,0.6200234416725982,-0.11834781690463204,1.0,False,True,True
-1.265849186587053,-0.07700192756499395,0.6591948246595364,0.24587160842993974,-1.1881247637762136,0.4588265391199912,0.9150910977904532,0.5485147799845816,-0.14809793606482446,-1.2716806566131293,0.9334928072794774,0.556186166010061,0.0,False,False,False
-0.8016579053348798,1.8318446326262459,0.6391887208397274,-0.017545204835266653,-1.2414799857392707,-0.2304713999195524,1.4581241407329157,0.6595656762501221,-1.2289777883145048,-1.3148820648267998,-0.017125022265270885,0.8651901026808931,0.0,False,False,True
-0.8031248064842894,-1.4599768735117586,1.5252787445452218,-0.08662434148275078,-0.5772703320996146,1.1466350312465894,0.8927449040153494,1.2870757597214348,-0.6000323272579767,1.935063892898459,-0.21172541965913555,1.3978455193735986,0.0,True,False,True
0.49613620151739085,-0.04641693563780154,-0.5788795295932759,-0.6388641784607078,0.3270233878910954,0.6263557388749457,-4.2982769198229045,3.0466622490806112,0.30382644542740767,0.49254734009985285,0.24988503160370748,-0.2602407381523327,0.0,True,False,False
-0.5981352842976709,2.244256924429962,0.3833395736314425,0.8540238130049798,-0.07751099737935338,-0.33323213131193086,0.4322688291648613,1.5286013500168585,-0.6033546351098162,-0.2044504075118009,-0.7463619993131174,-0.349992804099477,0.0,False,True,False
-0.9361298736467443,-0.8792526238600219,0.36688472144572004,0.2608899404745783,-1.4750804292233968,1.3718246496037714,0.7101259141770767,0.6034556663018217,0.47631456405973716,-1.5335860006786919,0.7675665024892296,0.5852347161307483,0.0,True,False,False
-1.0831208474188077,-0.4233227479194895,1.2130772067870224,0.016034998302464302,-1.2427997332494694,-1.805750904005987,1.2770480202367964,0.5647675221386516,-0.7783461098062197,-0.16118432355544351,0.26046108948102725,0.9113645264972186,0.0,False,True,True
-0.32451263403257496,-1.3127419562963003,0.5223175258265332,-0.14615444063953295,-0.6292605905055643,-2.1848541201912446,1.0900367089566736,0.604506273480307,-1.0609604407161113,-0.8220236284603909,0.41339918031393735,0.6380685707647193,0.0,True,False,False
-1.7194908268141806,-0.6902532365186544,0.9753514639818583,-1.2838416308023417,-0.9575994101804407,0.21554870627561598,1.420192041721982,1.3317442187075181,-0.4144279788684094,0.26551075145255343,0.3925340220157017,1.4099929156482842,0.0,False,True,False
-0.13320209028767502,0.016811189075529417,0.37721008541850176,0.25128364058882424,-0.3710881879156053,0.12515973122982998,0.6138840525602268,0.7007321836520652,-0.6933118273345389,0.2115781435231669,0.3484729769789969,0.37581607433433045,0.0,False,False,False
-0.6428151316022999,0.16250566841734784,0.31636925047477926,2.3867834992749017,-1.2449668368712574,0.3610412701538533,0.6039762256848716,0.40835398478164026,0.5774779657108668,-0.10756683002649418,-2.1083219860835682,0.15220841938622934,0.0,False,True,True
1.4781611806091683,0.29058543533864534,-3.0129932821746634,-0.40490701333568735,0.41438968703928125,0.21076499876222132,-1.5261110553750372,-0.565795154910982,0.42568924862572055,-0.46556166367429447,0.30518740841675474,-1.0420934271370337,1.0,False,True,False
-0.7625440977155329,-0.6440724933394776,0.22218720798836558,0.5468132963575681,-0.9006508157871209,-0.3164758753328412,0.7161607372090992,0.33835772473586734,-1.4346699609622506,-0.21724632648287448,-1.741864797793312,0.4574354103107198,0.0,True,False,False
1.675646365310297,-1.4317481536216767,-0.24970316437895065,-0.9600124813510884,0.7066526554121175,0.4151569836084351,-0.7526224294416848,-0.07566366918389077,1.4241480117947654,1.6171782067622698,-0.21441839569824592,-0.3132804881981838,0.0,True,False,False
1.5246309297725316,0.6121437417127011,-1.1163370419761915,0.6050178174544185,0.9920405465808716,-0.5628899227124485,-0.7854857929561597,-1.4623093693924143,0.625609971630952,0.44181713068999284,0.14505504102234532,-1.1457264328779138,0.0,False,True,True
-0.8026142307025966,-1.2935432089045817,0.9332966441624835,-3.1595773155608753,-1.6108838544429425,-0.9782206455114066,1.024811107954732,0.9382294139492916,-0.12300599998416706,0.07524268297409635,-1.2133529325906853,2.383836469726906,0.0,False,True,True
0.984036610137214,0.04087534959178677,-0.9575961113126861,0.5639522015998183,1.5091419148089202,0.22981656333140535,-0.7780020944046128,-2.2093631786039283,1.5689135236450817,-0.07971349010008075,-0.032400503028438554,-1.727863559115981,1.0,False,False,False
0.5999470550121099,1.0706058709226325,-0.670308652352432,0.1438592027151676,0.5481786072096471,0.10292279197946069,-0.8493920228808477,-1.1732109735177716,0.6453845587789825,-0.19015769707124275,-1.307281795313109,-0.8413373923523103,1.0,False,True,True
0.45102765974447995,0.026784824986030586,-0.7011429165629095,-0.2647881386537757,0.8874045854038384,0.7357864123443145,-3.595825083563044,-0.5457123703324317,1.9387420878856791,0.008213001462613377,0.045991400936868335,-0.6862234169843098,1.0,False,False,False
0.5196451006090985,-0.028392884597097677,-1.1389826985858131,1.5101762407932933,1.0217043218574853,-0.7539252900960526,-0.8625295937143103,-1.566268923736745,0.5376483602104287,0.16492587070001508,-0.6677901091208743,-1.382213803779748,1.0,True,False,True
-1.3577388095639038,-1.253582524203894,1.223112295710564,-1.8986416381553985,-0.9766581441072408,-0.4405125245575254,1.297513908752245,-0.20014849456239553,-1.0712166408442976,-0.413794968347391,0.3351354417142493,0.9711053522962693,0.0,False,False,True
2.2951191294322633,0.6190803965549995,-2.5826771516232694,-0.865189227581394,0.3350334464727261,0.2635667697789397,-1.3143497610728812,0.33625765588548817,0.9849726307410724,1.3130608371623989,0.053998889581065274,-0.767734510031902,1.0,False,False,True
-0.19250923798180095,-0.4207867791654475,-0.12267650875390469,-0.3144521659888965,-0.8186507352364208,0.10789725897518015,0.4209992652522958,1.0513039334716499,-2.0907412640411063,-0.404101692679541,0.006498406741827471,0.6892674944810843,0.0,False,False,False
-0.4189997969501021,-0.42678031284283807,0.19608082134435464,1.0789010545975384,-0.017150004652619993,1.383611186838951,0.4317152379330687,1.9538349765037317,-0.8254144053267751,1.0887246648721014,-0.6181466681204502,-0.15737851961716595,0.0,False,False,False
-1.1338214735454675,0.09794829285775165,0.18200291441460653,1.5263038279197172,-0.558871006771322,0.535021687582392,0.6126051898772051,1.0117056883284081,-0.5253213739290388,0.11500470127928869,0.9055995487286596,-0.08899694092164046,0.0,True,False,True
-0.5165988551657343,0.6557873045240442,1.3770778149596077,0.053370931123135505,0.370902277074499,-0.24457165414658713,1.0548413758641042,1.5166059019044238,-0.49674723934911424,1.447797047463415,0.006218737836107523,0.14130744449228694,0.0,False,True,False
1.4325037999724202,0.31434538037516674,-0.22560666684942945,-0.19236956685765982,1.1070661487386333,0.8956851618439207,-0.8403431776665973,0.520477476216988,1.4057851538822241,3.6180397509909628,0.6180982085135689,0.31117759110827276,1.0,False,False,False
-0.9157105773045351,1.270714567855601,0.4347271038577774,0.7161627532567013,-1.245248681805758,-0.17967363758495272,1.42062384241547,0.6939622273260696,-0.5938164176658132,-1.192075098592218,1.5065800754193026,0.7338435906909571,0.0,False,True,False
0.31532350355330163,-0.8675112871654818,-0.5512182293545927,0.22337009040781128,0.9745560060684398,0.9529038221422793,-1.17029619575082,-1.0209786597066395,1.003550745457958,0.0871137048235896,-0.5585975001057251,-0.821809115303754,1.0,True,False,True
0.3971149892672679,0.19074627040458436,-0.6717297479644685,-2.02422564236748,-0.07056344304041982,-0.09794315233934606,-0.7540256681964409,0.5007687370081655,0.44116570389174165,1.2992824357805595,1.2230060272383354,0.5835448513930059,1.0,False,True,True
-1.9402597622319977,-0.3397419859336646,1.2661054984309579,-1.379609403860962,-0.7411447620116118,-0.1878527733443547,1.8526656363693275,1.2042980166167903,-0.5542725082715394,1.968416349418922,0.27353527796112914,1.9677493607865553,0.0,True,False,True
1.8938130598602463,0.7454511601382606,-0.9494288153231238,-0.07233269771592557,0.9938362979744643,-0.11666552383459416,-0.979513110393453,-0.8235519919048637,1.3116425968698722,0.3849697146827729,0.8200930431663325,-1.0064441665442714,1.0,True,False,False
-1.4936429791306556,2.04750423063401,1.6598312094619179,-1.5494225211527102,-0.6631463819112584,0.5772403686670351,1.3765553725961108,1.7284544663424863,0.13442599092770519,2.3640289590322534,-0.23764859352126516,1.7990229504254651,0.0,True,False,False
0.15373281153770954,0.059235027572817164,-0.11440712237654778,0.027792921566293982,-0.4780755662551026,0.18421546743505182,1.5719776192332737,0.021025357505143356,0.8456264140924663,0.6078995798241232,-0.05413793598321128,0.3821040076089547,1.0,True,False,False
1.1831263226044166,-0.40362652100622126,0.34807412752672207,-0.23967801773475542,1.0650921023367577,0.7529714889424503,-0.8952367306678157,-0.6490275791337573,1.8205242587593546,-0.18393981771492626,1.0014537299008808,-0.8530263389395834,1.0,False,True,True
-1.844630513445324,-0.5469487817576213,1.2718381587513612,0.7416684332964777,-0.37449870318709033,0.7894422373008443,0.793809137034309,0.9889318694563122,0.1625748375856112,1.4387044361442354,-1.8938048834591121,0.35620079031870644,0.0,False,False,False
1.9836384229379802,-0.15419690923022739,-2.3603503491012527,0.2195006160314821,1.349024518138883,0.24396452795829465,-1.4523236375883337,-0.9119442902897862,0.4409416301978005,0.014206946767257906,-0.9755101706151759,-0.5141129435327512,0.0,False,False,True
0.33681335126533235,-1.444006651818267,-1.4874175607312747,-0.2450291558633344,0.8012379511535755,1.8269988720220214,-1.4510718277249612,-0.3164119976233956,0.6552609731910619,0.05818631099506415,1.1034362512448057,-0.6784682198655951,1.0,True,False,True
1.2009701555118812,0.16246363995748275,-0.7635053517493954,1.1283293499355405,1.777751587721873,-0.9315134586080817,-0.778779456748954,-1.7351115282817626,1.0864553507544348,1.083917649086156,-0.0028106265250170638,-1.5468733653287572,1.0,False,True,False
0.26865002958167183,-0.21883352740403497,0.025227606562715377,0.8564119755176572,1.4645063617890255,-1.3025338461458027,-0.456085097034554,-1.662492650920845,0.25003017007054223,0.5713382783873735,0.598799931150084,-0.9158395597177628,1.0,True,False,True
0.4389463798368475,-0.07542675951954375,-0.31249095112798786,0.21278161325693215,0.46335570814725285,0.5347849701431807,-0.6420433097602422,-0.4825982418641839,0.4156148545475215,0.07370171573701521,-0.04553697355557827,-0.31990821404348446,1.0,False,False,True
1.1685107055410038,0.9525815953115508,0.25407321863286286,0.21629714013380835,-0.8160223603682085,-0.3479065565783355,-0.016594682576188353,-0.355532068587103,-2.811266444986944,-1.5609618475428433,-0.46314717921433307,-0.04323407797186354,0.0,False,False,True
-0.35063375077329295,-0.16519255183750886,0.35293739668247276,0.07676339583719116,-0.5635631891090023,0.3537925203054041,0.3598410873766803,0.6235686990746925,-0.5503384607819124,-0.10152038679140572,-0.11873541184945074,0.31947558861934183,0.0,True,False,True
-0.8583478716275672,0.30312452544395035,-0.4273073039531095,0.8479105280654766,1.522995747447919,1.0180769710784896,-1.0455933566110367,-1.20473704073199,0.7032008038599238,0.06725631358984237,-0.665772393254993,-0.8958606699185984,1.0,True,False,False
0.10161372151071278,0.19546115199572794,-0.37114353060846805,-0.06563384244890108,1.9246900131563698,0.3762819562800018,-0.7589805036839885,-0.6848682773395083,2.4092632032505814,-0.06551422072406966,0.04097909901793083,-0.5007727020555606,0.0,True,False,True
1.8582216827544558,-0.6062078864614384,-1.0846536137707832,-0.02126277244873852,1.0586897395156276,-2.3258009803403272,-0.6196454827612947,-0.9703211912444715,0.5977843308424396,1.6960219255616062,1.4553423428153125,-0.7940157138712841,0.0,True,False,False
-1.1988708223604796,-2.0035867762156188,0.5200755519546906,1.7285933552815858,-1.3957377180388275,0.1112427192569447,0.883159113635351,0.4240713566638488,-0.8845725291984252,-2.969253455769456,-2.391694272166986,0.6768846334606051,0.0,False,True,True
-0.6019514787446516,-1.072461114241139,1.6749253058795532,-0.240556475063083,-0.5923322118561907,-0.956279977817042,1.8257884548112435,0.9897697690738891,-0.49838012873203175,0.22753879995627088,2.186965536995806,1.3644505411785521,0.0,False,False,False
-1.8334228791995102,0.6205146445176839,0.15917108732370275,2.693876410807663,-0.2551991388916776,1.7811108594227383,0.46838689325271365,0.8101752326329997,-0.7410693011706748,0.22437510767683227,1.9081532883835912,-0.3116952255090742,0.0,False,True,False
0.4958655238987544,-1.422642431577217,-0.8761278741534844,0.06511450538295094,0.8488559036129811,0.04959309224564105,-0.9096768852998365,-1.4525310780450214,0.4921816603746576,-1.807535191942914,1.5760789191875315,-1.025774933555346,1.0,False,False,False
0.353033785112622,-0.09620806855071382,-0.5531619640133052,0.08984396192943121,0.3210791809299157,0.18586884741241824,-0.4330631896195464,-0.5234045707731957,0.5520783212955868,0.13331629636353,0.14679188589156442,-0.25061733933741165,1.0,True,False,False
0.566493538307177,0.591338627465589,-0.8291255203683214,-0.3060308685218285,0.4509671435407539,-1.0939758973907638,-0.9350781104393725,-0.8910973100137811,0.36253873169809164,0.5352537981083758,-2.020986850435125,-0.43338148759330364,1.0,False,True,True
0.6678158214558622,-0.01263215090684083,-1.0550519193436654,-1.360506999315907,0.7526572816256429,1.450921359290752,-1.1975282680906714,-0.04749487558430322,0.7037580625867097,0.829256053647316,1.5327553921917718,-0.14191979720968334,1.0,False,True,False
0.5696313841890143,-1.3007463431727568,0.7716121100481482,-0.6128765688474908,0.47960123776028313,-0.3419584759873165,0.026022595749778075,-0.4667560806526589,1.5206901956773564,2.4678011714470567,-0.9892910427889839,0.18617000240843187,1.0,True,False,True
-0.8054263344945292,-1.1575418209724575,1.5083819883116085,-0.7411890082938887,-1.6007323665505258,-1.2773590322771233,1.6346735032541526,0.21341398734629538,-0.5362372507683785,-0.9340213067150526,0.34301902713057,1.4165219116258203,0.0,False,False,False
-0.41252146909255655,-0.06895660988361099,0.3206716800214736,1.3728683435289566,-0.5691109305249257,-0.9778432020702619,0.7942483697531881,0.24482322150740848,-2.5028255038610974,-0.5200651850726697,-0.29597460437632817,0.3652770180533921,0.0,True,False,True
0.5213652957645839,1.2646149878012058,-0.5271923674630927,0.23072180594028655,0.6593303337413127,0.4199281186025506,-1.081668146123296,-0.49808084243351325,0.5186577711295951,-1.4145037101746174,-0.504134914311677,-0.3660721101488732,1.0,False,True,False
0.852532138187823,1.2615682772070114,-1.5495733157072882,0.23685818664857905,0.411762178378787,-0.03668717153159383,-0.9632165005108989,-0.7577683539129005,0.1792714992522695,-0.49940551760776464,0.8400901186212705,-0.8255408102256667,1.0,False,True,False
1.171942886696707,-0.022501878769603797,-0.5578685802599016,0.5072717750994618,0.8321801072022526,-1.5201994714184437,-0.5019457295540648,-1.4070696872201112,1.2552756616365939,0.023168349972785343,-1.9858234761918814,-1.0729139492367303,1.0,False,True,False
1.6260294876718029,-0.9740523253547113,-1.3607312416474298,-0.2576080769325153,0.04933921027681621,-0.35757708887953266,-0.8603765749856508,-0.6900289009226834,0.2665314419252314,-1.0598004719626468,0.9244853220001579,-0.6782263953280383,1.0,True,False,False
1.1232934530020113,0.6194320626530055,-0.4732428703267431,-1.6007727818984778,0.39485686923768304,2.060064608450988,-0.9705633826042207,0.4830598900993012,1.6449751331547353,0.376002364789772,2.661236206098449,-0.28580262622899233,1.0,False,True,False
0.29988461372951913,0.471325331149675,0.6240725594552798,-0.15063467949599765,0.70365022470012,0.10596910373437161,-0.6902704131126817,-1.3416715794670573,1.8666979301236044,0.6799126499409729,0.8577075632858054,-0.6306011041449249,1.0,True,False,True
2.3722481585845525,1.1164370539681172,-0.8145145796274331,1.1566116613823083,2.5185428106965158,-0.34762911089615867,-1.745455925659329,-1.4871400688960903,1.2944495826358906,-0.7398146344816633,-0.3266690786701256,-2.616144927672814,1.0,True,False,True
-0.5027007885077331,-0.23937603239770697,0.6834919182916411,-1.2319553351484167,-0.9427939304206113,-0.1631421743531108,0.970257848426204,0.5466154933931346,-0.9183238836301463,-0.8527264843969314,-1.1304828388520385,1.0551198249371612,0.0,False,False,True
1.5000754724849132,2.2116837343912685,0.8080394115136516,0.3730033465869234,0.7916751231605311,-1.666313087992363,-0.748888661764511,-2.1856192535885963,0.15376060005513728,-1.1043007687955202,-0.48294816016629566,-1.2735211363431855,1.0,False,False,False
0.1953528655126348,-1.2704729073054577,-0.6902189668782659,-1.5363181339778993,0.6089110718897836,1.8942987581594464,-0.9630078762866829,0.22859391286197187,1.3363903091173273,0.28975176511871237,0.23985091496006822,0.2586618859137567,1.0,False,False,False
-0.12214966632937015,0.41483125090216194,0.2307870247056025,-0.08991867925574544,-0.3366633027140138,0.2915658853926228,0.15904425656281912,0.3940970313057773,-0.5037932209386999,-0.25279605312488135,-0.1864191965576034,0.2072097042220518,0.0,False,True,True
1.5934219589407912,0.7187590597982103,-0.42851536755288805,-1.0051121149066642,-0.05964229332178369,-1.4446119711726082,-0.3819575437135437,-0.49628755484043413,0.6834867488030285,0.7257016164538016,0.8467161905572751,-0.4376587796998262,1.0,False,False,True
1.5754243503324403,0.06519471509023374,-1.2600424677010318,1.8337263183576535,1.0569807940981686,-0.6941868874023546,-0.5748097981758001,-2.043520533586519,0.4150010074969844,0.2743164397747712,-0.9407977986577006,-1.723791694220002,0.0,False,True,False
-0.5983585769928269,-1.393613952266431,0.28160912285065515,0.25317967859526125,-0.917395486446806,-1.0476975298487337,0.8816104457168938,0.5911158737980415,-1.7217181779771533,-2.0316225125113787,0.8764266935951797,0.741342657964818,0.0,True,False,False
-0.7649550664524082,1.4466948360708127,0.38101332668218313,-0.37375950770765176,-0.6699049598434532,0.1465656507308976,0.9550479329563462,0.5786137738200394,-0.13956452751446974,1.1897220257254322,-0.07644338426378923,1.2424951480277187,0.0,False,False,True
0.3906193452375144,-0.10720279179061859,-0.5432009098323856,0.388903949480177,1.2402407682187155,1.403125925679682,-0.9708768070528386,-0.7251309231411645,0.6440782863884871,-0.08460198957270512,-1.6274283874215527,-0.7864047394528797,1.0,False,False,False
-0.6116230195670317,-0.8052586536867449,0.8594328264446487,-0.2186642761533297,-0.9218554652612644,-1.551437448642813,1.350638592010573,0.49692588265760906,-1.347957996283585,-0.727125304407062,1.535577730243366,1.0643488969516461,0.0,False,True,True
-1.8602446869120872,1.3501889721808193,-0.0027697338552900423,1.2271453398888343,-0.904315491685551,2.5185304499464807,0.36994161000089276,1.155626309942359,0.2528443765934578,-0.7248414678503935,0.08549703641183842,0.2432053686279093,0.0,False,True,False
0.1051341333370271,1.657547157647309,-0.7646230473848387,-0.03184592556075084,0.07584361712994352,0.6508323792960089,-0.6217621804134164,-0.6650250935655602,0.47613147272812806,-0.2015391415687605,-0.13327813277964679,-0.5976478679406286,1.0,False,True,True
-0.7549178266738508,-1.6479400342230635,0.6880355714613235,0.7610304844378923,-0.13130067413495516,0.6723687880065581,0.8192169351581948,0.8291871760434123,-1.203715645606808,0.025047496001425883,0.2045371355913865,0.3481183736259084,0.0,True,False,True
-1.3576768501635512,-0.8904662326287565,0.6345168880830913,-0.03988283995361007,-1.2574078413377847,-0.08647239824366965,1.2719869475632701,0.5807032777057589,-0.19242605683660854,-0.7942843014722459,-0.9750698017615219,1.061805275222896,0.0,True,False,True
1.0475193614885274,-0.07231757593273545,-0.3418931516513155,-0.29979158302875386,0.21484242907902654,0.5559678454445529,-0.7106206436526682,-0.49624022140505525,0.579470062195374,-0.24725375530330726,-0.9236737741212802,-0.3419939073998389,0.0,True,False,True
-1.2038122251376462,1.3282385036296702,0.3060639751741046,0.4922575469635632,-1.0429898072308272,0.3152890584624986,0.612618615355765,1.4702230298117913,-0.5049191008284342,0.26656208541472304,-0.05959875680131574,0.7638345793362825,0.0,True,False,True
1.5843425285536292,0.5785228252223543,0.26705267372830543,-0.8305174280035784,1.1155757184204906,0.7072224968710085,-0.9113317555405454,-0.3135854477539613,1.2576427391443998,0.4099598532114757,2.01457472019962,-0.623131638677474,1.0,True,False,False
0.4340724260818541,-0.6699846641357596,-0.941696705044218,-0.723542320479935,1.52984909489673,0.39104231389972927,-1.320843524670793,-0.3468824283200984,0.7765641265883947,1.0662804150423455,-0.0048253919009014065,-0.8987001529585804,1.0,True,False,True
-0.7012296844548576,-0.4907298671973852,0.6986094070663696,-0.10388018040059001,-0.638300206841421,0.2666787461906247,1.0779371990046098,1.8475976053553262,-0.5483555336879476,0.6830180556102395,0.9283635860298678,0.6816749678034455,0.0,False,False,True
0.9541774741775104,-0.12225108656923192,0.047562479890186415,1.023934688415815,0.6734044250717232,-0.8583312148019115,-0.3704064150184893,-1.4696254491770497,0.3061854521077976,-0.13837492259630163,0.49478541377460006,-0.8421855504719749,1.0,True,False,False
0.027542963293868964,-0.20215771433226937,-0.5907022244116207,0.6921894189426141,0.7674896037680358,0.1389456975712702,-0.7101198912082821,-1.283313693953201,0.9450729334211622,0.0247775630445454,-0.41428434756213794,-0.7203280892132992,1.0,False,False,False
1.7023057250347264,0.043562477006291955,-0.5123385069737272,-0.06510043276781673,0.16312145264774303,0.0713788396225102,-0.8479120574979201,0.2403061130004077,0.5493413494879723,-0.43289676277238026,-1.3677141470050913,-0.595310159839221,1.0,False,True,False
-0.9745266424239245,1.0166038684565182,0.20263786447403467,-0.2622533731680885,-1.3882863387380373,1.3156663990053026,0.5157055804638949,0.6807987304575611,-0.6132042259395728,-0.9948064064791147,0.7755227790075335,0.8558082372553877,0.0,False,False,True
-1.4491414591879013,-0.058881264442169984,1.32912591887388,-0.8655085282235865,-0.5686275347979568,0.3338045179621296,1.503615527697555,2.007754364009567,-0.651779367900576,2.0225933584283875,-0.1636325264012579,1.5772802327313624,0.0,True,False,False
-1.033805211854001,0.08167099789415617,1.1917301290091686,-0.2026136262377486,-0.4845310388846529,0.8705857069510462,0.825524852832453,0.9535763034064413,-0.5825538933069929,1.5805465996643284,0.04402710077292782,1.0854339336338787,0.0,False,True,True
1.0810584805248646,-0.32742145156656144,0.38933213266815186,0.4347842707653296,1.4947895762057002,0.9085682711800677,-1.0939132332325474,-0.9802227599207792,0.5523297077647065,-1.021836922605881,0.36832167499207313,-1.3120783979404815,1.0,False,False,True
0.5508589676780462,3.118901959361379,-2.1311628259477082,-0.33007512823112595,0.8300674442211949,-0.013526199133745172,-1.9248137976150723,-0.8428979846758833,0.24714391196315824,-3.196011719340376,2.3624618440174383,-1.7401899422284037,1.0,True,False,False
1.837638189291521,1.0316062969798145,-1.5412813129918541,-0.9035407898057627,0.4082830864212384,0.0925677924603613,-0.7285044748755951,0.10370335267282925,0.5487663794454088,0.9422613963556064,0.27186730571222556,-0.12346571960803918,1.0,False,False,True
0.09521529022084622,-0.694115253471945,-1.0849738360749246,0.17785360714577877,1.027642855963184,0.3539894720332384,-1.0988223537312833,-0.5780682461910664,0.6773260872444942,-0.3941907868483257,0.43322891619476545,-0.43503663332945774,1.0,False,True,True
-0.2997233232503344,-0.7965517923532323,-1.6786503262332875,-1.86696899510829,1.2499921303950519,2.4599466944966424,-0.893699949629071,-0.088014688269043,0.7852565631447649,-0.2947460927146087,-2.283334238799162,-0.3222820901972774,0.0,True,False,True
0.5273606558221581,-0.8815741979198084,-0.6053975106319318,0.00039791534325590676,0.20518489160326686,0.013001651513413584,-0.2224659345193304,-0.5968498348472354,0.5892131841247773,1.4326978834471669,-0.02571080070752395,-0.5578912392389568,1.0,False,False,False
0.7582244768047942,2.073002550146316,-0.8328599322493148,-0.10598021922548755,0.7463676640157038,0.5813791603079538,-0.918538630939403,-0.7527761529660935,0.609906101463064,-0.34657977455626016,0.5352110519561631,-0.7464668881263997,1.0,False,False,True
-1.261004410117779,-0.37743264581963154,2.70996474315976,-2.0965516725773217,-1.259820022124692,-0.9427667946727959,1.162462864531978,1.2833134356370375,-0.33270506321308874,2.520119380949459,0.17628447739284875,1.1262399607933284,0.0,True,False,True
-0.8997292681690535,-0.05838205332090573,0.9205454578227528,0.09270020628575588,-1.3266370821715698,-0.47374991234912517,1.1488531440338892,0.20482423609088654,-0.5435649119600672,-0.3849809457515651,0.11911383855733995,0.8789689586674729,0.0,False,True,False
0.9102815800063998,-1.7728990922304626,1.3774729327452515,-2.487203573978555,-0.9478940728173385,-2.1897611919035427,1.0767347327107948,0.4265112292962341,-1.5320649584524693,0.09762876212666997,-0.531682364080483,1.6911275754630615,0.0,True,False,True
-0.7725205289695886,1.95951046304328,1.612536299150956,-1.2394510254260434,-0.8364405399098276,-1.3257976844037365,1.1047242962529973,0.7353619574938449,-0.7061455383153702,-0.361469310594565,1.1614263691832007,1.5737275146018652,0.0,False,False,False
0.584474412349045,-1.0588188345356377,-1.2011481740967551,-0.0540268888410333,0.6059629830207947,0.5341820424736754,-1.2207164947565396,-0.4461989017698445,0.13341338388421448,-0.7246215750369778,0.8105426451044014,-0.6027963979769415,1.0,False,False,True
-0.8391031732729423,0.9797217315211304,0.637854283536662,0.4662655666890245,-1.4447828230969457,0.0998106616702082,0.7053004425538583,0.5669970429748452,-0.6013431486047672,-0.708090384515548,-2.1380458094327857,0.8424522984605628,0.0,True,False,True
-1.1752438651117492,-0.19127168099179212,0.10470104616333736,-0.3527324686652254,-2.4741837202855375,-0.2966422368441433,0.6573316339986895,-1.0280888646367552,-0.8158735825318333,-2.932239774643899,0.25833900251069386,1.6065824853986537,0.0,False,True,True
-0.47630414061611837,-1.370433388546295,2.6847297084284865,0.3094202188378549,-0.4260325325996218,-0.12394172391627654,0.7366303767973907,2.79642284418653,-0.42452852481704667,-1.8366914938404257,0.2779668666380091,-2.797000795176205,0.0,False,True,True
1.9765150711662944,-0.8466245549712048,-0.36266141539169017,0.4833841272620769,1.1766878537426924,-0.8818710123512993,-0.5710037647409688,-1.1337268202902524,1.8425954460912843,3.171359031165968,2.319349463251931,-0.8862188114638244,1.0,False,True,True
0.5826154850186268,0.8195116209777463,0.3096893144437859,0.19412689681796777,-0.048427828144747775,1.4940181469466762,-0.07971590179501035,1.1230901608627293,-0.5008846163434844,0.48031932784956044,1.2737519261528873,-0.06939239189074159,0.0,True,False,True
-1.0156479641173684,-0.11478945478494963,-1.383939182568376,-0.22409981110093097,0.5639152055691903,1.977073380974139,-1.210847738219945,0.5212907451118549,0.47688455356992404,-0.08262545341024048,-0.05063680215402131,0.556308974419691,1.0,False,False,False
-1.093984387541129,0.10849358969789086,1.4205790471584565,-0.7843754920746313,-1.1036312918541824,0.3006142433870339,1.372005842776555,1.0352449543856803,0.7131516136368634,-0.01905300909088098,1.5708664170447497,1.2546142000546383,0.0,False,True,False
-0.36179260157592535,1.389638890194543,1.284234426804636,0.05333200794258986,-0.45207281229836305,0.8831828901427853,0.7150366163680113,0.5612977624326562,-1.096182121108502,1.5391750090165552,0.05430496019574957,1.234442517328109,0.0,True,False,True
-0.3959788406276495,0.982902113650052,0.5326078058810017,0.35657062572802345,-0.5344885334780684,1.3013715408771789,0.6904232704862944,0.9261226410062545,-0.6719159911849931,-0.027478847528635872,-0.228825486964486,0.537699544400397,0.0,False,True,True
-0.9855294681670245,2.04537289300983,1.1834821656022947,0.03954775375826196,-0.2228864038162613,0.6351777036890657,1.0626799486790202,1.2782724575755386,-0.25118564868528,1.2742097332021514,-0.017799863495452147,0.6755759429588405,0.0,False,False,True
-0.5988997301350037,-0.5740100805054291,0.8525867677955314,-1.2544817995208795,-1.269921609033776,-1.4306168055492399,0.9383756824849054,-0.6197441727506826,-2.548152735525935,0.010535186706400398,-0.02597279611911406,1.9060734807297202,0.0,True,False,False
0.7484934813770038,-0.003957901834948615,-0.8310047886540187,0.007744158022927531,-0.5549818951778712,0.21806222357244587,-0.2615589407675862,-0.10423789371043093,0.5419067812555964,0.22896947558824035,-1.244432303267205,-0.10575837478581812,1.0,False,True,False
-0.8875861615138465,0.5928114062405876,0.460144523502937,0.0626519221399924,-1.3070130129755408,-0.15886870843148385,0.7909247219757124,0.6264296268294254,-0.5376342354187121,-0.42653103655569957,0.11617286580799144,0.5859566430624084,0.0,False,True,False
-1.4437164163018774,0.05206436626304183,0.8473607102492491,-0.030376129018643817,-1.8005933487041077,0.2083666505682734,1.192181402353538,0.21653135832097126,-0.08246227015832888,-1.5099613527884315,-0.8353268140713954,1.2160101104573848,0.0,False,False,False
2.1941138258770407,-1.586102697219961,0.29541607547159504,0.6846803873513518,0.4654603876555851,0.20322827082938458,-0.5204854296203771,-0.7017007978480186,0.7130770895811362,0.8587103656245018,0.9905737270048227,-0.7774657676162681,1.0,False,False,False
-0.7578293022764465,-0.04800611114404889,0.2772744242101205,-0.08488330342175286,-0.6198698149018179,0.6289384150083956,0.8262852146621587,1.5911007372964927,-0.16267127550701063,-0.6404231341803277,0.18117703203611069,0.4822446242903997,0.0,False,False,False
-0.7335977406609127,-0.28999652974583084,0.4055764655971694,0.2381970689779889,-0.6328836225484008,0.19838974324399475,0.7096473846001707,0.663256739925928,-1.249043608684779,-0.4296929760941381,-0.3813262905584297,-0.12729572615070772,0.0,False,False,False
-0.8573218278045739,-0.43945020451349703,1.5391698954114617,-0.14554009029013276,-0.6023397771438872,-0.13916186179835469,1.3156265417734943,0.8460624809198108,0.5125524199899605,0.48624873525614404,0.25514217137866285,0.8971577147161304,0.0,False,False,False
0.8569475223143929,1.5726759706088123,0.24307821978491123,-0.09375987012625929,0.8046611308941948,0.8452765901396366,-0.6864351654851909,-0.5831924879407768,1.2214782442149923,0.24103128551193848,-0.09210540452866214,-0.6729487720681923,1.0,False,False,False
-0.7705526489091401,-0.4367856330634195,-0.1908466374432359,2.8690304026136517,0.9183192237534985,2.34294838511815,-0.11767340538593936,1.7986553771993514,-0.03725931174978596,0.39573798943625765,-0.44871914498186977,-1.5195473946697013,0.0,False,False,True
0.1690631997825158,-0.045692257562309414,-0.029055350909460834,-0.23371054274787184,1.0497350401831314,1.0155577807663636,-0.819592713949732,-0.5389093757468936,1.332864583327043,-0.12398332842400134,0.36013791247801336,-0.5924855782634779,1.0,False,False,False
1.0789935023400565,1.5621143811598037,-0.5819447550576187,0.6672822554147765,1.4099448577465294,-0.1353671265498513,-0.9717967080983668,-1.1406614893529827,1.1022599082073328,0.7249446539518722,1.82944195516129,-1.2289207584667752,1.0,False,False,True
2.148247041166942,0.9450448947443922,-0.5297280183886028,1.312416938982688,1.1621595580492934,0.3739282085933361,-1.2004282254877607,-1.1804010711118431,1.4353089421690441,-0.6354759122337261,-0.3055162868082552,-1.8401221088694881,1.0,False,True,False
1.620403188235084,0.7399471583869733,-0.36495445998022485,-0.6194067822029128,-0.17447514303961137,0.05333944361610332,-0.3852467223813824,-0.00010497809606026854,0.8534976030531876,0.8205691927435463,-0.15705902189058332,-0.3955681040525678,1.0,True,False,True
-1.0340680661417292,1.0294198849739373,1.727479578973431,0.053116137218914554,-1.044961898169934,-0.1846826648999426,1.4985024971308853,0.7820965878745648,-0.30430537399942825,0.7455264471208427,-0.41907044484617667,0.8105881817140422,0.0,True,False,False
1.0259026031310126,1.7368083003665862,-0.6415945603412735,1.858072415102328,1.36869403058498,-2.0235171491394386,-0.8112479283554287,-2.266957739199313,0.3762369572022114,-0.12249742036990773,-0.3885238984985273,-1.9745527158908152,1.0,True,False,True
-0.18931015216028038,0.2249767182160305,-0.4275640783111245,0.18311915317401728,-0.5759666472349181,-1.0646847829962316,0.6828749511298112,1.097344838643479,-2.786240697792231,-1.076845578558491,1.6892087607696438,0.01439854892582659,0.0,False,False,True
0.3981134869046049,-0.09413274078931526,-0.7210968846189106,0.6747939715855978,0.21276662106297134,0.2307233474095407,-0.6445904000363273,-0.7036819396506854,0.41916510751204683,0.09986421451418315,0.5911675788713643,-0.47605033621060816,1.0,True,False,False
0.4389463798368475,-0.07542675951954375,-0.31249095112798786,0.21278161325693215,0.46335570814725285,0.5347849701431807,-0.6420433097602422,-0.4825982418641839,0.4156148545475215,0.07370171573701521,-0.04553697355557827,-0.31990821404348446,1.0,False,False,True
-1.794398588347143,0.14081689733556596,0.5995787146482038,0.6889166563133354,-2.1637295429245302,1.4794516444243333,0.8958230640012652,0.8348588319018584,-0.6907602784335475,-0.363434924191775,-0.8411766864465497,0.651041434566498,0.0,False,True,False
1.5145863843766671,-0.7626079433255218,-0.35100471148617973,-0.3182001944572588,1.5545664384763815,0.32895976203426397,-0.652906356800729,-0.5242318262662972,0.7370137638284168,0.9078159109167583,-0.219738384110179,-0.48115617950012046,1.0,False,False,True
-0.3579118080900572,-0.9427240896462779,0.7292249157545352,0.29184127487933126,-0.8042941558044252,-1.3221927850620818,1.2401946281917395,0.4597496549296754,-0.3849517268369099,-1.5427328810298515,1.4451320843899198,0.169385346690696,0.0,False,True,True
0.7612248419813517,-0.12407769813433091,-0.2619803791832598,1.3707612246440402,1.1700450459193494,-1.3705770176648393,-0.6532615507541658,-1.873102203887369,0.48565315107739104,-1.1630623067051764,-0.49973684707654875,-1.531366007486746,1.0,False,True,True
-1.6298648474687676,0.02334635081090478,-0.2735102171665412,0.13122858516931601,0.2946616537273916,0.29581715683191595,-0.17058807021017203,-0.31979766753876127,0.5043076085090104,0.14986882373630592,-0.20261317622264385,0.34680664289059293,1.0,True,False,False
0.07780010557591485,-0.2760888798988006,-0.7880499593895576,-3.3062818092833015,0.38238546640056204,0.4701555301472509,-0.8928508812572052,-0.29365471832764534,0.49465952058651497,0.3073589471386779,-0.047429704756826854,-1.4949340521202625,1.0,False,False,False
1.5719489723063955,-1.2189763305922636,-0.6590497491311899,0.46241326591567233,0.3356319772771143,-0.001734855806909134,-0.7572572541707859,-0.9935028984348576,0.5516623033481319,-0.04303864417889763,0.36115001269534475,-0.7964122993958334,1.0,True,False,False
0.5312649904748387,0.30746481233740647,-0.36833623826177053,1.7195915053225146,1.3782291173570196,-0.22061377203918242,-0.9748527171206118,-1.8763799851051877,0.5986438465677257,-1.4917484763445896,0.3203907795641736,-1.6982844483126298,1.0,True,False,True
1.1857552747660105,0.5838352825497891,-1.6811332927279816,0.6640219448211062,0.5569491475230571,-2.3046292585276276,-0.6454492164448172,-1.699442805054335,0.6082137993071147,-1.2424139009453403,0.0613526785714878,-1.2409021873014794,1.0,True,False,True
0.09883439998318168,0.20715996031807296,1.747877247516531,-0.30967274108706877,-0.7501035395407354,-1.4974219274269847,1.507465899270983,0.967156771924951,-0.9194470629236919,0.7940097995609343,-2.060949719662769,1.798406012887738,0.0,True,False,False
0.3221121841492802,-1.3155360946570502,-1.050046192289863,0.42057748067917367,0.4067324283789272,-0.5567556097491441,-0.5655211054812362,-1.153899147284663,0.8908069895177194,-0.26185092257192694,-0.45663641124970655,-0.6622275234766583,1.0,True,False,True
-0.1643964792053404,0.28573530163263416,-0.12460942267852049,-0.4495474065990228,-0.3045008097415927,0.03753701870754554,-0.014942524744549013,-0.2348701628136703,-2.6401602107737188,-0.6418173646866607,0.1499067146890907,0.19015013523769322,0.0,False,False,True
-0.5423645970788288,-1.6424909298716548,0.9061425635345534,-0.7431827592365073,-0.4738786481068159,0.5559104314109143,0.8329011192574589,1.6332611088221372,-0.6953689320668106,1.0060310838600772,-1.0772080624428766,0.9115512788921345,0.0,True,False,False
-1.7594640152109347,0.037054692273892985,0.8816423008351236,-1.6535594754008682,0.8555730890492229,-0.09487290426112346,0.9486019229700824,0.6464589502645409,-2.9967760954562372,1.2558146226351339,-0.07711029975657936,2.352549210550742,0.0,True,False,False
-1.4825670879900446,-0.4404496046253615,0.4288776935098803,0.8447368410220569,-0.31165319727781593,1.665416430878861,0.5912873400795827,1.0520206466997317,-0.3124204619361373,1.06123039091188,0.8393145290720048,0.5062510610009446,0.0,True,False,True
-1.1784470098785114,-0.3157763968165068,1.3348535439883338,-0.16593831069048953,-1.2093712949090119,-0.8592804669211483,1.5089751993803855,0.5858493817543553,-1.30059817535612,0.21690437779823585,0.11721937664061428,1.401191012268116,0.0,True,False,False
-0.3783072137737847,1.5314077145595297,1.2416428190796749,0.20811889509064274,-0.1501204851044023,-1.1388912561356457,0.8979202581843453,0.6745614689994349,-1.1281973933043543,0.2858334865544136,-1.9575154933881116,0.7113188156222278,0.0,True,False,False
-0.35063375077329295,-0.16519255183750886,0.35293739668247276,0.07676339583719116,-0.5635631891090023,0.3537925203054041,0.3598410873766803,0.6235686990746925,-0.5503384607819124,-0.10152038679140572,-0.11873541184945074,0.31947558861934183,0.0,True,False,True
0.2797870142682248,1.8975282591055258,0.482062105891241,-0.3531046257086253,1.6850412420379641,0.41311726390107567,-1.033474002384306,-0.9198668820340133,1.3191725810010222,-1.595627142265836,-0.251458629617957,-0.8198333207526237,1.0,True,False,False
-0.9753783151632983,0.27951399315741093,1.730044934632442,-2.239005718131646,-0.9977799394947037,-1.3613776636589987,1.5604464640763835,0.6798979207441805,-0.6213021885711727,-0.07548658719821828,0.36523494004014284,2.0633362342916293,0.0,False,False,True
0.47813620363145043,-0.14593690953041077,-0.5765654064476863,-0.7707006881047358,0.3261330002223396,0.005909241891556924,-0.6208585215171615,-0.5543758100402678,1.316198434242909,0.5588545785571502,-1.7216239645018585,-0.2540703712491136,1.0,False,False,False
-0.3986558793056033,-1.7717911001898095,-0.6037692367472772,-0.6474107959990936,1.1037046062757805,1.3168739397911366,-1.108151821425851,-0.38576046781318013,0.5454622481901629,-0.4573887672218712,-2.349446634900824,-0.54436923999128,1.0,False,False,False
-0.37932787395119805,-0.07448663429645044,0.379759698770663,0.9352224534883236,-0.768509941378642,0.8017441032081956,0.5305426562980745,0.7329466159431703,-0.27706124252113806,-0.9659048245366559,-0.06658374514861953,0.4327200420791916,0.0,True,False,True
0.8949256031451543,0.1064302947001638,-0.8167172417571132,-0.27964260934505347,0.611446761793246,0.08055517796387776,-2.105440116282499,-0.7556342597764837,-0.10534354582802045,1.2690384900047238,1.8036282775351289,-0.5600962617918238,1.0,False,True,False
-0.23768832255248756,-0.26794930454178556,-1.1018741764479232,0.6092338943781758,0.896962244814521,-1.8843745645218426,-0.568774566659663,-1.837281325848824,0.4595271724524481,0.05804982356728596,-0.1106283823357653,-0.8429262318757994,1.0,True,False,False
0.5306606279081016,-0.06012067659180963,-0.1511125087333309,0.08465557505147596,0.7000733676070647,-0.39244761719838184,-1.074623513837826,-1.4889933105630009,1.6277190296635156,-0.12248966267233935,-0.721731033289487,-0.5703517553659103,1.0,False,False,True
0.0331342612241124,-0.12180151171139263,0.5674577915062128,-0.3845442513269051,-0.8603524991999776,-1.322158087896408,0.9748876548515812,0.5690166315813086,-1.062873993304774,-1.1668263374313328,0.23075953604555738,0.5335407249183582,0.0,False,True,False
1.3559449292621528,0.916404037704319,0.6321471325378696,0.05501511878006354,1.1250003374699609,0.05962259333113208,-0.6572281805695237,-0.768554701874347,0.893326845269663,-0.4962586995914321,-0.09006368970022155,-0.9323089558118426,1.0,False,True,False
-1.2017317004223669,-0.12088901064948991,1.2380606987610414,-2.4593479658847435,-1.6106853844195463,-1.0559637949970662,1.950864066092883,1.0012152074464173,-0.26865742582396357,0.9666957397724112,1.0211843946435746,2.51823850239927,0.0,True,False,True
0.6331285824576264,1.0833806179913104,-1.906856375004452,-0.2147560120844607,0.8074628807217067,-0.24812849518831567,-1.2733807755525588,-0.8057315031267515,0.5448478684542524,-0.12943418085771605,1.019466377531691,-0.7173629222056007,1.0,True,False,True
-1.1943154388325068,-0.0005722808974211481,0.4483312437623284,1.448093447993474,-0.6125681348873429,-1.188327139174218,0.7536432595983981,0.5691477887628997,-0.8407575012047785,-0.4658281788030243,-0.2509717028044005,0.2372802613702639,0.0,False,False,False
-0.3933560246518997,0.03568814703971746,0.30370652501466283,-0.8688421910219282,-0.004474586068829031,0.07272819213923551,-0.2673875851016216,-0.33239047134752725,0.5681284268732455,1.5623261107315627,-2.0565394972411704,0.759478514576481,1.0,True,False,True
0.13604900623337154,1.1675116174013798,-0.11707646195778279,-0.35706840777438104,0.3882600314384806,0.08544163574762943,-0.5473766551821849,-0.5589004436286602,1.2319182114557807,0.3344986723067093,-0.07168619455897632,-0.3422640097416498,1.0,True,False,False
2.152197807461396,0.5076198137630773,-1.1528781944635382,0.2500064711394809,1.4323185065193955,-1.117919611872356,-1.0350907848756574,-0.9065613429882567,1.8083718944396914,1.0755300126570868,-1.8284504020102004,-1.4856741342091417,1.0,False,True,False
-0.5358844306170378,-0.07684970216401664,0.41468504944911755,0.27533625764947806,-0.2871816705085691,0.1824505185260717,1.0872333028840793,0.9054913604582939,-0.7725677280242933,0.0704026272710047,0.5416251032471505,-0.4492422673837998,0.0,True,False,True
0.6506341240672311,0.8255455206201147,-0.7400055965947246,1.9135521980031636,0.30718280405004333,0.33459832020134855,0.5010720876115983,0.4837406922881035,-2.528145695868012,-0.9677720483936935,-0.1592275105987713,0.3769098759798772,0.0,True,False,False
0.5818996701107542,0.3274207899568541,-0.17177423703911085,-0.16881246785187168,0.7582752538149403,0.08688995904208938,-0.5893567265735553,-0.5420856813114152,0.7926267809980513,0.007569651283313932,-0.4031504195781331,-0.4305427785765616,1.0,False,True,False
0.06189887846107662,-0.21161715112717913,-1.0547347642089655,0.8974542315590804,2.0194280417740087,-0.5043463794102041,-1.3310535105263734,-1.6326712876570875,0.2794329630141907,-1.2508632907376174,-1.0974741584294876,-1.6946236234824443,1.0,True,False,False
0.190099041025167,-0.2144863879241722,-1.6999145891726617,0.5849433631303248,1.021267694751202,1.1739574030396496,-1.4974970074994083,-0.6861173734726371,0.5925976211538189,-1.6509085322493002,0.9546759287667604,-1.356456950370495,1.0,False,False,True
-1.0484429937972852,1.7149051340175892,1.1911265577455497,-1.8565183415137303,-1.737090918719546,-0.24829857579097936,1.4943958880611217,0.7631435609203054,-0.4143959244072246,-0.6560285591434777,1.039419412926956,1.9026422911250584,0.0,False,True,False
-1.1885574877620786,0.18644580484740625,0.5939676719610495,0.9771928808735371,-0.5852658627338672,0.3960777563694767,0.7891431867827268,0.7388491308329369,-1.611914882492621,-0.10077743760181802,0.04601653394885444,0.47976144095617396,0.0,False,True,False
-0.7569093648835771,-1.9580356556309255,0.3341496051799399,0.8646416069782962,-0.5681110712943926,1.6251053485847262,0.3012977315012912,0.5101415256985313,-0.6741448477695484,0.8833332293503229,0.698616513637919,0.7279491797949056,0.0,True,False,True
-0.7175151705185958,0.8176539844857982,0.032135842370343504,-0.10797218037201772,-1.3484677196528956,0.8399192804281596,0.3790242145194091,0.4663191510114114,-0.4501150100105418,-1.0793876657088375,0.03579695547342164,0.8520607896119283,0.0,False,False,True
-0.4999627003148741,0.6307191106062443,1.9993459564679803,-2.4379568527767965,-1.3854536274843792,-0.4178486249602229,1.697829899617828,1.2268338396146028,-0.14598104950085666,0.21628456376081046,-0.20048762671081746,2.425289299280189,0.0,False,False,False
0.07936006730265371,-0.5260651820374622,0.9609420655325212,-0.6383053050898403,-0.5771665659729126,-2.2813373514739537,1.2205624467584613,0.5016147894653911,-2.200072802640881,-0.6020725219020107,-0.7434642462967083,0.8343539552353993,0.0,False,True,False
-0.4314766600538937,-0.4306685811948781,0.9185673235061234,-0.8343086339516,-1.347147555079239,-0.4946251651671923,0.6466385588753735,0.7178330225021241,-2.1842634635711247,0.40754627886901307,0.683485526382779,0.5368661186366381,0.0,False,False,False
-1.7466011943551818,-0.4024058621570283,0.7709300570471296,-0.1713400606813674,-1.459262985786476,-0.10254384260427718,1.3590592895853078,0.6375253025667136,-1.0127523028046164,-0.3762347096459141,-1.6626467724278147,1.4552282605110283,0.0,True,False,True
0.7474097490076013,-2.4160770369882645,0.1710094145504499,0.978581267445482,1.213660589859241,-0.6187784338459844,-0.7178599315312569,-1.7062269039240265,0.40142957046059546,0.1395209484698423,0.8249173442778593,-1.2951886313790133,0.0,True,False,False
-0.15906976259883182,-0.22903440584266588,0.5740667639753324,1.9012532658015373,1.967690917706604,-0.8938497445224544,-0.5827015710104745,-0.8827026753987469,0.5740301602724625,0.07034524370843333,-0.5124925669282374,-1.5710409722356515,0.0,True,False,True
1.5889882617788673,-0.4040779821917051,-0.2785926188818662,-0.05410433098036238,0.5246442711031184,-0.3067842924527167,-0.7075068071974436,-0.766331634542077,0.6491766780000837,0.8924747837669831,0.07049631393410678,-0.6420764244809487,1.0,False,False,False
0.017331203695699814,1.8741423226366922,-1.667449212708719,-0.6372167509867639,0.7305754757331681,0.6332611628326198,-1.6654902895168193,0.12421853607121978,0.5028384194718573,-1.3619760395960747,-0.3312509035428115,-0.6981649637645299,1.0,False,False,True
0.5504682911360025,0.7825616416178199,-0.7631784533412117,-0.35247891626700284,0.7605632632008185,1.4764576291628684,-1.1157358251621923,-0.08954600712230028,1.2430494420585885,0.9423075033563091,-0.7818541853515899,-0.11542731557758193,1.0,False,True,False
1.556012146603693,-0.04654020621553066,0.08125187733809633,2.0394234315381374,-0.19616703021567392,-0.08049301529586714,-0.22834416375591587,-1.314308955842936,1.0718959997052928,-1.3029796112839747,1.0398555679513446,-1.191984812184489,1.0,False,False,True
-1.0284994434294983,0.2093133979172284,1.3335131910172342,-0.5261983681681194,-1.5561860736545723,0.22683692751149284,0.9816434268459971,1.1427296779188507,0.1540169015645827,-0.07399456369620162,-2.2259256729331693,1.3585512782855906,0.0,True,False,True
0.6617224093522656,0.9134001121472517,0.38918395135528416,-0.9271880363305004,-0.7773582988146589,0.1371285541269089,0.1271474006959779,0.37366534587764927,-1.5127631644121562,0.32911034434950404,0.5028704206425474,0.5404777520506509,0.0,True,False,True
1.3033321578965253,-0.48291074377993254,-0.6856592778161343,-1.1421807842369953,-0.3963358325076107,0.808646485406197,-0.9049870347870268,-0.1591132540506971,0.9633627875536123,-0.2497412385422931,0.8897129059385749,-0.17034918056950793,0.0,True,False,False
-0.2519526815668895,-0.46563652053541854,1.1485553672216535,-0.5819920001212614,0.19957752348112834,-0.03427498233190472,0.799024510517213,1.0329174449608587,-0.47113719028977724,0.1820371156183106,-0.6000011016518866,0.583151415985869,0.0,True,False,False
0.924668150477226,-1.0772054771949944,-2.2148449243140376,-0.8339920514024934,0.7769898813426206,-0.11649583268982427,-1.0300492964279293,-0.5466397885600225,1.6552760321606672,0.7653116063530454,1.58369878057282,-0.7301787820432821,1.0,False,False,True
0.5166788013708493,-2.3837033057946324,-1.8880913304648412,-0.8267149633561759,1.449004570501652,1.5399764949540293,-1.8480445086795454,-0.44242067126448414,0.5069204901976311,-1.2110644563364756,0.6881249551182055,-1.1625241729517912,1.0,True,False,False
-0.6443727284284105,-1.4524469312522523,1.0801154600106422,-0.4548259489367099,-0.43892177163225743,-0.5608084252559394,0.7987912433128256,1.2027691373636904,-1.0930542309529332,0.21117448949601916,0.5122755827313389,0.9031806866124489,0.0,True,False,True
0.7455916710392925,0.6128624965008818,-1.268215768033846,0.20311444205932402,0.7878776918353896,-0.44504439713240723,-0.9364303999851983,-1.2571325243260432,0.5822545994276151,-0.6154164989355125,0.26173220077439385,-1.046388660084768,1.0,False,True,True
0.24857951285527544,0.16116250672199664,-0.7169666686703099,1.0012209997562143,1.1675531017734222,0.6406454341671556,-0.8399861391578737,-1.1738096454945903,-0.2586105888519801,-0.2427204058423585,-2.136770798404164,-0.4239452723552605,0.0,False,True,False
-0.903603043431026,-0.4754738474171612,0.3543435076546393,0.49768156371025957,-0.5617925827721769,1.8844917189317778,0.27319294251963727,0.9100604464080574,-1.3073133229089755,0.6348612711290301,-0.7488582679318109,0.3317604200886981,0.0,True,False,True
-0.9291562995397399,0.10326637003472643,0.5130462581491744,-0.0601855682542936,-0.8517829158040227,0.9992495129273781,0.6262612855315611,0.3916134811118118,-1.3001481747611658,-0.012172069575091309,0.1895728835827693,0.8453720203910969,0.0,True,False,False
-0.4219175382602121,-0.4232680064884757,0.44354988042555377,-0.02481493709910737,-1.0490059206126559,-0.6173016059044516,0.6121353513281113,1.1904057604956784,-0.7819192103879181,-0.5538686966826096,-0.1491663761181752,0.6650865109572929,0.0,False,False,False
0.41201685697421414,-0.4355957966324876,-2.5062088842880237,-0.5256883793836316,-0.05224738518220537,1.0865232121848367,-1.1111874480927668,0.6535091599057866,0.5790316185361356,2.2030746490736544,1.1271156444741774,0.5864767777368919,1.0,False,True,True
-0.777081592881385,1.478647763153537,0.9839809606418297,-0.1082978803667807,-1.3416117063164137,-1.7525629310744095,1.8522503649563653,0.9804429202505294,-0.669318677698512,0.7275167126472369,2.054787844311466,0.7719393913703643,0.0,True,False,False
0.42243503486320166,0.5242429834635398,-2.325102330268281,0.2511828708709923,-0.05185972209718943,-0.39645221431550537,-1.0263672849126388,-0.31794058229611377,0.2225175199581142,-0.916505933526851,-1.1846584476936644,-0.9772324999285827,1.0,False,True,True
-0.09273449043883211,-0.7013392495064543,-1.7056534717095782,-2.0209280269328507,-0.3124042245337532,0.48759582681860614,-0.5799024384421307,0.1506079832149197,0.5706316480150054,0.1834519310975334,1.0568901397537018,0.8483041877184218,1.0,False,True,False
0.02239039930372743,0.0557237614371067,-0.7360555129457051,1.9082375367068425,1.5495687940487697,-0.5387398049280605,-0.6291199818909805,-2.671758507754399,0.7656223552519108,-0.1540310576950056,-2.2374645373760305,-1.5998745051340189,1.0,True,False,False
1.2743816256126643,-0.19138884073072407,-1.7740977047979956,1.050119231742308,0.9709710220929951,-1.9300971090205508,-0.7749581552155798,-1.7223575009839402,-0.09653649654660784,-0.02597982016130756,-0.20943548819254906,-0.9705215689572613,1.0,False,False,False
-1.168914908613755,0.25670611407486343,0.6804341469070188,0.34633891003249956,-0.6507165938954069,0.013004122434951651,0.9766918223860239,0.22416624497313684,-0.49030836671948824,0.1251494017790066,-0.3592121757961826,0.7858096476540188,0.0,True,False,False
0.5125686430267682,0.12316748532734563,0.36873219056447437,0.1807786395044492,1.51312892216763,0.2136110069186218,-0.903452776516218,-1.0379456220250822,1.2858223074983477,-0.05153005722199696,-0.204905419673003,-0.9501112716170699,1.0,False,False,True
0.6269463790632699,0.12017469664810812,0.07241565592187696,1.8218342893315664,1.4588703529584903,-1.6774019481144478,-0.5046239043766035,-2.2677847705361565,0.6610143964220871,-1.2517464121390387,-1.6552329712630802,-1.6732688455193763,1.0,False,False,True
-0.22146511940097835,1.3842188716711346,1.016413395937413,-1.026877655979339,-0.8617207211049066,-0.09097614051618735,0.9565858856502709,0.9333916393469889,-0.7305172218674308,0.21305914926632338,3.5910977407024403,0.6923626118760601,0.0,True,False,False
-0.953195776378718,1.1209196550291773,0.765829315966885,-0.7450628336423564,-0.6605672881740952,1.1256015045642287,0.6615899222514717,1.3434221161335396,-0.6125758240643405,0.8871290676652351,-0.0056704049061115785,1.1241002611893998,0.0,False,True,True
1.2999627482790301,-0.4579933571496453,-0.8461838304907425,-1.164446517800287,1.437638679682107,0.14587796566263816,-1.3106547833903475,-0.40368235354888643,1.8774910441559158,1.5354708358069693,-1.8037677339153746,-0.7055998604185556,1.0,False,False,True
1.5687456764848562,2.324931323170084,-0.7900159511270203,-0.6746443956269887,0.7594487419031808,-0.17881404965509695,-0.8157079717910549,-0.7074374046157709,1.3655152665453492,0.029477304915859665,0.3340993647567697,-0.5711875990101208,1.0,False,True,True
0.0664947640055609,-0.5721041562706156,0.521801197737205,0.8074835581069993,1.0212565395604172,-1.687495927472582,-0.585114167833544,-1.1805773180635497,0.4777500422334869,-0.013356057102834776,-1.8263627943497152,-0.5321546710753065,1.0,True,False,False
-0.4420661992534406,0.07070825464890233,0.6780747616162611,-0.13138555415677894,-0.8307292933508436,-0.16991117080784213,0.7661488364143864,0.5937613249827877,-1.3840227806305068,0.3425909649221799,-0.8253553736927016,0.4658642299537077,0.0,False,False,True
0.19715013364690076,0.21834639175513434,-0.13171940766562218,0.18118087984448045,-1.258340745321373,0.06413853091805855,0.6338151830337534,0.08565166600948346,-1.2653513792179356,0.07558662121537121,-1.9397002168451971,0.3967907267831843,0.0,False,True,True
0.8963507600236149,2.65038971655449,-0.7977473142566247,0.14680680855585765,0.5303677912749417,-0.4069083700581142,-0.6027163041435941,-1.3871507596573562,0.8777068851778044,-0.1546662507788022,-0.9845176891200608,-0.7416274648747662,1.0,False,True,True
-1.3174587418252817,1.597218230405815,0.8056052535676429,1.3241966393705442,-0.2017777286032619,1.5777761897920521,1.0185198078879696,1.2940100266033123,0.060871221982707,1.8439043201580851,-1.137513328456355,0.4290309857015564,0.0,False,False,True
0.7712670636286044,0.299888557367354,-0.4293016413860088,0.7743120405616815,1.0595364127605065,-1.0780458742881416,-0.5956486957704304,-1.6076717748966254,1.0482998770250733,0.07923101135155089,-1.5066033503729157,-1.059303507057804,1.0,False,True,False
-0.5975838717422693,-1.8452094998596964,0.2960590880551925,1.4163532009362787,-0.5203913574000669,1.6810424988208843,0.4937374472998186,1.5527769984042707,0.012758641440861956,-0.1012517212517848,-0.14089921650314224,-0.29613426555589734,0.0,True,False,False
-0.44634816187275256,-0.019172441657318292,0.37323462379489,0.07865271905028297,-0.37986647038230587,-0.057535237483213736,0.3559921108498979,0.462907472487462,-0.48627810464944277,-0.018621579114598337,-0.10428728641078051,0.3324096967179963,0.0,False,True,False
0.5855551699408308,-0.34083906645598877,-1.8107218451927012,1.8681919327446515,1.6937323255455685,-0.8337589029784709,-1.3336183627785587,-1.8551600905164072,0.9439674577545869,-1.012587256862775,-1.3903878864250578,-2.173791844767665,1.0,False,False,False
1.9566646245795065,0.27414621129663497,-1.5338126541125692,-0.6890024356457635,0.9404239375262483,-0.7744774197211302,-1.032484472148858,-0.6312421173765845,1.149039875470913,1.5127113094359015,1.1788715461339108,-0.7917308151296246,1.0,True,False,False
-0.5943116298941273,0.528995241263225,0.8959411255553714,0.1845994430459493,-0.6379497543373485,0.11477373303040857,0.8041649169900322,0.4385605372246934,-0.7824819536329782,0.06704168679928339,1.447708897104215,0.973256388366049,0.0,True,False,False
0.26280574486121594,-0.011943383553974143,-1.3748407903622868,0.7870644537445228,1.3294108499478317,1.559337098595023,-1.6605551635455618,-0.585526624864537,1.2650387523715563,-2.1346316207446803,0.3203915656643379,-1.6995872208059235,1.0,False,True,True
0.6630134472126684,-1.008009192351104,-0.6836203242279072,0.5204044001759784,0.7794703334518713,-1.9796709154103878,-0.3465264813063335,-1.3875568453540639,0.23199719335198857,0.12472286817931019,2.388135891944297,-0.6921275678614738,1.0,True,False,True
-0.8642652147836591,0.07783431182952781,0.642321967261989,-0.5771786537648195,-1.4243368534064025,0.48071543475112527,0.6539436328137352,-0.08438726251735887,-0.7525310475477585,-0.7241509405764258,-1.2716743907410584,1.371638045580357,0.0,False,False,False
-1.8335125820287999,-2.1631525004523313,0.4237815513389413,0.03948968463404436,-1.7433444232816442,0.5587289983034155,0.8647613298056445,0.3468885598182333,-0.7456283514643354,-1.1978360270333208,0.5663323794384527,1.241969368598763,0.0,False,True,True
-0.34737526809937,1.3710762275111044,-0.6444156169752688,-0.06421898384349413,0.18149431549310616,1.3948688292767846,-0.7751150068324202,-0.04474405368513993,0.17299170480437018,-1.852581334904754,-1.300536128623321,0.19154024878361225,1.0,False,False,False
-1.1734570767436174,0.475666939199476,1.7684089383624382,-1.7022400055869635,-1.025078504061019,-0.4387420308800661,1.4776436801417399,0.9346182725197502,0.003287567229309141,0.2352827874251253,-1.2655950744291151,1.764177813749586,0.0,True,False,False
-0.13976308896443698,0.5366560729688163,2.26267273280805,-2.598636587079073,-0.6170178385234037,-0.20410954309819204,0.708811482071471,0.856359757589241,-0.10403358301435305,2.8631707762325487,-0.47811312393909433,0.8455049043030175,0.0,False,True,False
-0.2534635220651349,0.8851156051908211,0.8284669351684557,-1.1635262655552228,-1.407548278625427,-0.24719739251776918,0.8205907102845307,0.6383223241169271,-0.4519156517363787,-0.03233460459347553,-0.13981981206383215,1.2775568719284385,0.0,False,False,True
0.4675367864173749,0.8394241094884091,-0.6022485750095323,-1.3851146040106959,0.8473118640316846,1.1375757652081835,-0.9428157903660953,-0.06577344617408226,1.4821340082677699,1.7345703569131508,1.1951871097266038,0.03153086675756599,1.0,False,True,False
-1.4761067823988174,-1.5020582221907828,-0.1779307244884157,2.5562052159125783,-0.7924845347908102,0.7112228813721178,0.5510400819751833,0.26164355532943623,-1.149702111260958,-1.6024215527417272,-1.4360391231435485,-0.34768391449385855,0.0,False,False,False
-0.565354610161432,0.7172023386615063,1.8553034494625402,-1.6831914445998255,-1.1881249799655276,-1.2838595686986394,1.6420666271718332,0.761436811859102,-0.8436447651147116,0.07483628710139104,0.11068671133184162,1.8818216168855204,0.0,False,False,False
-1.048110986796683,-0.7959197244250356,1.201118308380423,0.3404045436700922,-0.7149638336488794,-0.33352374343477126,1.25599759673231,0.8333706559967395,-0.6137262793105148,0.018092173838332715,-0.18590769831631632,0.691285935602783,0.0,True,False,False
-0.3426636554960381,-1.356070060629301,0.9412054148456358,-1.9172530892697468,-0.1293601856816319,0.7461431216586012,0.5387654485371293,1.8530065039354349,0.03735046569891259,0.17639992227442627,0.9112231931790359,0.9957908559028592,0.0,False,False,False
-0.5491302186329833,0.7307190451931663,1.4263187038743685,0.319711218661934,-1.2076269375095046,0.35864420183685103,0.8560283950757621,1.36395869187286,-0.4405392011606684,0.19523814774500667,-0.9080609398868067,0.5926811334425236,0.0,True,False,True
1.9964649288058178,-1.225492859000648,-1.5672332489029606,1.5424904732456026,1.0507530769445395,-2.2267811029326174,-1.0263599027557049,-2.057992136057176,0.4653624434908689,0.2210715839805484,1.5940822112880373,-2.247146970741689,0.0,True,False,False
-1.7147125148194595,-1.1522261680902939,-0.07963404413734937,1.863780955055614,-0.6998208665870282,0.5895363756076699,0.6203308434449816,1.5151374457402487,-0.4963474423778776,-0.3044425588118015,1.7673281442177222,-0.05579562834475919,0.0,False,False,True
-0.9588104536852182,0.2027946558074008,1.880972219198308,-0.5711623115763004,-0.9682675867379471,0.17054215406936135,1.635845220304234,1.930869826333025,0.6431742421696965,1.669089875269555,0.37064981309405204,1.7103509618843007,0.0,False,True,False
0.2569701718798552,0.26645205722853627,-0.7828227186714984,-0.09486074060103125,0.6347906736759,0.2797077566191657,-0.9175974550553105,-0.46103833061170474,0.5914347082020898,0.2749359655037422,-0.13495021743371527,-0.32777817201608345,1.0,True,False,False
-1.0797021341616935,-0.3498515042742504,0.5766315467321086,1.3702267477369865,-0.38109927163265367,0.46667196382275217,1.1518721095167646,1.58221850276438,-0.5212251033380356,-0.4877602536010574,0.4654238579354798,-0.39724404142058073,0.0,False,False,True
1.0099149141086612,1.0988629286621097,-1.7217032545091435,0.015005439127015038,0.004915673308952542,0.06991554662710268,-0.6441899736236176,-0.5854677336937814,0.8564448751332758,0.5805270488869905,0.10013799702496265,-0.4831752346211985,1.0,False,True,False
0.1112493278813248,-0.13123133621193117,0.19700218180767154,0.6957803811706222,-0.39804341854728276,0.6524201876324042,0.1379083066219006,1.0065354071246355,-2.0731438534293862,1.0553608548697162,0.7349262492044734,0.09934309689620589,0.0,True,False,True
0.6066437297574049,-0.8700842876211982,-1.8124210504164602,-0.9881825382895787,0.3641165587803734,-0.0770200173789214,-0.963929090288611,-0.0733545687898436,0.3359660760513443,-1.26493396788876,-0.06057189104619738,-0.5492779586921195,1.0,True,False,True
0.4256357391449918,0.1313504047114196,0.10731468723826285,-0.9413600115510389,-1.0110150846119466,-0.8822127227913519,0.32473713706044144,-0.06525588671508983,-2.570521032629085,-0.6573272729716451,-0.4177189154997386,0.6816388050613643,0.0,False,False,True
0.619861221726914,0.08027078657328154,-0.3843192488939992,-1.4953012148820732,0.6366625419103182,-0.163511777903161,-1.2895819140753624,-0.16130651199547683,0.5144443419935211,-0.06757070824840489,-1.0446290421053752,-0.43475818468984,0.0,False,False,True
-0.2373576368778959,-0.6290001346276012,0.20492274092699098,-0.5957929196775373,0.612222568384671,0.24436123905286294,-0.5710453323307378,-0.5515576664296186,-0.060774299918064476,0.056483603045521455,-2.159643695505271,0.006320155836090092,0.0,True,False,False
-0.8494318055202996,-0.4850811653672565,0.7010394189231037,0.22032728254445166,-1.26117782450879,0.07841678377741959,0.9766055054925753,0.6106477160111519,-1.2102808248889099,-0.5317910399980901,-0.13990850040057323,0.9463710629649346,0.0,True,False,False
1.1521579825430868,-0.04999347049108353,-0.39918895264682314,-0.03736942089198335,1.263021747960841,-0.17565476138560393,-0.9924646718629104,-0.8315761241203151,1.144327060809682,-0.4952362496671013,-0.9765423534570662,-0.8872699958833985,0.0,False,False,True
-0.01123580236772209,0.04580187621254441,0.3861195354641344,-0.2472923471260221,-1.1385876408520168,-0.7740059637619888,0.9796370709456867,0.5613855220046251,-0.7921989054516342,-1.1682169868159455,-0.5301099547129864,0.6346167651144788,0.0,True,False,False
