CellSize,CellShape,NucleusDensity,ChromatinTexture,CytoplasmSize,CellAdhesion,MitosisRate,NuclearMembrane,GrowthFactor,OxygenSaturation,Vascularization,InflammationMarkers,Diagnosis,CellType_Epthlial,CellType_Mesnchymal,GeneticMutation_Presnt
-1.3254060955453562,0.3699054368708828,0.42815369668169023,0.2838912867680103,-0.4932336220530246,0.825502971183224,0.8078944795121283,1.3264594663963252,-0.03306955010230814,-0.43691614925578526,0.1368818073302311,0.24850652651632005,0.0,False,False,True
1.345123349087162,-0.3707718214742095,-0.4657086112515837,-0.30922189904574215,0.5491499262817758,0.5411818932509362,-1.0896628916490163,-0.9016176169493518,0.9296254181352623,-0.2666780272611118,-0.8985698568657471,-0.6396900760619624,0.0,False,False,True
2.5499723433396,-0.9439966554617174,-0.7516910871607547,1.3200699452316396,0.7470740062804445,-0.6904675837615232,-0.9061294763559763,-1.675986774133006,0.9502192053411617,-0.45978170855253125,0.028923320987383993,-1.7291080523874431,0.0,False,False,True
0.4072109803757002,-0.6419346482113809,-1.234429337804961,-0.6842786626082739,0.5174795163542703,1.9307987218338343,-1.3023790382485056,0.04023387325583331,0.8246706390138672,0.8817026165616485,-0.429141895137928,-0.4019144066868808,1.0,True,False,True
0.025487611333929305,-1.0704821217241418,0.7714857137727584,-0.2763165653781206,-0.4192721298926255,0.38449623427858426,0.5769371497865193,1.531912635360824,-0.4671477755596457,1.7079168266833427,1.0682301164327508,0.5106873614062791,0.0,True,False,False
1.335549508258513,-2.504408796620744,-1.0063158320328636,1.2578995494031162,2.1151597968122826,-0.14440140766536846,-1.3932469185123721,-1.890513895314127,1.440318265970172,-0.4300817778077454,-0.2710270276664348,-2.0254930612599304,1.0,False,True,True
-1.7930172939877804,0.6823948848826449,1.5415375403598426,-0.8612292480958369,-1.2747919431917734,-0.13809470178423822,1.355744602371241,0.47793779443872425,0.9340290053360618,0.6574199825695246,0.48548083847424117,1.5876797269029892,0.0,True,False,True
-0.8034065002604354,0.8644466007119102,-0.00681468584952284,2.2122519550800623,0.4168479004015203,2.844103904186858,-0.44328952348759165,0.578426927938339,-0.783097127638236,1.7970123244729974,-1.0033033978467756,-0.408187248147176,0.0,True,False,True
-0.4874233590277066,-0.30191965460905706,0.37602740325580264,-0.6053753804870285,-0.03299059395256599,1.4213294519391042,0.41254129259729716,0.5774809422814245,-0.8302953394548744,1.2641139411296982,0.013103661301034334,0.28143485725602013,0.0,False,False,False
-0.10784472632076808,0.1474118657702499,0.8339502421907546,0.12474147804678179,0.2592500540694567,0.24242545301211152,0.6030089107536214,0.47793529719133027,-0.35924702155022115,1.4106992937991267,0.6629950426036056,0.02939838659193237,0.0,False,False,False
0.49902782171484333,0.19155930413318487,0.1371365732794506,0.38744604414253364,-0.35916711025379155,0.11500856341234453,0.16821113174531005,0.35142064465736883,-1.1204554000204678,0.31643086416388344,-0.7081377098422507,0.156450179073306,0.0,True,False,False
-0.6192361757085902,-0.7966523039238899,0.03552847594757155,-0.2197821814895544,-1.7140487692272877,0.53153962302835,0.7244957598156845,0.282370410298997,-0.2400430457221847,-1.7140288725555637,-1.2118815756009396,0.8388292876389871,0.0,False,False,True
-0.9132939619645495,-0.10577133372626868,1.3803773446586898,-0.2736676880807701,-0.16930911399555154,-1.4400607382392647,1.516777773815205,2.1009788547961357,-0.5031922137983746,2.3170924446752763,-1.5908587433576324,-0.11322749430909455,0.0,False,False,False
0.49444664121171206,-0.30793745373196013,0.22567193538062452,-0.6923132195854198,-0.4800100518490761,-1.083007319146399,0.3939778390126075,-0.3981797597876165,-0.9802138811840362,-2.6814356692419214,0.0528376412097051,0.4259016396816707,0.0,True,False,True
0.5585450948936979,-1.421005511945846,0.8789158216586084,-0.07066082315623033,0.36500808635038706,-0.3035550890354336,0.4908427052988607,0.743130880831373,-0.3891795795727024,2.1623461696478112,0.7490744442511499,0.9014168739164676,0.0,False,False,True
-0.4725019591070981,-0.2434473363163454,2.026732748468381,-0.4586953789827721,-0.9003117079811771,-0.056024933991214304,0.9008845314662031,0.9309917296761465,-0.17095385057084286,0.3640000390059428,0.9943440721610957,1.1581357420786236,0.0,False,False,False
0.2932755223254064,-2.169820503147718,-2.1576528417719727,-1.5094203781247633,0.03307857050324667,1.622794120687377,-1.4269546429351465,-0.36038782661649754,0.6423381514567557,-0.3724530583448613,0.025474078679186517,0.14735771030555694,1.0,True,False,True
-0.46766661825810923,1.0230736055381062,0.38769606019751673,0.4604307279959565,-1.2385037861263142,0.0020910402868950266,0.3698144966821975,0.24129825659780593,-0.25674509812098023,-0.736692767637196,-2.080399017303838,0.5881387605511359,0.0,False,False,True
-0.3613360795312805,1.485724774922832,0.07062312081264337,-0.06151945102244857,-0.3754994800593279,0.047606373829708025,0.4358354268830552,0.25378554097589884,-0.4234364491514891,1.198916840493823,-0.07404363983533728,1.0028339524046361,0.0,False,False,True
-0.49654260606524037,2.5432171738616396,-0.8027435661631289,1.440565891874931,0.08972757440962406,0.353535117468761,0.4942262894327581,0.7428221844319038,-1.933917825781112,0.4140747698711027,0.09998914217058885,-0.2911150255517848,0.0,False,True,False
0.8327852621269489,0.7864940902229246,-0.9480531525692142,-0.8438093999415195,0.19843701150037024,0.550100745857365,-0.6859737895730508,-0.42419673527711826,1.269679781453264,2.3149239413261276,0.3943207129863795,-0.4510628871429279,1.0,True,False,False
-0.7499884064091309,0.4797232771096227,1.0735841723773012,0.038613815095293005,-0.20436780673446237,-0.12795431738707375,1.0366159005289814,0.7259504488227679,0.24945189949354285,0.6857199808742003,-0.1183222738385075,0.3989315318058008,0.0,True,False,True
-0.9075438075997453,1.1479455963766827,2.3042793701831576,-2.858730863739474,-1.0073376053062608,-1.225736981912398,1.728054156108665,0.7080816686239277,1.2765527175322884,1.3170674298040517,-0.09535726496813438,1.3408521180004804,0.0,True,False,True
1.2181243704209919,0.15234122189528929,-0.40489887899167953,0.3141660380299946,0.918300878849592,-2.017560756618365,-0.5060994969474236,-1.8944895188768769,1.3434922670240819,1.1511640921052442,0.6504677755574787,-0.9813323775512626,0.0,False,True,False
-1.1875531347699662,-1.1890997188362578,0.8665500125728606,0.18038393149870663,-0.5482569188061248,0.05130276814556626,0.8450295620677478,0.8963404838410146,-0.29662623809289773,-0.01889527817012846,0.5665371380463925,0.047190741940545934,0.0,False,False,True
0.5930217656756581,-1.2202443585611873,-0.8026325541608187,0.9698628387136679,-0.13904112713292033,0.4067569357241058,-0.3648049318916338,0.340420140275873,-0.39866650597818565,-0.6243269029150118,0.2196781317776132,-0.42805474860951903,0.0,False,False,True
-0.47942364625871,2.51373346240202,0.7851546412227894,-0.3322142962154492,-0.8364683467609991,-2.310118088104479,1.2443247150897714,0.32827774367286655,-1.5374507152109163,-0.3956111901260338,0.9364172319850526,0.639402843433391,0.0,False,True,True
0.591694154803937,-0.07897258341031758,-0.6748676802395075,-0.618251087877232,0.16704911054636096,0.06238591359741756,-0.44878013720432147,-0.7170513784500309,1.2230062939626407,1.8352739578131552,-0.18080606003070335,-0.28091554629616416,1.0,False,False,False
-0.28299592594662304,-0.10501645635909516,0.09221947344864795,1.9336887710096615,-1.4924573415071944,-0.0046828186192385945,0.33302537546291383,0.08613890316301119,-0.29139604256957713,-2.1490343414942714,-0.12187344837507312,0.4007236887135086,0.0,False,False,False
-0.1538546091745643,-0.37426324557711116,0.6363937292828037,-0.8462476974380819,-1.133336641251306,-0.5331899645227121,0.26940764313194887,0.3441894832144497,-1.8471151702737225,0.4011631306473911,0.6655206125905582,0.4936794886876222,0.0,False,False,False
0.957920676368073,-0.8096120664052348,-2.237946268500097,-1.0008438065541168,0.7099395092175776,-0.10613285114645477,-1.35076356578965,-0.44704106921035097,0.6849754200577587,-1.304626555184952,-0.19639078687823222,-0.8545663062253835,1.0,True,False,True
2.2960579706925976,0.140357337383265,-0.41353526419669073,0.8357371527361982,0.26593178745975354,-1.4475947140934353,-0.9104378166130661,-1.5414740951064785,0.5110113302263384,2.015626586938653,-1.098545029038069,-1.155919164059695,1.0,True,False,True
-0.3971199827553813,-1.3513465291655196,0.5582590602502308,1.081959900279199,-0.39976755155600385,-0.24659903369242953,0.6617469294038929,0.20820846033321486,-0.42451314218877273,-0.385263140501547,-0.3166686024342027,-0.04079763394609304,0.0,False,True,False
1.1841148670017962,0.11255180764189247,-2.04048053473672,-0.4212209212294215,-0.2631934113872343,1.071472451512138,-1.0691573642370658,0.6411935018772283,0.7877495954551507,1.6100240639274062,0.1448843011872157,0.574024755371794,1.0,True,False,False
-0.7555659578835942,0.23946619013687212,1.6177247823144951,-0.6029916843869892,-1.1523972919764265,-1.1139914821830081,0.8697208560480477,0.988271106446937,-0.2713257542545703,0.6247492507518531,-0.08962021751257769,1.6724773572717195,0.0,False,True,False
-0.23756262938818598,0.013480157616757272,0.4215779176844006,-0.6498859264335072,-0.2752571804551846,0.07974816119985007,0.4675996842949247,2.906788660373048,-0.5258468131243711,0.2658043024164037,0.10401945920911962,0.34767190996840147,0.0,True,False,False
-0.34485665579448893,1.517779602776408,0.4632295876403539,-0.693373522787536,-0.5310641623951923,-0.7369495174052784,0.6906407668372359,0.4784090620494988,-1.0689848910137965,0.1298178114189196,1.0663743555142375,0.3165182159306404,0.0,True,False,True
-0.7819878549953965,1.751452729653252,0.9232598017348829,-1.8732551303725096,-1.553361403303179,-0.37123544943393016,1.1831839500876074,0.45214392238775936,-0.2265786505791609,-0.6835940689126879,1.011916143839816,1.6871602600851707,0.0,False,True,False
2.3712971947342636,-1.1802535174310844,-1.3394293803992678,-0.26641748496623774,0.7857577215845167,-0.3516197025623841,-1.2602526207538602,-0.9534564691609385,1.6260864006359128,2.0063683955106666,0.07592405241768233,-0.9870723770058909,1.0,False,False,True
-0.9305650878162662,0.5245388376246047,0.6578784884270908,-0.9290562656832207,-0.5554863914960281,-0.4246266626371618,0.952165327529294,0.9163660565058762,-0.25827236453786223,0.07308270636175249,-0.21122320645983006,1.0259390488557425,0.0,True,False,False
1.6013183876499617,-0.4013351249326462,-1.2209905336831268,-1.177935078312653,1.8662763402377334,0.4067437961924863,-1.708155170424346,-0.8241141173411644,2.233755324876799,1.5515516505426794,-1.7550789622844025,-1.0166137996313767,1.0,False,False,True
-0.31431989226297186,-0.12777431139347595,1.6469431561263852,-0.4725889907071883,-0.2780566992748608,0.3642444780036528,1.029988559079334,1.0379897071914719,0.4119950809109378,2.0328113207778102,-1.545268513191905,0.6470909947653357,0.0,False,False,True
-0.38366945961417115,0.3204681417119087,1.0647227516550408,0.3290714393538953,-0.39480996559323417,-0.3477360952138522,0.8996382478324458,0.4750541160572421,-0.26499563231123247,-0.2323861874703009,0.11849846702257837,0.3228316439850243,0.0,True,False,False
-1.9443921547152556,0.14166440062678504,1.056960224325732,0.210822576399602,-1.0853364893776096,-0.32276605946297265,1.6468376578598685,1.1238794548077005,0.7608149151484072,0.3873984821627433,0.6470859796874474,0.4352491490098658,0.0,True,False,True
1.1068698691947163,0.061019410041737644,-1.6236451186635785,-0.006696074789391265,2.5562164594510186,1.000831232254728,-2.2815864697396986,-0.8998467341213855,1.2273056578390729,-0.7580362038147961,-2.128073553381063,-1.9085086888597063,1.0,False,False,True
0.14019626802576937,0.5841086136653615,2.0510522375662967,-2.618856496387261,-0.4058353091100679,-0.2360988879194184,0.8388679748970476,0.8554265911076656,-0.04762102022164426,2.905694318982924,-0.46494938981177103,0.790753249381515,0.0,False,True,False
1.4827456139211415,-0.34747146539328444,0.03595491843890367,-0.24882619166749562,1.4649904046548936,0.7426444656411426,-1.2267538235419992,-1.0658548030183568,2.1765204345637237,-0.20210311708381107,0.9749678693477608,-1.1694400577702573,1.0,False,True,True
-0.22649899767945433,0.13746381157226978,0.26840974458361433,0.868148021685387,-0.15660558455147836,-0.646058497909096,1.0587068836711129,1.3175313590401552,-0.5160024110660528,-0.47975782906193465,-1.2475295019591317,-0.0914564253175227,0.0,False,False,False
-1.130387851687468,-0.4130028668864337,-2.313099462650255,-1.3789440341289836,1.02270364474175,1.8947203333466416,-1.6172780188309857,-0.27377403681922424,0.3622214286101587,0.4406795457553028,-0.5383233372788983,0.1424336947546087,1.0,False,False,True
-0.3624458261877053,0.4644463092419678,0.583401291660336,-2.138953711266314,-1.0183479726803457,-0.29281738029549664,0.8694467014776902,0.7961528567362756,-0.20467109513971207,0.006819559607564092,-0.4797112179422099,1.5145330875250902,0.0,False,True,True
-1.1604704061028326,-0.1294721961020326,-0.5305111047015438,0.5864502123478256,1.4573586668520369,-0.0931827495766642,-1.3735910751267555,-2.0100067928893095,1.0603023597366275,-0.11534547207998651,-1.1166261543580769,-1.571806595200643,1.0,False,False,False
-0.32299922787184643,0.273111833104057,0.12730882844393443,-1.1694908957536168,-0.45007008734802584,0.7259421899307126,0.4281729009795206,0.25205364515655376,-0.36856259369232786,0.1679046880934108,0.2650522419569817,0.8609388150615596,0.0,False,False,False
-0.149759611383652,-0.7819168073846609,0.5501380579613859,0.06765667837811444,-0.7513910030932296,-1.1532636233582914,1.1365597811279715,0.8725407667205662,-0.928379418661126,-0.07484780522777999,0.9526973436977996,0.45075690014650915,0.0,True,False,False
1.5022169823667053,0.03654119640822431,-0.5110600504033651,0.5109233121987392,0.426937024284396,0.010905639499187787,-1.6481705684083943,-1.3032471619853339,1.0184718573132903,-0.19081579045169095,1.6951933366576726,-1.4526987828980598,1.0,False,False,False
-0.9042501461749763,0.3067496510407519,0.46001610447861413,0.3399411974406618,-0.3831809108754916,-0.014071128519928687,0.6495543678597923,-0.1272241551947419,-0.14518774908151952,0.11314198290276042,-0.34923476230638334,0.5294214632197974,0.0,False,False,False
-0.2528838646121596,-1.7138516442224077,1.1157989151258036,-1.6142737998189782,-1.5166469710071713,0.19053389736450896,1.0710068130451158,0.251615806840957,0.1898389608507962,0.3902912954523703,0.4176062843253415,1.8766217414364934,0.0,False,False,True
-1.0806339350398033,1.2472702457823226,0.24557739461004435,0.1750648821601098,-0.9657654929099255,1.2659496222324957,0.2884777933074189,0.8290501442672602,-0.2573130954763345,-1.274665580227676,0.5396390467290983,0.08896019047908958,0.0,False,False,False
-0.4085343606014403,1.7932618296187053,0.50639578064395,0.12651894692046747,-0.38638795255141384,-1.438961799574399,1.4332893467463999,0.6872271725786513,-0.5940765939568431,0.8280348562773475,1.8103778606028658,0.4573275611035749,0.0,False,True,False
-1.3236085555309074,0.3252802920407144,0.11407938443718454,0.27170090777201084,-2.0103970081641616,1.9187060247543595,0.32497040612607275,0.007848920421059283,0.8323947994208704,-1.5378143323429116,1.12054750667793,1.3690072117023664,0.0,True,False,True
-0.8520731733421884,0.20171007404597568,0.21271378430942234,-0.24517057360757516,2.0511857028332154,1.996832699310743,-1.4181810139528381,-0.8345849188511009,0.8075925051614424,-0.19841214282963163,-0.8038879141409148,-0.49874528573037674,1.0,False,True,False
-1.1329693470665734,-0.38815327110152875,1.1111632896117845,-0.9925816966209129,-0.3063564057261353,0.16264782433495417,0.8891951728841065,0.9027313085343261,-0.058140401877595865,1.9163010507932066,-0.11625881345984472,1.285892246848766,0.0,False,False,False
1.107090152407901,1.103771677354631,0.16058615422981964,-0.03871947041935237,-0.09615009723898592,-1.2698211585630643,0.13743499242042675,0.7119191490803674,-2.3541807480845174,-0.5750743072486353,-0.7907510993586272,-0.1536337082827647,0.0,False,True,True
-1.6204637050298767,-0.2363011164704599,0.7389745279550278,0.6617103270420975,-0.5134128783435132,0.8521215208110816,0.48064517896261005,0.3420596932562821,-0.3013245682571248,0.015016013021003808,0.1303706660038888,0.7121073279996988,0.0,True,False,True
-0.8180008838057513,-0.598457239534824,0.9105572971923394,-0.15108896503504393,-0.7044852378064246,-0.05473604787335079,0.8032715728757956,-0.12051558753541224,-0.2573739704973297,-0.10210290962542212,0.8742841251141081,0.7072322070397126,0.0,False,True,False
0.14751236855587244,0.0031978978420963314,0.34562532459300016,0.2485018334633856,0.38648947182455967,1.310813565808332,-0.1389578018440851,0.8754727048334701,-0.1672689471604473,1.2001621226643768,-0.9017198073511667,-0.04031186411376344,0.0,False,False,False
1.2117141064846664,-0.02288906961426679,-0.780134455579519,-0.6263120546229078,0.06730836575641946,0.510999849758259,-1.0599107910749985,-0.5091597131715296,0.15253182061636694,-0.47063089427407556,-0.2531134218446866,-0.30964872251363446,1.0,False,False,True
-0.4960712446179771,-1.8121317572976747,1.1475555084851685,-0.77917214953742,-0.23943077022988127,-0.17973492227359147,0.9546373030128366,1.331078550081937,-0.4437647222975346,1.8058540781365633,-0.3848903817542052,1.0907044218116044,0.0,True,False,True
-0.7563639217780981,1.710211348232757,0.6405558585526864,0.04339688435268542,-1.02781014559086,-0.3700241960910626,0.9118983142067598,0.15864136002212723,-0.5073298524902564,-0.5038084984172747,-0.7851595376596409,0.6667294515912349,0.0,False,False,True
0.4884187866642355,-0.23550402946861573,-0.9372196367557875,-0.7823412086861644,0.6690257852442215,-0.02132659273213643,-0.9971395237427005,-0.964109865194567,1.6698210825235311,0.555484915606705,-1.675136490604961,-0.5485461705230574,1.0,False,False,False
-1.216007308646636,-1.4357369481181539,-0.5176603219670391,2.560179476475243,-0.5358852551302189,0.6999509310166512,0.2108088074713816,-0.08693830899742197,-0.8076848231087563,-1.6488356078506938,-1.3972047831198167,-0.645588490659437,0.0,False,False,False
1.066005221400846,0.093866364020273,0.7606703694436896,-3.1657014600594264,-1.1975853507264602,-1.8411684288343584,0.6669940527717786,0.029795721636909297,-1.1018896415611112,-0.1755972656285176,0.28104482249852386,0.8098438112521477,0.0,False,True,False
-1.3534091172896299,0.5869596289109317,0.9445447930991175,-0.19911030793720505,-0.7597883781672772,-0.04245032526704096,1.8115511108960394,-0.9373528191623944,-1.394386861873051,-0.12437770493283164,2.51813494534544,0.5501870843420268,0.0,False,False,False
-0.1277484212893463,-1.0421403545898913,0.575515162593955,-1.1102305452000507,-0.9081014445821693,-1.0270693766903025,0.6195922016490103,-0.07756666853318045,-0.6980576996612783,-1.0072408829330104,-0.26933649772363905,0.9062284930624295,0.0,False,True,False
-0.06002114419932331,-0.015898995308372816,0.00711409595369064,1.3712886308759393,-0.2952799423366629,-1.0273450319688482,0.46149862353855664,-0.10501915244375241,-2.167176471029633,-0.5449228220680375,-0.2876918382550242,-0.0002046519675754281,0.0,True,False,True
-0.4582586842216753,-0.2638661519274334,0.9716699207341915,-1.2258331427055562,-1.1913757107441418,0.363261425624817,0.7254445810338862,0.1770340442491671,-0.16066666149937014,-0.6234335479612899,-0.21246157597082307,1.127812239771415,0.0,False,False,False
0.8302821557146536,-1.0028494532671475,-0.5726307870289751,0.9801941368067644,0.25564462869137927,-1.3304371134808417,-0.7888995734619291,-1.259655125558645,0.4712170510758658,2.1275925020263884,-0.23455303003501143,-0.6997670295829163,1.0,True,False,True
-0.2864643450725417,1.0374124260920052,-0.3909843506218288,1.8803821526812865,0.6655832561428168,-0.12407536650710192,0.2742015465453641,1.529503962152811,-1.5425453424180855,0.30521251434071944,0.11277711589357345,-1.0508035246441354,0.0,True,False,True
-0.19426736959725846,0.10826936767672103,0.28689135880486205,0.001989975949438096,-0.3707962774850872,0.15142266301995075,0.3464928903780603,0.3758097616637687,-0.6065629549323878,-0.2579981036387237,0.07029382175435217,0.28361549664992436,0.0,False,False,False
-0.6567815397625694,-1.6403302395686767,0.1266883300662542,0.33777542265099586,-0.42988070125543304,0.166599189633897,0.6618613834607321,0.21410980184060602,-0.8028528104407341,-1.1263630487875178,-0.1770136171794569,0.40087515331363344,0.0,False,False,True
-0.7366490622970008,0.6060410530341377,0.5269690923465801,1.2053820175442669,-0.2738058921614992,-0.5467707101789124,1.1618979404825454,1.7487812015002089,-0.32406207733966513,1.0502390218294277,-0.0778386606633574,-0.31254037025046444,0.0,False,True,True
0.27063364475667046,-0.031038546787845015,0.07599735831549738,-0.2564762587953962,-0.9086877908924815,-0.8188941949723311,0.6525902176099782,0.43699112770849263,-0.5919953631244984,-1.205983340068557,-0.5155528038167609,0.2920994177322222,0.0,True,False,False
0.08292215700030045,1.5072713011314498,0.4749222535722999,-2.212022835417165,-1.2180554036364526,-0.5114839976845619,1.1258595570848862,0.4099036584370685,-0.9508410806310711,-0.5073981148626412,0.2911439831322668,0.8668509319572814,0.0,False,True,True
-0.5494149478842842,1.7418779934368618,-1.3799275208426727,-1.247936979406407,1.0924080826887657,2.7063045633685547,-1.7026832531467861,-0.026968940987036172,1.5368607567048937,-0.9245448130094731,-1.1793363787352915,-0.46231433709188646,1.0,False,False,False
0.18145373752855962,0.6909825465033526,-1.5457132790102142,-0.2625607415054086,-0.06264520663141494,0.7496423692884654,0.10147587248559388,-0.8345386415309125,-0.5477175782558149,-0.09462388591803204,0.8699746747208554,-0.7807292349393367,0.0,True,False,False
-1.55622003035616,-2.4987588928483806,-1.0962091286154383,0.7065187827778545,-0.723330638362611,2.638446806564642,-0.24201238141250095,0.3860154003407916,-0.752730468915531,-1.4662357538610622,0.04640321433164244,-0.8331927556368852,0.0,False,True,True
1.446784813962048,-2.359089182327542,-1.2782812258283502,-0.5274676883779119,1.047128572604873,0.45886176212524427,-1.4361810656407181,-0.959217035297762,1.0958153841149645,0.13128610860645273,1.4027620836091819,-0.9121945096333656,1.0,True,False,True
0.27390883626926416,-0.1754432719790981,0.18285952295554025,-0.0031827437526158386,0.048054234460670905,-1.3843875099085683,0.567374072482742,0.2920900609400986,-1.4045423731447615,-0.6998432209245075,0.7402385238446214,-0.3026184664032501,0.0,False,True,False
-0.03048937147534992,0.25279880931699406,0.04558450115560613,0.24999443021463494,-0.24103501095231109,0.45673327806075575,0.1711525359421781,0.7962860761851808,-0.5369093539577129,0.02587018237485646,0.3908859959709516,0.00998454098395832,0.0,True,False,False
0.8603115262236268,1.305330114282661,-0.9178553645494494,-0.14478636008597434,0.5018074958940123,0.4020630788461494,-1.472124488646282,-0.9035961734400673,0.8907645430516767,-1.4571751572975415,-0.49027384539447605,-0.6646501895080646,1.0,False,True,False
-0.31345302410226045,0.06211812040247974,0.2215770253996729,0.49420333162257396,-0.7962642612645823,1.1231298175949538,-0.5720675792427268,-0.5892576663377738,-0.44509087272954134,-1.4733406243862852,0.5982590110790907,0.3118252289182933,0.0,False,False,False
1.2058460276801843,-1.704071128438603,1.1193876374364193,-2.5069004741719705,-0.7032835501564577,-2.2666932563096154,0.8582131512468082,0.090284487761255,-1.191847198894183,0.21847112974324254,-0.5170830755857224,1.4678984092954452,0.0,True,False,True
-1.1857180666556475,-1.4076594323842997,0.8456765871521104,-0.15074977429914166,-0.6869367867963745,-2.372042621909841,2.1350490119073973,0.22811592367712838,0.05547670111411744,0.9328612948348212,-0.5533947225479335,1.2271404058091426,0.0,True,False,False
-0.503041980273236,-0.0467368043620274,0.5035118114230552,-0.24668438219829156,-0.6195416932517146,0.13400594103308155,0.583234067879808,0.3144593118159422,-0.4571354186874469,-0.21644448601206948,0.11009480069085673,2.687302098670442,0.0,False,False,False
2.5087577653203983,-1.519003573698381,-0.019467194182538106,0.6798706752238265,0.8191013044366425,0.18045850344948114,-0.8936787733892162,-1.1224753333516884,1.063861245279931,0.8613126883461385,0.9643794299615442,-1.0911119345319937,1.0,False,False,False
-0.23274640605360586,-2.05864783937509,0.2647329578574994,-0.07560950397151665,-1.0454687107408385,-0.35453829297348727,0.647814489375025,0.25045109596914644,-0.5228546144375358,-0.5831423840045543,0.6698370816099293,0.660023532358807,0.0,False,False,True
0.28085057384034945,-2.3412963248481806,-0.15040405385237685,0.9751509745300193,1.625019910061733,-0.6601532857820412,-1.0971248731600955,-2.202280256005873,0.07053571647363015,-0.31353312833686164,0.8031623251315585,-1.6277973984700103,0.0,True,False,False
0.17518506779973994,-0.04743017483118253,0.45254590570473263,-0.07010367618578699,-0.26688362069758303,-0.6399990523988462,0.6852609927511125,1.084568148877829,-1.0611013032844274,0.10442636897211367,0.44745500432061314,0.2775925237213801,0.0,True,False,False
1.496365670174202,-0.695765145103461,-1.4415405356620727,0.8249226577536111,1.2768206897613996,-0.4646728903660012,-1.2758868695169248,-1.2493362405331114,1.0712292329762385,0.30956097819223344,-1.2515881539031684,-0.9477289023792732,1.0,True,False,True
1.061797104061658,-0.8257194069240839,-1.6836767501753238,0.5941903888747566,2.334589877634852,-1.36290736162015,-1.3145754130040384,-1.9092406064498075,2.3365891604073488,1.710952675766406,0.05395560067318145,-1.8116782489474452,1.0,False,True,False
-0.5286047676150623,0.9732410140517642,0.783256420890132,0.0738484562561816,-0.5197983520831199,-0.1471423977483353,0.5915297938164901,1.4194164327274843,0.4554431827416307,-0.3104608929355852,-0.08584453883695994,0.205515154384813,0.0,False,False,True
0.2902823784894043,-0.8992710977844229,0.8006524316052247,-0.8722855657214783,-0.15399867660385003,-0.1567617819695807,0.5633620490923973,1.1359275398140132,-0.952795479576621,1.403536974266139,-0.9086574301835223,0.7635466139363212,0.0,False,False,False
2.846980898863691,0.7675558705063122,-1.3131606889369776,-0.03685539195513611,1.3305525144521366,-1.0140916645445166,-1.3434883839297538,-1.5340501447129173,0.9342346710935011,0.29593968993363434,1.096584515686605,-1.6628790340228363,1.0,True,False,False
0.32574046981664295,-0.16359638833321533,0.6298081884483587,-0.18751059795599181,1.0471870444224718,1.8333711530649448,-1.4097564096628625,-0.9352561763953857,0.9565192067338328,-0.4663801711697769,-0.4130604351490265,-0.9515170870251979,1.0,False,False,False
0.011413381816755238,-0.8203935276631726,-0.056782233390885437,-0.1492036839175748,-0.5151762848611229,0.22188722141040715,-0.21419247596908758,0.4414057562099178,-0.016582226447059135,-1.0349812053062921,-0.9859968113054536,-0.005089209736953143,0.0,True,False,True
-0.6579641034366699,0.40546474181608333,0.2526356298381855,-0.180035900378308,-1.0810252930982924,-0.1785302560314976,0.6837948870880673,0.6675851514290754,-1.2206789797039204,-0.24507806092349485,-0.9296159057795579,0.8391128358904512,0.0,False,False,True
2.097701324672519,0.7585450658833909,-1.9804221431209397,-0.9671772829400387,1.612841701665071,-0.3055182665660931,-1.8077314455763016,-0.6160905105021557,1.9322632512375006,0.6811115489618869,0.8913775655745569,-1.3508903814532602,1.0,True,False,True
-0.16659947728095337,0.2355755687278767,0.26406075946862445,-0.14002545909511116,-0.4377376030732671,-0.06821228469307937,0.43253469756121693,0.464265680057296,-1.0431082846239677,0.33491415414360043,-0.802886203705604,0.1977574264311444,0.0,False,False,True
0.43082924822135843,1.5773525770310384,0.18510645955100002,-0.023279579949437707,-0.43864896026524486,-1.6060995642922398,0.5028542347488943,-0.4790852692549405,-1.871355216526862,-0.48500306418505645,-0.7199677761899814,-0.17362331064281697,0.0,False,True,True
-0.25254214835046324,-2.00078556635611,0.3535875754288973,-0.023767794132038205,-0.1474826774658593,0.9441239598552497,0.07500159754083524,0.863371941619343,-1.1265813765134516,1.04837230715052,-0.03734241933784076,0.4198961425342121,0.0,True,False,True
-0.6609283983628392,-0.04206025834640091,0.11728456050595981,-0.06849129716558901,-0.599758090771321,0.994496681946523,0.3378116585158993,0.05277151517531999,-0.9588389365544523,-0.2162849187833566,0.18484389491535191,0.5911654229385571,0.0,False,False,False
-1.7825225459792349,0.07426985129015805,0.9944293070334461,1.2624843824799996,0.023107415650537345,0.8425644670206931,0.6279339297535282,1.2307537208118393,0.00288056419729285,1.1905078497585269,0.2728980522758104,0.2358678642923019,0.0,False,False,False
-0.7369759790418137,-0.9703223388624778,0.8815937930915154,-1.0523853615699845,-1.5372761310851346,1.1744310419819295,0.5916888438732834,0.19012428697266637,1.1535696637154103,-1.0359493822938102,-0.775729804741014,1.2429014834587275,0.0,False,False,True
-0.15803104894470602,2.165820645247633,0.13611109401400567,-0.2011465013988478,-0.2758308879282347,1.2959292228116608,0.2605164100485437,0.39009724375412314,2.84083733609567,-0.05741913627342689,0.1189527249149651,0.08858373640273179,0.0,True,False,False
-1.4007423068312215,-0.062415169889326536,2.06579301798358,-1.3454810904062107,-1.350057533499459,-1.7517770010800693,1.123389602241999,1.1058074830980602,-0.15260794854669632,0.7142574801301984,2.0821714228258563,1.888704452781609,0.0,False,False,True
-1.2753270443296698,1.787064176748547,1.347288353182257,-1.6723373073758572,-0.8892732633856448,-1.0595774536259484,1.6935822546338062,0.8732669039617192,-0.09406349487780909,0.28062088359408377,1.5830337364280231,1.9829563324508401,0.0,False,True,False
0.9111096282252784,0.13194726993124348,-0.45812757103683727,-1.5103426367720902,1.0035105053839448,-0.19458224353526601,-1.6864340614076863,-0.5415840986607553,0.8642936649500726,-0.08341637799538451,-1.0162837523241013,-0.7358520242371427,0.0,False,False,True
-0.06783094577153312,-0.29535413289374174,1.4102047509667242,-1.968423391774026,-1.4652890106165097,-0.7783000090733232,1.2556151779727394,0.6476465461472818,0.18865746450651064,-0.03640038724493893,-0.10860368359396459,1.699932218098834,0.0,False,False,True
0.8836627936179444,0.05952557057816566,-0.09178274782100171,0.5346223132992286,1.8214843191555539,0.8139489224923322,-1.2759408518709219,-1.6484159482489658,1.8445761289800515,-1.666853197164731,0.11176920811951967,-1.203680151924852,1.0,False,False,False
1.9734617479155772,1.1290499587365166,-1.1536620443639645,1.9162646032942732,0.7448517967169082,-2.2492415319900148,-0.6478933147485072,-2.67874697626856,1.173448753045282,0.047069416196487524,-0.6643024684643087,-1.670093560876363,1.0,True,False,True
0.9598515407412054,0.17470260563950565,-0.3175069117850503,-1.6608853645684722,-0.018371055430320492,0.20731345358880568,-0.7546850499269647,-0.23386685509661892,1.3714476231724313,1.0476546704183671,1.47526364637169,0.5025204158110326,1.0,False,True,True
2.5495518067785614,-0.053736455486204884,-0.3874700955111858,1.5934479589862514,1.0844544530188487,-1.487724781631989,-0.679993229565299,-2.0980890595672275,1.6593744796205334,-0.3151164741454828,2.0685802692034376,-1.6746275855133812,0.0,False,False,True
-0.047298906337704984,-1.2481728444336484,0.21934448313463445,-0.15486366311699112,-0.3600697271531401,-2.2616751192208295,0.7663859488316013,0.4987586121458017,-0.47869642069189405,-0.8528951280365418,0.40267207001978655,0.37626908393957315,0.0,True,False,False
-1.1288685140382824,0.2107206024996877,1.307516226334991,-1.3975627694790258,-0.7996405829970963,0.20081220348287623,0.8062722605488735,0.9080134681514647,0.5167227982816678,0.9902919517447863,1.0401229088465778,1.4830411730494386,0.0,False,True,True
-0.3370466222456939,-0.16253488901552007,0.2554808397712318,0.7010329116096454,-0.3325282239173728,-0.6723584972582978,0.2943633606403169,0.3831888308809688,-0.5354578829911426,-0.47800332101894333,-0.4699742554311735,0.21587794453808476,0.0,False,False,False
1.9859964320973391,0.046003075717014265,-2.1967370280102743,-1.4397353395549382,0.8924510655667093,1.1780661285135245,-1.3258930860619926,-0.867295468613093,0.9200196711600347,-1.2679335306304313,0.245763417230262,-1.0424257354556374,1.0,False,True,True
-1.3681582682585833,0.7216072572615749,0.05869229050342352,1.8614980951952718,-0.5155216113045885,1.4951823203848882,0.6748391107454654,1.5266386370150171,0.6441362207887741,-0.4730650332554539,1.2942507971775996,0.10274291021233953,0.0,False,False,True
0.08620902501650891,0.37113055545748036,-0.30099120354391773,1.7969569597150872,-0.4543281492025216,0.28083133035868124,0.3055220790630494,-0.4151656398819904,-0.45078856176805765,-2.262190258409753,0.6468333144346017,-0.7495530630468304,0.0,False,False,True
-0.5867650595164261,1.4105218855499784,0.3043604883657898,-1.2156767941183664,-0.7288703716919447,1.0040094511291082,0.005550614830766905,0.051467368770675544,2.5970329612022933,1.1624559866554682,-0.6705485210671189,1.5485658984114923,0.0,False,True,False
0.2801181472432065,0.6279924594923898,0.3248496397493119,-0.5286200407945171,0.03743234702555441,0.6676993624349564,0.21931443265877784,1.7493466994153366,-0.2319470644016507,0.0633543093068178,-1.7704939369307584,0.25963133928832743,0.0,False,False,False
0.5767012907991087,0.4397882414439518,-0.6558260290819369,1.5777079942061158,2.530505053461186,-0.08408725013365365,-1.582617139549085,-2.347589537051856,1.9856929871470004,-1.1979745138114084,-0.7930520598085147,-2.3957483880777817,0.0,False,False,False
0.7259508672355922,-0.08323555212546174,-0.7735949559678263,-0.0037725212773880787,0.9223968118169261,-0.3019047961289106,-1.416864278044386,-0.6283652515384677,0.7348089815993132,-0.18500946275146168,0.39905185703583995,-1.5390653589209617,1.0,False,True,True
-0.3193701142834901,-0.0903789486928617,0.5799080882597614,-0.8505652158591116,-1.4854385367587584,-1.0728653859672064,0.9648331578539672,0.4994872036463043,-0.4946936094185445,-0.9077646422940708,-1.3375668189421408,1.1956560473236042,0.0,False,False,False
-0.6349953861441039,-0.5358487332978364,0.22843888022885162,0.5394463156802533,-0.2873970353299506,1.899775228289402,-0.07558541421106243,0.5346305570977926,-0.9660378063074502,0.6330053721231163,-0.7284390757674623,0.05874180542847544,0.0,True,False,True
1.6047378712730538,-0.42602189586269934,-0.5991594456708013,-1.1555648408750006,-0.10917645603614493,0.7995795953993988,-1.290008345696983,0.002977680284198511,1.3153248722103528,-0.26921505169591065,0.8662214882305792,-0.4617585294774843,0.0,True,False,False
-0.8351966695319393,0.28991575225507965,0.5635770823217605,1.5655495709524605,0.4384991640904473,0.6465571336716247,0.376689547516558,1.050764184329537,-1.1083665521249004,1.4765418480914665,-1.53793071895075,-0.20281601255624854,0.0,True,False,False
0.41028665949647986,-1.1142616991539047,0.3879905170874732,0.34048045955810585,-0.11830118139694103,0.5176447113838598,0.017197012190959395,0.19699380734529306,-0.3970755340381553,-0.26551665741386216,0.7108541495466787,-0.06435078084416705,0.0,False,False,False
-1.6858701087267656,0.12012736725918395,0.4220533180004485,1.8703656807157507,-1.0796946833017367,0.4910662365612571,0.9605709305209083,0.2779080967170468,-0.02310747970559175,-1.1638950860971435,1.0402770311840857,0.1269987056577643,0.0,False,False,False
0.45298421298327624,0.9791928702153275,0.025092164841231786,0.3310089868047506,-0.7867256426196371,-0.21855870440828834,0.153305203683725,0.20313780407741586,-1.0905781439702606,-1.4418030441577927,0.17857945644286385,0.006573987045254824,0.0,True,False,True
-0.39722416777633407,-1.1022505432695788,0.3784364410492937,-0.07339069182865463,-1.19017306094617,0.4515876747997794,0.48669644037201726,0.4495800720125163,-0.2990727926232923,-0.2485736924643674,1.7285811262907882,0.5273217783070463,0.0,False,False,False
-1.6870582324962826,-0.21146885874743296,1.131744054365333,-1.3941078280343688,-0.4775132507565409,-0.24935153346422795,1.5524747260162548,0.9263583305853774,0.04855537033522733,1.9931197904823406,0.26655625584854403,1.7546520019660892,0.0,True,False,True
1.0351994622200562,0.18267484240235682,-0.7923443429977345,-0.9312220190611242,0.6721441200755687,0.5724995060429553,-1.047376610355651,-0.6999641542657328,0.776567253984303,1.0281346426073852,-0.0787323960866479,-0.33538122787737046,1.0,False,True,False
-0.17170112778474406,-0.4411106382810874,0.4230818774434478,-0.022588751086254064,-0.3202171157309212,0.030659128663179137,0.6485511482319524,0.748172869564193,-0.5411075364073586,-0.33033869142829714,-0.1744906451041544,0.20552515942426386,0.0,True,False,True
0.08228506560697854,1.1406644269430937,1.526543570690428,-1.7030190874579276,-0.44527570381469733,-0.9972539164561287,0.8347293093029738,0.5876668953100043,-0.025558794993035674,0.7790697401280877,1.9572045816161556,1.20725250171033,0.0,False,True,True
0.33189924505992924,1.4524010393981974,0.30808943162941654,-0.5463093187877116,-0.7133120694322583,-0.14377922025864534,0.43838411783999925,0.7426227716048878,-0.40122806620708984,-0.3900908411114601,0.01837854174916425,0.5512068687200667,0.0,False,False,True
0.2085208755746802,-0.5126732623083528,0.012265985184650722,0.8186686825465577,-0.7448579623621477,0.32144144815765907,-0.026882452710741713,0.28158200347520596,-1.2994373897996563,-1.1662703247116843,-0.8534198966927278,0.08662206406247676,0.0,False,False,False
1.0486784480829765,0.1175245318012623,-1.1529989091043347,0.7495810427420211,0.5402264973929964,-1.1258045528712466,-0.456941468824722,-0.7922370195494,0.7773114629476473,0.24555228074004257,-2.1050787516498293,-0.6853816719309183,1.0,False,True,False
1.1668605961878784,0.7284141556936625,-1.030029493036358,0.4392532689338303,1.2931551917976951,1.0682983442231155,-1.5550439815263875,-0.7885047096907738,0.9868547913737191,-1.3053845130528299,1.3292399489274132,-1.3436978583075527,1.0,False,False,True
-0.12254402098853266,-1.7029733910993798,-0.9658514164695553,-0.6584726573884532,1.5065815927387487,1.3193101369353424,-1.4994228498618358,-0.782858551295859,0.8954575518808109,-0.4809981285943367,-2.2861347002856376,-0.8834762924001631,1.0,False,False,False
0.637030685435532,0.7465238862040333,-0.8830673832339655,-0.9180760380127968,0.9296932281133089,1.1672685162859306,-1.2045784879466757,-0.5536341538029429,1.1764323439476783,1.2367238714585154,2.6258013108676446,-0.7655529308328854,1.0,False,False,True
-0.7182293035504919,-0.5759829922524662,0.28227037158751206,0.5172422159017565,-0.7169331787245625,0.062244964308386865,0.41848017306063895,0.40479247948456537,-0.9566004424102241,-1.0617721970881573,0.28374204976682416,0.2697922898385107,0.0,True,False,False
-0.1138552506185375,-0.016203083939224146,-0.1458983956045972,-0.762796235276288,1.1298990844999726,0.8489376560615419,-0.451038110850379,-0.9320439044624761,1.5623536282056814,-0.1481609860532946,-2.2689652914744,-0.6378963857264773,0.0,False,False,False
-0.11128824217638436,-1.4655035490176713,0.5538462146413177,-0.7544798395770318,-0.7519034045389643,-2.0464717085189164,1.1961899030776773,0.3082467237732052,-0.9945659838921017,-0.5259892866379757,-0.529388652757656,0.7047275457764466,0.0,False,False,True
0.5447671554882079,0.12007216787198892,-0.4860553399536218,1.1588221869348756,1.8742126053004495,0.31357171311015825,-1.2372466318774593,-1.7269712754893227,1.7579283973196431,-0.3271451820902296,-0.05067736864849466,-1.2643465878478441,1.0,True,False,True
1.4053908409263538,0.7694019465782881,-0.8397190241983115,0.23657978454657522,1.4972279079548745,-0.47555646755244296,-1.3213077320317081,-1.0929316262800166,1.4181687420317304,-0.03415145482720837,-0.928655141175729,-1.3550270153734518,1.0,True,False,True
0.20122049193781957,-0.26508108772453326,-1.268453167929537,1.3675055883593261,0.7641791034176466,0.8041438836725257,-4.573224817677305,-0.41142787240608475,-0.04731908171257519,-1.2966171360261858,2.449998921198224,-0.9097367759025707,0.0,False,False,True
-0.5950729439069752,0.12953334527821436,0.30446326863687834,-0.587910881686354,-1.2164805531264784,0.46422623919459893,0.47518116858311393,-0.4589005489441763,-0.7225540372122425,-0.7530731888293067,-1.2372447148273695,1.1367069580965372,0.0,False,False,False
0.6228457457182733,0.03652393228439886,-1.8119698192694194,0.011257982143848393,0.42831845665911294,0.06923097281144161,-0.7126361971202182,-1.062363257908726,-0.4685352815771863,-1.2427725690085807,0.22046093470489286,-0.6778851704027112,1.0,True,False,False
-1.5475266362200801,0.9117960940405957,0.397368290014258,1.2396293880423344,-0.7727572737826077,-0.034795006764025416,0.8118215379942729,0.1716527116768858,-0.6002581196317065,-0.02670227614481057,1.7998909556051483,0.25604712581090644,0.0,True,False,True
0.28821622407083924,1.0470825356968883,-0.3432195467714789,0.770819414440221,0.9940872452977709,-0.1379409880379512,-0.5046044885861175,-1.4334624254871429,1.1458851770159155,0.5604885904968199,-0.2496151816836661,-0.6867860068032007,0.0,False,False,False
-0.08811864914894317,0.647446532875555,0.4547436071000537,-1.4446739689298418,-1.1574748886781887,-0.04072452465498804,0.24236160498195805,-0.29756889137557785,-2.124706360302917,0.8052125470621475,2.6211541560213223,1.7597054048096972,0.0,False,False,True
0.6815774110948344,0.02068509455738728,-0.7222719877312744,-0.7996147219769558,1.072679939777698,0.10799718705750061,-0.9145422225904292,-0.8932855666584486,2.4217368304619704,1.364768864635641,0.06472085823831698,-1.5877422993644652,1.0,True,False,True
0.2941784901474587,-1.462163171052287,-0.048509272578281935,0.7454837125035995,-0.30524541848399994,-0.8345671543186273,0.3422171538723392,0.8046423570795572,-1.287989667699593,-1.09912083823681,-0.7538961371970508,0.19218109182708157,0.0,True,False,True
-0.7272422930652718,0.7702548221908802,0.19489344461986058,0.24778679091654018,0.6737356138281879,1.4195016444147417,0.40094823011940695,1.0454492466723881,-1.4954428193567404,2.6981029435515755,-0.4268656052118354,0.4169567412444923,0.0,True,False,False
-0.4126274538652788,0.29806854381990733,0.13309874555362117,1.4555459089965725,-0.3558641091107393,-0.9837861515379367,0.7609152104234217,0.4339489989225035,-0.24331337785167428,-1.997499804673294,0.5489282071354625,-0.6972422479412644,0.0,False,False,True
-0.28975020044399863,-0.33616169255178124,1.7389112787096974,-2.3985889657174537,0.2501695450403052,-1.5245501523524936,0.9711287816701377,0.7543134272220292,-0.982257010201903,-0.15701030242614414,2.052446176502633,1.5914810168552955,0.0,False,True,True
-1.4200228147033962,-0.1619035569490062,0.7554993951746419,-0.6912949545338448,-1.2452936833382018,-0.14240760907102826,0.7568831876698227,0.5309028001134161,-0.2650865309975459,0.11914981972445399,-1.2101289506727606,0.7249177994985551,0.0,False,False,True
-0.2668737050515955,0.2554011675415484,0.46233588966453915,0.2540210201509688,-0.12105858450580652,-0.1228096953504884,0.4616762563174752,0.6847583936020261,-0.21644991116045706,-0.3719170937988629,-0.14930449295097423,-0.002116759237988896,0.0,False,False,True
0.8368571741095716,1.665345665772367,-0.09773292320941916,1.6925918713218997,2.458113123495602,-2.2712510111420454,-0.9214361465780562,-0.7769062268409151,2.783150257523623,0.016615500887919212,-1.4217883193193135,-0.8478622364569438,1.0,True,False,False
0.6861781322202744,-0.2519193145951914,0.4679407780522502,-0.08709041320459093,1.19691900663808,0.5120483421329988,-0.918340874742701,0.18867441629377077,1.3955662146985448,0.07479106060458848,-0.07699231133854811,-1.4640717837779338,0.0,True,False,False
-0.10035489598504146,0.27960748077379893,0.5783323182186442,0.26427927055134026,0.6458533958509645,0.2177028556943708,0.5531732410527492,0.9841779748805636,-0.9191972450588841,0.14099478089366763,-0.24802726513859655,-0.07201320119600643,0.0,False,True,True
0.33076728755456325,-0.8464884169440894,-0.915760294417292,-0.14367475664807114,0.1280866303270896,-0.6004148113756446,-0.6057325262171437,-1.1666803477520329,-0.19128680314248692,-0.15793278206782388,-0.7518224860675701,-0.28517713859770843,0.0,False,False,True
0.04332147888214815,-1.1201872567237314,0.32080493625349504,-0.8531903965675194,-1.0557619922284291,-0.11429532149680297,0.2661961051262741,-0.5498745468663403,0.4199244975505975,-0.4631734249651812,0.04335135269752944,0.5971778919933975,0.0,True,False,True
-0.466545142864803,2.084534973108061,0.8521929676548604,1.078965025477076,0.13364546354657922,0.18005695927315668,0.5410018449722882,1.0529976745087195,-0.8446207881469691,0.5605919189721129,-0.5462383167666359,0.1687032235165353,0.0,False,False,False
-0.3212071526327617,0.8625058298891191,-0.296567203781475,-0.11650219500444967,-1.1347586472722393,0.8315602106768187,0.03350141977049463,0.1330756004746845,-0.2919753739437477,-1.115384877074608,-0.2475654880243972,0.5980991812554416,0.0,False,False,True
0.01578726079326153,-0.19998863420354543,0.8624572141093384,0.4942335367095644,0.6966702611718855,0.7831992842524507,0.46675334897599313,1.4191827845430471,-0.643466046629181,3.1491397925438864,0.48026328409858193,0.184826592783829,0.0,False,False,False
0.28902940557426965,-0.013040590419998716,-0.1698720616713632,-0.1599551513739064,-0.1893847074679968,0.09031851223974953,-0.30689013436990975,0.020177478709140224,0.20032884389798494,-0.10349494628299727,-0.3014114345612697,-0.17890721985826688,1.0,False,True,False
-0.6106590497902518,0.11037811843764826,-0.07669705830371654,-1.2248335209348917,-1.9760839912378472,-0.4360589527614247,0.7304849270238722,0.1117869781623852,-1.1800684982688974,-0.5843604672825451,-0.3669038547342829,1.5941009458740685,0.0,False,False,False
-1.2271990377264503,-0.01599496973956858,0.3039378003421032,2.2603260281922317,-0.30499498901486544,1.5048164646141597,0.4214888757886651,1.2312240162319212,-0.024073321505097802,0.4391954326245647,0.6201434943671486,0.03507602652189869,0.0,False,False,False
-0.5846862197589566,0.003153033587504194,0.5183430199360046,-0.299824397264073,-0.9435435718672252,-0.5719932162620079,0.8036282006408834,0.3080592775341689,-1.0182955648803034,-0.07388297066387624,-1.5474992246461172,0.8761037041169802,0.0,True,False,False
0.3383077982770121,-0.8320493091162469,-0.8093703942141114,0.45729633675232956,1.9761569241973145,-0.40630068444800466,-1.27226000990457,-1.7636965901831994,0.862804375392357,0.026651752673580557,0.07309138499198174,-1.3764057750932759,1.0,True,False,True
0.362575892160814,-0.46877693063764725,0.68099275323517,-0.6493244299991611,-0.30395701361857974,-2.360342126701538,0.9009268951970059,0.17101628108049627,-1.8629989134282792,-0.36454674421264843,-0.7231896037152151,0.579743799858579,0.0,False,True,False
0.3974421175875563,-0.27726393586853915,-1.5262461447389213,0.9152347444449278,2.285910526020522,-0.11743398107460569,-1.769631842139669,-1.2418682794170781,0.9571413394301128,-1.615457400445761,-0.8484058962884166,-2.0857592061069004,1.0,False,False,True
0.40996906948114265,0.4892497830582494,-0.583278990233709,-0.3294687793199108,-0.5199846441263409,0.551419892505765,-0.37094893717055644,0.19365937435565808,-1.4806432384748698,-0.5103164785589138,-0.38900237819951816,0.37424183322712423,0.0,False,False,False
-0.506593654909661,1.5173819708856338,0.85938745892792,-0.30586041040149314,-1.127373740542716,-1.8195995645013134,1.5520466801010249,0.6857276157085402,-0.4254421988252305,0.7275061572800064,2.000074620735803,0.5783956014334611,0.0,False,False,False
-1.9635963813298623,-0.6471534632595052,0.465282718848837,2.089449034184264,-0.0999926585228345,0.09401562365184363,0.4954334870767514,0.4679678450167803,-0.26943595701909684,0.4192838955588935,0.32667741809622064,-0.17473326372665865,0.0,True,False,False
-0.26220267312183265,0.322067950661022,0.11705087424500898,0.18092828796610788,-0.3379631306356845,0.1576972063094988,0.2017975353749429,0.4256514659837466,-0.30112173353983446,0.022623127080204232,-0.07012302113188025,0.2731585396924738,0.0,False,False,True
-0.6187404715963405,0.6397442174126643,0.15390797338330162,-0.017270433980353758,-1.0901060004223562,-0.2647827278327972,0.5246068482119709,0.3670369908515058,-0.19273634928978425,-0.5114957608685492,0.11341085886009157,0.3222484561999495,0.0,False,True,False
-0.6416390159930991,-0.12545065854176413,1.321240693666647,-2.2451462538891835,-0.7617818815582738,0.7799093406147085,0.9575020569176943,0.6536449843248396,1.021419243010635,0.3850730454906014,1.5043581135571749,2.049226234972005,0.0,False,True,True
2.009640727782958,0.09557870355806518,-1.134206481191521,-0.21727039652165206,0.4934390388958856,0.11233495206328484,-1.2311776385308504,-0.10987477139931741,0.8993549095383985,-0.4560183366617912,-1.3307107871789825,-0.8906761515500465,1.0,False,True,False
-1.2505416173933677,0.48370998739791354,0.9237652889183854,0.3750345853010964,-0.10733712999289928,0.5818599086558383,0.8270685434317304,0.5883015797298727,0.004361029318162319,0.7888181199322929,1.8592701809900085,0.39911124684963345,0.0,False,True,True
1.220446402138076,-1.0148163054225534,-2.66149367274816,-0.8459296290137023,1.1546631158661014,-0.14650215172652278,-1.5243209863312916,-0.9557941091125689,2.010494494044758,0.7660537813763018,1.5416098533492613,-1.04209297174943,1.0,False,False,True
-0.5090406258411848,0.057374082776257454,0.26109438468762247,0.0762122833423749,-0.8786054176129647,-0.6795561972644292,0.794173839040472,-0.08078664870866265,-0.20731949136828842,-2.6054369186148705,-1.9214856771306954,0.43520698639790917,0.0,False,False,True
-1.0026249992426683,-0.023869851867559147,0.36340657383445246,0.2390023541197843,-0.9620463557741314,0.44184191603015915,0.586058693187044,0.22143093962320282,0.19863323934470184,-1.3115076122628222,0.9088281709779376,0.416132796509773,0.0,False,False,False
1.8611730279785177,0.006309939787447085,-0.24487303137548236,2.0409721848291604,0.10643396689294672,-0.10968445598903821,-0.5925507120295538,-1.780992121178178,1.4243688782848503,-1.3434299229498161,1.012340610734067,-1.5208135399978626,1.0,False,False,True
-0.5813162565048294,0.08272722715585155,0.06267606855966525,1.8094804213936009,-0.4044304173335714,0.30058759197475116,0.6504587311449589,0.8070202285114074,-0.1746371173161458,-0.815845470769516,-0.7765561484981897,0.14286921944111997,0.0,False,False,True
1.6611068110297418,-0.14912305313188787,-0.12006981203678703,0.6163067422424969,2.144800304377358,-0.3378420826316618,-1.1721712149026042,-2.9786275859913136,0.1532105642709534,0.03722759319127263,-0.07052261856499885,-2.0161621121034017,1.0,False,False,False
1.1068248124233024,-0.06681458980620265,-1.3046288247007483,-0.37193733791265576,1.3664434045489955,1.3994862485449815,-1.4068047217628787,-0.6825126553238152,1.7373732469137915,0.30629755556191374,-2.5007275158927813,-0.8249959759535805,1.0,False,True,False
-0.2838842940605443,0.11509574013476075,-0.5793583593021141,1.9437481361096625,-0.44515975166669935,0.1653444450270659,0.3861803648712973,1.1276146082534364,-0.05131368313195474,-2.0737364771536195,-0.29881891594145,0.01990760864310386,0.0,False,True,False
-1.1149275863169341,2.1580908916069506,0.31530266660097467,1.018274502804514,0.002052097079178285,0.8703205025830125,0.44140269129672066,0.5256227808088633,-0.6793424501797957,0.8318149669823746,1.483029834482524,0.25460667875241677,0.0,True,False,False
-0.12720533498045242,1.9542331041318335,-1.0867310073412801,0.5413437941368928,1.239629483356422,-0.0946714732964963,-0.840292644083207,-1.901944031159268,1.1887776230410156,-0.10148361553026271,-1.4196726289996928,-0.9401610701592765,0.0,False,True,False
-1.1248538373110362,2.5242751554797573,0.1274294996318936,1.6942141253759824,-0.9740918538550558,2.0712301463431886,0.2189857111756638,0.28469013094349277,-0.6799197284905135,0.22326527054997536,0.3131037011569752,0.35736055021610136,0.0,False,True,False
2.663173303799675,-0.7146429576292694,-0.6072309711257314,0.9694670592561115,1.155386331772472,-0.7879418833261032,-0.8671194176723823,-2.1203243068485187,2.012089529707549,-0.3500548885776907,-2.9189596257905843,-1.7520542622581141,1.0,True,False,True
0.30998871557234553,0.055481887498240984,-0.952098506875893,0.6874149503381352,1.1444299584392383,0.11472097525711636,-1.089146735150711,-1.7476740857731738,1.2969489398521241,0.010771119274815787,-0.4028311039785347,-1.0318814782620709,1.0,False,False,False
-0.0796525744167224,0.5607707955013681,0.6979930061960017,-0.3795594229656957,0.9331031200611146,1.6747100288609447,-0.833410264679217,-0.9509098547205221,0.9222618638922021,-0.09312685135286271,-0.39172757230623123,-0.0905628798833271,1.0,False,False,True
-0.24624712664437823,0.1671097017372903,1.3515328726192593,-1.7300836933240435,-1.7901462792220202,-1.2199261162161323,0.532165531417705,-0.5883835239106022,-0.3105070309491813,-1.1891643856189806,-0.46393048393933856,1.879023546767614,0.0,True,False,True
1.164662022887349,0.36364839444884284,-1.345877228418457,-0.8903559376139125,1.7278519136860135,-0.12111602786514182,-1.5726721366430572,-1.078066751501209,1.926880202491781,0.2079406575309841,1.6767859107424266,-0.8149714990272481,1.0,True,False,False
-0.8789030502988963,0.672061036346764,0.09049363130751692,0.44801515081130944,-0.8250061250957137,2.822889121699508,-0.7068184969649283,0.7770911363793439,0.15613941939125964,-0.8555400089470454,0.14772097415485974,0.40899068203032946,0.0,False,False,True
-0.5661292814459212,0.7763754919054953,1.1707973596525967,0.31318852941457326,-0.9830529855712108,0.3393920779522146,0.5733869409113627,1.0979839180668742,-0.33798051404208784,0.1846266298476171,-0.8833754170739466,0.5160944368754695,0.0,False,False,True
1.6529701680694577,0.857279198274138,0.23602681279949436,-0.5369565331730998,2.027030019086775,0.8247489372575305,-1.3927951639387623,-1.1210651161521317,1.9653912357893613,0.08257313354049667,1.3044320027873546,-1.2858404138474095,1.0,True,False,True
-0.26220267312183265,0.322067950661022,0.11705087424500898,0.18092828796610788,-0.3379631306356845,0.1576972063094988,0.2017975353749429,0.4256514659837466,-0.30112173353983446,0.022623127080204232,-0.07012302113188025,0.2731585396924738,0.0,False,False,True
-0.20549287559335155,-0.2348585900135626,0.27886954598664426,0.272037806916382,-0.6015923155555453,-0.14237386330361,0.37806476225752755,0.41605344125210886,-0.6729597958052637,-0.39698928481331297,0.0927290215885431,0.27110201701704334,0.0,False,True,False
-0.0005686010576756342,-0.426987914834382,-0.1457503515207475,0.22693927900310612,0.023467882675496207,0.2263702099821501,-0.040635131061455124,1.102328393336317,-0.41320309134887595,-0.48626658318917104,-2.3790689833944647,0.27985292158427816,0.0,True,False,True
-0.45590558350127336,-0.3402870473028985,0.3617443346548713,0.06173387366938105,-1.0905278348892016,-0.2627288978308636,0.22377021201805058,0.30417926814715235,-0.9469609202561237,-0.3451287458950673,-0.5536188547976979,0.8618706601322732,0.0,False,True,False
-0.9224596949770282,1.2203243674293172,0.7184488964312095,0.6289698431049355,0.04801585241442816,0.968094665651498,0.45202462000698174,0.680871739843577,-0.2840150333650549,-0.0754676044101585,-0.2501396796076524,0.22048562926495022,0.0,False,False,True
1.5716060843145332,-0.5558266948531007,-1.4253426145444326,0.02813033684979614,1.077734431058626,-0.4288358637654735,-1.3738653208347242,-1.3375666010355283,0.3041169825083955,-1.168279676058227,-1.3362517983211064,-1.2685481600023485,1.0,False,False,False
-1.3019603224141856,-0.20257911684381102,0.8640672287738029,0.013000637034410085,-0.8443988518655101,0.1133612343258809,1.002220032146326,0.5663642099602967,0.13236641249460912,-0.05727574420420456,0.8512005264179404,0.6287154298844635,0.0,False,False,False
0.24188972588341184,-1.5556520516778551,0.06196980928035469,1.1006087659414199,-0.2555295108681178,0.28042072103202575,0.30887975875457735,0.3400561649232708,-1.1123387442500543,-0.34808164674770775,0.09633646991356923,-0.4936316285290219,0.0,False,True,False
2.6491897906296455,-0.2414704523753004,-0.5402446252956611,1.8943126086779212,0.9279704634378129,-0.7763506006038742,-1.232731613737959,-2.7938143084885394,1.1540222568881955,0.2194457806588236,-0.4221374406058762,-1.6497138938490876,0.0,False,True,False
-1.2457561325594697,-0.04709719840798554,1.5801621348697812,-1.4464312038042593,-2.327182471814766,-0.8818963298648647,1.5369435976010248,-0.7256920677948836,-0.16192913635531164,-1.3910093957897691,1.5670357616034365,0.8003780247388148,0.0,True,False,False
0.24856604236268215,-0.9669647887700149,0.41277081686331574,-1.5371879065346348,-1.1794908497624323,-0.9273246971105679,0.6024274913904005,0.17177269442830334,-1.6896697657082222,-0.0663513561817498,-1.2196502789067405,1.4456641451566898,0.0,False,False,True
-0.18081424810907432,-0.252919114921839,0.3394773392497061,-0.26116859829888756,-0.24311369551525536,0.021445300049568388,0.21347861855975242,0.9557596678902434,-0.0671769298190708,0.03379861330097615,-0.03988824374707478,0.14947900623857846,0.0,True,False,True
1.1606039682127618,1.3055893173586959,-1.4510075239892957,0.03740022190487582,2.3080423980369584,-0.5959493322802248,-1.1178120030128824,-1.5547626733073345,2.2963402049560004,0.09868304068093633,1.4923410000718298,-1.0971838543433015,0.0,True,False,True
-0.3196058752647486,-0.41965364131407257,0.44154343492989445,0.6715967537248213,-0.4174594683601736,-1.31191850637336,0.8617031899231933,0.27067137690567505,-0.7604967092456854,-1.1849844363650905,-1.3013501851755986,-0.0659050945217319,0.0,False,True,False
0.11378313572186145,-0.4200534998177406,1.1929880234566468,-1.0623315519193015,-0.6678505336488211,-0.7489155568947389,0.8879560896328125,0.4835988818747385,-0.3080435370995005,0.20670589459415517,-1.3088488007291885,0.9683599188037287,0.0,False,False,True
1.026590491047279,-0.25612184738819765,-1.0645655950297128,0.08588762940266996,2.1854868565662344,-0.19925658891247733,-0.7460930810176318,-0.8365076196754238,1.5073876767650456,-0.2019300951877988,-0.38415958608380035,-1.447357074641761,0.0,True,False,True
-0.22729751892421898,-0.010460371382654916,1.2926165413324038,0.0025021566012385105,-0.057048220403707044,0.8470244715918522,0.5889245895503582,0.8837947472655945,0.8136088467557567,2.2465748263275227,0.36457292708509104,0.23309401237948107,0.0,False,False,False
1.7173832212768483,-0.20831812940149896,-2.5497217697408843,-0.320519656520063,1.5162743250927349,-1.2865538987143053,-1.207339908783963,-1.5028162462751395,1.6629633560806083,0.9002030073537572,0.4966747361489404,-1.430951424717454,1.0,False,False,True
-0.7816509139196018,-0.7361339119776891,0.9337760268392902,0.3339789782219816,-0.5080287355190417,-0.36844221538638994,0.9374520946892425,0.5276338101154748,-0.26918650801873323,0.003952582568125399,-0.18057451720476272,0.4314356375858563,0.0,True,False,False
-0.45542672396242423,0.14122197582652185,1.0719735306746427,0.31345965080815963,-1.1248485204821628,-0.3551223423629767,1.3707550139856934,0.7010512595835009,0.01779405037831691,-0.24147605700243055,0.0774937879776332,0.8257906231808384,0.0,True,False,False
-0.45848291624118154,0.5584363756611571,0.4397767890389031,-0.17431730814294624,-0.8922111068007081,-0.15259107221690724,0.6878830816269356,0.6397211276470759,-0.27272178901067207,-0.07283998775062792,-0.5640028661362398,1.1523458297579992,0.0,False,False,True
-1.4319680849175966,0.45059378399497896,0.7943317380562352,-1.0179072975772019,-1.0936544147285279,-0.13988362073720634,1.2684953697917123,0.7028847723378577,1.4706947809918938,-0.4607943928069505,0.42922894446192167,1.1331535988600978,0.0,False,True,False
0.8311977434265615,0.29204215626228364,-0.7246306429328968,0.2635618269693772,0.8546155136746789,-0.6411440998118625,-0.6613104546263383,-1.9179834494837171,0.8033204158756835,-0.5272751116424225,-0.024316176639752565,-0.8407918167776037,1.0,False,False,False
0.9553677719714934,-2.2742602160399246,-2.3443529940952788,0.34946495793425286,1.6525995546694736,0.2017189498372528,-1.8558262518079227,-1.4663084079720756,1.2953414308802798,-0.23890665746162204,-1.5980109077882059,-0.9289493657064533,0.0,False,False,False
0.49158152148453643,0.5484425708421318,-1.14708465713519,0.08455153628184635,1.025750917757363,0.9025415628152648,-1.2173347674595292,-0.832002020873921,0.8713500429121547,0.09019457023829339,0.6601904514475101,-0.9256249688048347,1.0,False,True,True
-0.2773219790834056,0.9862186620901211,0.9860209670061044,-0.7705489305505565,-0.8736643368513929,-1.917176287437575,1.2627430998872955,0.2632765637010775,-0.3125767936981496,-1.1520444292232384,0.040517523845558644,0.7541673704335693,0.0,False,True,True
-1.2739200589408783,0.9157111692952814,0.17869546889919655,1.213832260043723,-0.10383443449921938,1.23228044540208,0.37130584861999505,0.8925140329244955,-0.1648178680075117,0.4623386958651475,2.127311814701144,-0.026368579953318098,0.0,False,True,True
-1.5238659317055905,-1.2120010062346631,0.7168992320728345,0.10060551946936915,-1.2850432265946483,-0.8296538986659109,1.3330187432408174,0.37843939832362794,-0.4247952713145694,-1.4763530453977456,-0.7169805278170495,0.7931856848772461,0.0,False,False,True
-0.5267589725544805,-0.04577686982657805,0.31283875003167716,1.3625612326518677,-0.21562215522088968,0.19598621546714073,0.6097148518740139,0.4028028036839403,0.4233197951226812,-1.1106676041857635,1.0079674887583825,-0.3735090589907512,0.0,False,False,False
1.1525210398184562,-1.551386844400211,-0.8825931022652812,0.9121370908540009,2.801321869676548,-1.0806166256563656,-1.264993989011689,-2.4982957340353344,1.2242400912567524,-2.3474555896150617,1.0261400310749036,-2.6195246350622874,1.0,True,False,True
-0.5586080832781142,1.9409149015249614,0.17920669753903154,0.592084673144681,-0.5505906060230883,0.038280692007021284,0.6621458620535857,0.14555404313755085,-0.9107240849159348,-1.4937469891257515,-0.34377439071709165,-0.0012583291193847144,0.0,False,False,True
-0.647360193741264,0.6062837397004048,0.04350568008545201,1.1457471141996702,-0.8812696810988111,0.1622095016029622,0.32991844155481564,0.28401385165020987,-0.35131421304943644,-0.4568096618533926,0.39094771762361613,0.015113617867049765,0.0,True,False,True
-0.2729967400826828,0.8111805404095239,0.9040013261460635,-1.2300246193714282,-1.0049822482293356,-0.3958117573787308,1.2211154692066237,0.9500583658173762,0.12810479943905062,0.7744033370949946,-0.010201040928643853,1.3406738365441562,0.0,False,True,True
-1.2059491108027172,-0.13265560416299252,0.46108157723358795,0.11968328973732077,-0.72582128475028,1.7972186883166017,0.5220091078621154,0.9469740318582747,0.0945493678578147,0.634451588353492,-0.4189307226955561,0.5269257242505075,0.0,False,False,True
-1.6058540244248634,1.3901120932797537,-0.333304999829611,1.2248816785834815,-0.6563431868186645,2.5481646259535493,0.024139417854523493,0.8740391841310046,0.6014625218313517,-0.7537774687776072,0.550168084178921,-0.03305674588887183,0.0,False,True,False
-0.3292035956978499,1.452723460217218,1.481785367745457,-1.6318828231483749,-0.7168992925052202,-1.2275291897548903,1.2510841873392218,0.47868020620801593,-1.0002576222335864,0.14441053204599427,0.9064668348775685,1.6989011256315132,0.0,True,False,False
0.5863777330177526,0.5193825217236325,0.3264407146410164,0.1528227418471887,1.1577955685821304,0.08099799782842977,-1.0686866510874675,-1.8104052897432807,2.222911414807527,0.6789540028820825,0.8350738282573706,-1.0732302500078459,1.0,True,False,True
2.0001350014562216,-0.12303624122220777,-0.26268585149375157,0.8841998236207816,1.3760390941583496,-1.7460093714639249,-0.7441885310200909,-2.8879747997047143,1.6808017573242988,-0.19239163825001296,0.24450981335721558,-2.081421998745433,1.0,False,False,True
1.1020510081881094,0.4162916995373085,-0.6268234578858676,-0.5911682315792761,-0.4129389788266253,0.9024449291233761,-0.8899741288065502,-0.016435709131068187,-1.8056612067074078,0.4305957008181606,-1.307690335932518,0.21662285466846568,0.0,False,True,False
-1.1849853347566695,0.42116404219980913,-0.04937526258761844,2.1905735151054295,-0.1645125493885624,1.8844365693633351,0.09852771546516995,0.7657422549774892,-0.46699703729702846,-0.7761485563504178,0.4897066618288875,-0.6997756064435547,0.0,False,True,False
-0.49213743671082,1.9715421023710744,0.3907517961342264,0.10410617507565396,-0.21176129016904896,0.32633187276063924,0.47092032467985734,1.7960425778294569,-0.608156528038573,0.2175699864308531,0.01181004102134121,0.2387534008160162,0.0,True,False,False
1.7363392606752597,0.559299208461178,-0.6665967706055537,1.0046950600190556,0.5257960589738688,-1.2828636027974467,-0.49125400744451286,-1.5445568533620269,0.65686364304208,0.49538488652342083,0.00634761289187383,-1.0240811765164104,0.0,False,False,False
0.2883875256545075,-3.14525728251998,-0.5502816690539998,-1.1654434592976104,0.5248296718154633,0.6160368399721257,-3.5984786513997453,-0.1539083691380926,0.9315809332163267,2.9636888561817343,-0.12778321909315568,0.25634591913259175,0.0,False,False,False
0.7631472829602102,0.9403921171345236,-1.5293298222012612,0.08583953999712182,0.14221382111990163,-0.3382596683630501,-0.8473776804154557,-0.983537523166138,0.9993846503845707,0.17333451744182926,0.530569045103286,-0.5940559018761709,1.0,False,False,False
1.3379481483188391,0.04781825214937717,-1.389933645101786,-0.03135682689951376,1.1837009669765806,-1.5715085113503975,-1.0412231066840814,-1.6721703415157647,0.38813096310004586,-0.4956898553900748,0.3395317547774231,-1.1310246729605011,1.0,True,False,True
0.7590225139111252,0.18369667944445497,0.2109460503887103,0.7861935027807471,-0.2861105629815235,0.22578077245764944,0.07151524589485454,0.6210165216017924,-0.8244527464024967,0.32582316727187893,-0.8532397310215414,-0.3818855253348375,0.0,False,True,True
0.1872768137067343,0.3312064905758514,0.3005686570816526,0.05426373538042662,0.45144730506372927,0.45728383440222514,0.370814928776844,1.0185045433615352,-1.2889650396620584,1.7064965585690877,0.07809530594896792,0.163866391728881,0.0,False,False,True
-0.348701847089239,-0.9101729324508347,1.296206958914208,-0.728681436076018,-0.6889157136692721,-0.32253206412883134,0.5847932022965434,0.43887743566772064,-0.7452309014810002,1.292986754568214,-1.3090015504686685,1.3491753755818598,0.0,True,False,False
0.31386026040929677,-1.5019773252803255,-0.003933240554282968,0.34909394043327413,-0.1416017754158906,1.6121569302383405,-0.6207027948221461,0.8199640933771192,-0.39714013348789934,0.2758079521510519,0.887610196356488,-0.2489253190773504,0.0,False,False,True
-0.5353596379007641,-1.0944091192925913,1.257168207313364,-0.7526910162648811,-1.4064837442148161,-1.3336400250647835,1.3277767592898242,-0.1387821830497501,-0.3535604182962671,-0.9671233736462134,0.3341779718936987,1.1832347824558265,0.0,False,False,False
0.6429310495206421,0.016385200031148774,0.27732204526002124,0.5583675065511131,1.5425680221153992,-1.305689038305198,-0.7125466807268044,-2.252767522398195,0.3065633292827223,-0.07672796716740063,-0.9226814651122401,-1.4068677900814368,0.0,False,False,False
0.08666623955741763,-0.3644729017221836,-0.4595057710914841,-0.32395129122411104,-0.5640699946097375,0.08296979443017685,0.07676769923726434,0.761898927173331,-1.753152823712013,-0.42664977840084667,0.11815650599883028,0.4293432671582547,0.0,False,False,False
1.730508037010313,1.3103666293720901,-2.091717847260022,-0.21094524283122557,1.5444792914272807,0.8764603301346517,-1.3644517819383453,-0.8289477446573066,1.2181348086936974,0.35601857254125985,0.2979892687365498,-1.469280712807287,1.0,False,True,False
-0.8853588508896842,-0.6183310518553472,1.2870187674888496,-1.5754840083566606,-0.68920937125694,-0.9970003473268585,1.11511679065296,0.025236930800183993,-0.610106586715613,0.034506252737140065,0.10020993327309767,0.5780138900756296,0.0,False,True,False
-1.977818288486287,0.27220011662217647,0.6105084896496518,-0.8550587552532846,-1.4978078035614943,1.4282735299059883,0.6875938799044129,0.2807135269304864,0.8024204627094176,-0.30712471421258497,1.6277181911405922,1.5365200113748476,0.0,False,True,False
1.346867130838574,-0.689926904998602,-1.32430608425547,-0.6269995130487666,0.5500751666376152,1.8572775206769694,-1.4385492049792663,-0.61251516493162,0.6544526422919222,0.673774265383781,-0.5267623004277115,-0.7963608996960494,1.0,False,True,False
1.149278839669729,-0.18571228065414597,-1.4949516477650502,0.9077656394596647,1.4005555306326651,0.1872841510783447,-1.2773143601271897,-1.8207586820988562,0.9184585518945023,0.06803741285944014,-1.506033617777788,-1.8806280494782341,1.0,False,False,False
-0.20549287559335155,-0.2348585900135626,0.27886954598664426,0.272037806916382,-0.6015923155555453,-0.14237386330361,0.37806476225752755,0.41605344125210886,-0.6729597958052637,-0.39698928481331297,0.0927290215885431,0.27110201701704334,0.0,False,True,False
0.316669668552947,-1.207768860323417,1.7891484222009824,0.07439209366360737,-0.2605687818464366,-0.3052051555978047,0.9457347698380183,0.3164587377861423,-0.6431105163023071,-0.251399943064165,0.12797721341671087,0.6831082409396834,0.0,False,True,True
2.2345375537477135,-0.04009798531122839,-1.4645236124335081,0.2522381937402995,0.8803221742556443,-0.10680310870521179,-1.4267751267940354,-1.0967138136531867,0.873780065107825,-1.0732207064936115,-0.199574876826032,-1.4249641741681052,1.0,False,False,True
0.5436600966165366,0.06584114523219739,-1.0849906663211928,0.9978969660724196,1.5753555523169005,0.627776052348494,-1.2230079045592708,-1.6299638442364313,0.08760047671910175,-0.2620543907381987,-2.079158174160477,-0.7288946601669911,0.0,False,True,False
-0.7610164258571419,1.0995748393989069,1.0146461581910484,-0.2453596853797111,-0.9089616556846111,-0.9555330995199897,1.0559175666393548,-0.046018370593551926,-0.29125435178196357,-0.6313516966494117,-0.03692439055190535,0.865021335540317,0.0,False,False,True
-0.0918705450266105,-0.2818980595183494,-0.6186482235106066,-0.49111192482214017,0.7210195339873946,0.8999211463434346,-1.2947848426187254,-0.7428626615507835,0.8311948211212877,-1.287118541063546,-0.31604847298354094,-0.6547456853203563,1.0,False,False,False
-1.0470304600157683,0.0011908428936901019,0.38490967785855057,-0.07515180640771235,-0.7718560698752412,-0.4322424706328232,0.5913185839177492,0.34771393715032733,0.06786888942769613,-0.4618052307972228,0.2181862241470335,0.33775999772711585,0.0,False,False,False
1.216917175011258,-1.3173725388531015,-2.2673936787923337,-2.359907790304976,1.0791032444323627,0.8178487560235799,-1.508675548204408,-0.33865213685171547,1.3135509362819289,0.537868593099997,0.47345131835973275,-0.5837698264727504,1.0,False,True,False
-0.2632163901573242,-0.15573742073457927,-0.2808365104132727,-1.4952420387591085,1.0965675695091792,1.7463172742997677,-0.7338103768423734,-0.08583447498735278,0.0032384418143001498,0.08008500344870885,-1.062196340951637,0.08024775063803621,1.0,False,False,False
-0.6691042254914603,1.0305022457645463,1.0292360919396957,-0.28768616152732945,-0.19623648206582534,-1.4429875233248453,0.9173803068234502,-0.416400401144497,-1.1692287368812544,0.10331461645672933,1.405173043362439,0.453466184414308,0.0,False,False,True
1.1798569371361463,0.14673767670764576,0.3018151460185017,-0.1134071583639855,-0.40796605565145316,-1.2963580305150944,0.20394091425623848,0.10233058163089243,-2.3142651019391813,-0.07708992642544134,0.72901377908706,0.25139814656522463,0.0,False,False,True
-0.9241846407416884,0.23713961588302668,0.15332821393498677,0.9737560715872812,-0.31268111437785157,0.3776728937582041,0.45623639587540055,0.42602887665351397,-1.2720729236236217,-0.2182966858298471,0.04513458406986097,0.15478531839327594,0.0,False,True,False
-0.261555212125372,-0.18967645182649195,-0.1906111940900761,1.7403527621368446,0.15510811040355796,0.31372794431165396,-0.17261649245088004,0.2865609099144904,-1.3266514806817973,0.39713865968038936,0.8155062170032197,-0.07117982826521697,0.0,False,True,False
1.8293254436214001,0.6588976280180486,-1.5053242894459924,0.5998342102934284,1.386303433199756,-0.28832032890421694,-1.1668310288050365,-1.9400836312334573,0.5591890264998726,0.4361165273611895,0.2311676240258401,-1.4728608581735825,0.0,False,True,True
-0.6957925203073646,-1.3200870973310712,0.17531578627175265,-0.6686568297409463,-1.36891874416467,1.2154762325520934,0.48080705239726274,0.4177656887265693,-0.3404747801577054,-1.210313964518077,0.23042365994243277,0.867222336736659,0.0,False,True,False
0.9697078510910419,0.33441354894572756,-0.9806361014750489,0.8776061466885043,0.9515707514754659,-0.6059503795689514,-0.6339977308907916,-0.8745031272707914,1.5383365219333975,0.6371590101513301,0.7884142207234242,-0.820533738191698,1.0,False,False,True
0.16161974843470392,0.9308959657129141,-0.0711510897151215,0.3256089425046896,-0.6569155929570486,0.020540503874248515,0.038013651280829175,-0.3797589599309456,-1.2219123164511552,-0.6611680621700544,0.7752461502053605,0.31104804301872613,0.0,False,False,False
-0.7885812587621666,-1.2971646592656045,1.3163311583011166,-0.12715638920776134,-0.7492734127751298,-0.20102171674335478,1.3892993801605134,0.526223415050795,-0.25644383949853544,-0.8262210082294309,0.7663740551975047,1.3596324218827083,0.0,False,True,True
1.1178657336482805,-1.4764905377094302,-1.1226570608213404,0.5537360450629637,1.166169166536735,0.5980820515711667,-1.8202219470340295,-1.5636069273263125,1.7012369381180787,-0.4225330036965137,0.28514895014803965,-1.9280979840429553,1.0,False,True,True
-0.9234158726735853,1.3309117339695777,0.5423214147634285,0.22235100974594665,-0.330607677530772,1.19234331348633,0.35177578335380916,0.6367926083183572,-0.27291215677424757,0.02154828727113964,0.11272957715508672,0.459840030922944,0.0,False,True,True
1.204269253068118,-0.9178728008760962,-2.3879632577303886,0.7391680607085106,0.767679856497326,-1.129214974265835,-0.9936712446149754,-1.4455482652949685,1.2723228296206606,1.7942400422104086,-1.4910411785075735,-1.0774196722952218,1.0,False,False,False
0.15431166181309405,-0.6950947054812641,1.5533543460583115,-0.1267177767758704,0.2132894875074782,-1.434460312699264,0.7232550350976075,0.5551106767677758,-1.1649951223002175,2.197272791910388,-1.4001889660228672,1.09744259961754,0.0,False,True,True
-0.5378135277307899,-0.47477177644043006,0.6147729497353527,0.1901169377600896,0.2825726210730016,0.32362134135781045,0.5893377275570459,0.8541288528678512,-0.7754467055803648,1.4786390810051007,0.3433983236590375,0.32289491933910275,0.0,True,False,True
0.8958388317157485,0.04849813590587387,-1.2050147325790566,-0.00024274377404637527,-0.2800609509060427,0.5610051329081688,-0.6267872358579203,-0.48023877913094865,0.6915691715724145,0.21902975732010002,-1.210732663798834,-0.39480196063636847,1.0,False,True,False
-0.3456957390630949,-0.5842397166881328,0.33837886854271876,0.9745164993594752,-0.46627415635012176,1.0338933057149404,0.4955535522155094,1.1210794777498594,0.8994405962822728,-0.7204189066296123,-0.5056778331087063,-0.34666884304413587,0.0,False,False,False
0.6088217828701327,-0.2848990993912303,0.5042559340970361,-0.1588286004937295,-1.1579188244572651,-0.947059746215309,0.5570696519484373,-0.12391607149675177,-0.6678726371917415,-1.1142946023733042,0.12072763645355392,0.8854421232116458,0.0,False,True,False
-0.2622220023073544,-0.3848821114385441,-0.9747955643947606,0.34425850456663887,-0.4742993572307942,0.15285913168410772,0.022892269984049515,0.3197294994826094,-0.20230432186008043,-0.36271964159951836,-0.4865516806916592,-0.5087425727458948,0.0,True,False,True
-0.6960274870486856,-0.2353865705663457,0.21383320426255,0.6256425107802012,0.7346193003474417,2.2407687686868893,-0.5113843663937804,0.5041036837113588,-0.1356544004197277,1.2450032831363729,0.7395175633702551,-0.87574736358042,0.0,False,True,False
1.3770652384418638,1.6000760876323061,-0.9428813514006353,0.662390885425459,1.836446133973401,-0.16580057351136218,-1.3588732058008277,-1.594331577476896,1.4548756895871329,0.7248828729677321,1.7807675754165218,-1.5591023366765093,1.0,False,False,True
-1.1680635351579223,0.04865067721186955,1.3161153999808894,-0.44738571224438545,-0.9004636499494646,-1.1050809468312761,0.8421582026337033,0.8734228642133304,0.48231230835798555,-0.10280399019513684,1.5183804104499177,0.6712922252771872,0.0,False,False,True
-0.48218948469548406,0.00028221507978032855,0.26786139063677933,-0.18993883333585818,-0.8106993000089746,0.2469774342091671,0.4775216202453564,0.2932401435647574,-0.5107359081791764,-1.0056967057503035,0.7333967984876385,0.344975908295526,0.0,False,True,False
1.2861273125259622,-1.003850555757054,-0.6464421214550604,0.06998262042909557,1.501883476477464,-0.09282178057754535,-1.3388420099308296,-1.532111928689751,0.5491157919791194,-0.6712388183459498,-0.3175237483740608,-1.078471668162157,1.0,False,False,True
-0.7839883130976695,-0.6210093369521549,0.9609808463868802,-1.0135116698681865,-0.12670307061165864,-1.2611575022146504,1.9168869969081377,1.9072290197911783,0.054793715629772324,2.699255196213086,-0.9231259613850323,1.2482144100562498,0.0,True,False,False
-0.24038237844082447,0.2746006113967841,0.4125263594082205,0.21019706163457563,-0.2824288938629282,-0.0679352014553636,0.4189634788644495,0.47854580076195197,-0.582842589241742,-0.07974382030972191,-0.018485586933241042,0.2573181764707197,0.0,True,False,False
-0.730372089333596,-0.23478332936046012,0.4930853249217585,-0.08026938747069783,-1.2289855959452702,0.23673945102830662,0.7162597461930162,0.32576624067452037,-0.2690957214873524,-0.8210789706955128,0.49688805317560353,0.8413323232237099,0.0,False,True,True
-0.07814293618474422,-0.17815380403533612,-0.4703567902732941,0.5411406717714929,-0.1639299986214481,2.582750952295651,0.13168582544779936,1.5250768616183488,-0.5476801376813287,1.1665926889614353,-0.39864764457622603,-0.2505922217193347,0.0,False,False,True
-0.28365797614181903,-1.2910999379676904,0.6602201109810759,-1.9342749357230036,0.17839449140832525,0.7356615468798251,0.19815658403364053,1.6236807931249626,0.38495442386994655,0.3324422027881076,0.8871553404364686,0.7470936389244769,0.0,False,False,False
0.41265556342933457,2.9120869000352254,-0.03023255732476054,2.1202657438972135,0.09403729355069086,-0.27909846026078555,0.1111967673935218,-0.12401909519327504,-0.9211235668133916,-1.163265811237957,0.5311199135386646,-1.0279578103410558,0.0,True,False,True
0.049266226293999925,1.1167472924978536,-0.7107272508579663,-0.8497697850352164,1.5016183281687123,2.5821577050741547,-1.775060137774101,-0.3196794524953206,1.6483214547709277,-1.810012000784844,1.3618042839760167,-1.0001313580775966,1.0,True,False,True
1.240075392250878,-0.07376836132610616,-1.0526816088813078,-0.5774841579920765,2.0230895822914783,-0.9048707271396771,-1.5673961981770808,-0.641167464324618,1.4436147683604632,1.2247392408941526,-0.14988705123988766,-1.3330653046106342,1.0,True,False,False
-0.1655437482790906,-0.04820489772793679,0.07274533598658807,0.4003904515958161,-0.5496896383701081,-0.3131019356727114,0.4560842174009671,-1.0500317278344844,-1.3405623787707521,-1.725632812792901,1.7265511327575613,0.09031033086943609,0.0,True,False,True
0.039102706027870845,0.015619189980027325,1.3108713029196157,-1.948207827164625,-0.6523061400100968,-0.7800876022713434,1.0073218456479527,0.7991386601591712,-0.34140616099557186,1.049969163354512,-1.5895575991976507,1.5976522917318043,0.0,True,False,True
-0.5439015393280444,0.5472865935013105,0.6827966163548396,-0.17214645705015214,-0.8677318973175043,-0.3146888793777128,0.5102241327114776,0.8967719067508511,-0.315522615892339,-0.31517488931163457,1.0038756306041718,0.6229671251073869,0.0,False,False,False
0.33525439508352495,0.8213282457259646,-1.745986683307884,-1.1312068576894545,0.10850468489083219,1.914644873622883,-1.4536753700536182,-0.22767864842878222,0.4077740235108499,-0.4075020448222778,-0.0395550589684908,-0.6371294497418182,1.0,True,False,False
0.05728003439228752,1.4238270388298222,0.7393758152926622,-1.0397205391772424,-0.5660408740193682,-0.12040485352116254,0.6288299360232221,0.6351503291357773,-0.3865271081644689,0.20280255787139795,3.4952143161741374,0.692619800702306,0.0,True,False,False
-0.5274616184607472,2.291501896315661,0.5270246079520858,-0.6817797152500956,-1.1103582552478921,-0.8366670933759073,1.0877486357428992,0.002455033640294047,-0.6512067851883803,-0.10656143535915148,1.2298356899895728,1.3976425875935738,0.0,False,False,False
0.0975916359464605,-0.5217326316582066,-0.6118873423348823,0.3576501621903429,-0.6357500439947302,0.5971289518738554,0.26640447297970293,0.5277039093652717,-0.5852733036994926,-1.4126098900120745,-0.3743834983574757,-0.13162961948582888,0.0,True,False,True
0.18623478337284444,0.47730077353510847,-1.235721181981887,0.1880918403296695,-0.6565323540596736,-1.0762112356286915,-0.24625962916693037,-0.18385345182743323,0.19714279300222537,1.9324981182498797,-1.791115999345061,-0.24232185521712227,1.0,True,False,True
0.8181233581629775,0.11865042448150422,-0.297714073310548,0.0114492095526749,-0.2924675792102818,0.2936638273496034,-0.10688880811507168,0.6801604620730242,-0.7048565339271059,-0.5852279747362391,-2.6802910851197614,0.19395177347133233,0.0,False,False,False
2.6112641449422678,0.6657700826479621,-3.048633688987009,-0.8772732286540417,0.6786128385628734,0.24216268818792677,-1.7119638123257774,-0.006732655214499801,1.3370364186124728,1.3247120914810049,0.05290302766113165,-1.0810242508368824,1.0,False,False,True
-0.5822414893512352,-0.27228765274848815,0.08258882679679169,0.8231706461618924,-0.891451536174534,0.5699103238877864,0.2273463983604841,0.7434780865609406,-1.1375691266193886,-1.2627684181827243,0.9007465935925876,0.04739945082205157,0.0,True,False,True
-2.7028066938107793,-0.2609288094058787,0.16964484266543836,1.6117199347579692,-0.6682728399751051,0.38440947170519,0.5214136611095794,0.5142288888704677,0.407701909793037,-1.2458490371972373,-0.24691814872214535,0.17920985982460153,0.0,True,False,True
-0.045606083235088746,-1.0941877972101939,-1.9506708696540953,1.0109561989149625,1.1434681144462382,0.2765082077739338,-1.471928244182022,-1.6954375540101936,0.5164203239603822,-1.3183016653424988,1.9048739381905937,-1.385811044820641,1.0,False,False,True
-0.2900046558556906,-0.1709171964771272,0.2582783624876322,0.7907274950780651,-0.17341252124639658,0.4276121277816421,0.40629656371438044,0.419412061941368,-0.5080445332807795,0.3042170441081193,-1.4832354834008983,0.15826187330481487,0.0,True,False,False
-0.6008888411267117,-0.363850390791948,0.3382489779972855,-0.1445102689835008,-1.4861575214083471,0.9484447689466765,0.08531742359441062,-0.9843118224314127,-0.31520682162028435,-1.30018991710514,1.416650697409199,1.324364883325377,0.0,False,False,False
-0.22766093459074185,1.3693911868439699,-0.3819349663501415,0.6677168783084712,-0.6615399348552231,0.08081082343421077,-0.07485395182873233,0.15637661958341487,-1.7991794805286347,0.18328766759253332,0.4315754821599839,0.5206199495025278,0.0,True,False,False
0.04197146959362809,0.5621472540223141,0.752539648876731,-0.3707167576601322,-0.7024766651607591,-0.2348961083142942,0.5511234427149175,0.6781824949616837,-0.9828122087231477,-0.22281880198047657,0.008173221640270607,0.60123580259195,0.0,False,True,False
-0.9714962779440689,0.7356220001373504,1.2993628948788438,-0.18147731606756867,0.46903537083173036,0.17605276115588855,0.9854157630795146,1.34017260845322,-0.2371026798411417,2.10360749757525,-1.2287182222860082,0.7295809907229946,0.0,True,False,True
-0.7087374252273685,0.08461524821013706,-0.6392966140504087,2.2907410338763436,-0.18724465035545673,0.26486634529688696,0.013193913398387764,0.9827112026323582,-2.425395335447234,0.6028090760910686,-2.8380617273878355,-0.8652595540201042,0.0,False,False,False
-1.1886412440897058,-0.15826597541442008,1.0685028526197604,-0.8775940279288348,-0.47416967774110924,0.3139901791755846,1.1926872025704043,1.7900254008634156,-0.3074186872853797,2.0483757992494063,-0.12030766279637022,1.3498811876722712,0.0,True,False,False
-0.6519315912987055,-0.2535958889949002,0.9461854148535347,-1.7823317177130726,-0.5148713567630316,-0.060868466439398694,0.8936478428454787,1.1797849012275412,0.1458401597520474,1.0804265280995142,1.3771265318672916,1.3994339187682077,0.0,True,False,True
-0.3690184572575454,-0.6076322374680593,-0.4646554178439613,2.3109846475193905,-0.33902545227255015,0.9145094803102035,0.29988416594495393,0.2936755494165532,-1.6809571060454274,-0.7800880991513076,1.5058451377448394,-0.0338393963919988,0.0,False,True,True
1.697928427685539,3.0361147368423445,-1.467156373997428,-0.27890770443815227,0.8729239898569646,0.19923155344651,-1.5157375568001519,-1.0562002598186881,0.4533014381505581,-1.6235717617216001,0.4826774181445605,-1.195634512206105,1.0,False,True,True
-0.9744821243171898,0.19211737608135748,0.8371670839598396,0.052068576855011914,-0.46642763459896824,0.9819439818697335,0.6832437000346443,0.8456467491963249,-0.18757386006547488,0.26299759085699465,0.01800995373549314,0.7778679276342488,0.0,False,False,True
0.6659509818418512,-0.6092041708496095,-0.7522451890670829,1.9473638464777636,1.7402886512879292,-0.513061577185609,-1.0068001980762467,-2.3218804030876576,0.6701137187818605,-1.2205250338184264,0.1433206046305552,-1.8569573974988278,1.0,False,False,True
-1.8422786767263628,-0.5775200427945842,0.193931710867877,0.5671453165932859,-1.625585900601405,0.7731440887955443,0.9178210835927338,0.4725586631512241,-0.4360828929691277,-0.3984369914655624,-2.860565516992281,0.8738782246107101,0.0,False,False,True
-0.32837256235990214,0.35729162987335544,1.2483344326394534,-0.34897280346101855,-0.10402100996170403,-0.4471108518488459,0.7517034568247926,0.3514036602462691,-0.22591749682407092,1.65770531835193,0.01371279234094244,0.4158294085862684,0.0,True,False,True
-0.6688295829191604,-3.2412621403552824,2.9400014186371646,1.1799190840244738,1.3911697259134534,-0.336935041713062,0.3927285930967929,-1.6452711262349184,-1.5507601508972082,0.2275464299115148,-0.32585858597846096,-0.25480868483197466,0.0,True,False,False
-0.2516255361342149,-0.989739382881514,0.36063328652265947,0.46411155261032305,-0.13427533617721574,0.34871291100425894,0.0593938691917031,1.2075494808535676,0.16430108294123694,1.002039472921943,2.292141275649126,0.3002581604799543,0.0,False,False,False
0.03629926613290395,-1.3743508112661709,0.4175604010356994,-0.0274937325047532,-0.7441255725934249,-1.6442602407893638,0.8643860803929049,0.1722390903531232,-0.41900140599970465,-0.37278202855154363,-0.8382499640541223,0.36709040465415865,0.0,True,False,True
-0.35060129782524735,1.6712991539816304,-0.7971842661101443,2.179380837068511,-0.2832634637383102,0.30152525656339585,-0.34518519757051763,0.45907556485953915,-1.0184249259018372,-1.2546412770525146,-0.10117435451676134,-0.8103544578957904,0.0,False,False,True
3.330595400166132,1.5028183383505154,-1.047430501244394,1.6295529626764595,1.9291638885435893,-1.2823549475351008,-1.3967800635005132,-1.3687041380984284,1.2624832713612684,0.02312843409463817,0.5543159357401802,-2.586409198900273,1.0,False,False,False
-0.3958499034622849,0.91070069118523,1.7006014059723014,-2.7450620118832383,-1.1089260133986152,-0.5090133733592958,1.248496522655705,0.9296465892189215,0.1916258480731078,1.4998871884621385,2.2576987662577728,2.1843508653963464,0.0,True,False,True
1.077441056172593,-0.5114938979502707,-1.1862776562808395,0.4489292136169942,1.2174412644902193,1.5932463745700647,-1.72322152064717,-0.9253247245611321,1.4901569219724635,-0.846617576950205,-1.7010665368429287,-1.4015018871942742,1.0,False,False,True
-1.662461063638609,-1.178229170507092,0.7499800143925246,-0.5237390089385201,-0.5805036502991705,0.5557891092629302,0.9613005405251631,0.6333290603583329,-0.4315584453902449,0.6636857176751111,2.166861398277473,0.46049118656983495,0.0,False,True,False
-1.3723197177473228,0.205054304260734,0.37297419138386767,2.2733351169709217,-0.5619087361030304,-0.6315417715695376,1.0671345598469613,0.3343456151674965,-1.154999434186527,-0.1620556668507054,-0.07135540960614513,-0.2600687002373341,0.0,False,True,True
-0.2687424668791865,-0.42353526299991345,-1.4322194901498515,3.0341188901325995,0.15708071408733873,1.7027608119930238,-0.5802064560153595,0.7769522987353465,-1.856763844451142,-0.129896482822486,2.354483189699637,-1.3446489774502066,0.0,False,True,True
-0.13978426319114876,1.5023501169357751,0.5015807202351252,-0.4619816470518665,-0.9609664557077716,0.012149271915699278,0.27406445970630133,0.632999109604636,-1.818100199576055,1.745074940975069,1.0177009009539257,2.09451054371907,0.0,False,False,False
0.8733103692563818,0.864346273561181,-0.0044447422133431815,0.31251650164880607,0.26557021328593455,1.5004637797001248,-0.43935037501072227,0.8390647880173648,-0.15581377410538655,0.47538554170320807,1.2399689886981138,-0.3571040033552117,0.0,True,False,True
-0.18468185533135614,0.31702600784600526,-1.086256148911302,0.32536771263066905,2.356022251108398,0.7508362849001595,-1.2730173577826773,-1.5295109593749823,1.7053122859321996,0.05756060219133628,0.13263085775748704,-1.393254560580964,1.0,False,False,False
-0.9088598170955878,0.5236839472697302,1.5308441665995176,-1.7182526914743117,-0.7864222194867571,-0.4760419860040714,1.1659164138519087,0.6364688857469267,0.35073121390502415,0.16406435245098253,-1.2313283127001264,1.5436242536992426,0.0,False,False,False
0.8581745655653221,-0.5711350864848758,-0.4993921930793833,0.6866454275953777,0.49488652779105613,0.7289054160216748,-0.7390406773977876,-0.4953767276637605,0.7916096167733919,-0.2161109070005336,-0.2775000477557309,-0.5027149692788075,1.0,False,False,True
0.9855813708750764,-0.31185628288848444,-1.0185527395606007,0.2910821151047839,0.9096953060561283,-0.1412352542945799,-1.5157002614760204,-0.9766409922876232,0.08721186029355195,-2.1324419590598915,-1.762001603070826,-1.3980034533139507,1.0,False,False,False
-1.631842846428295,2.0830242390432208,0.48514063572066213,1.8216136292953498,0.4157965896137505,1.5744088310559046,0.4776092413608805,0.8873060639413755,-0.3101757386878002,1.7968689146842085,-0.7685192282575106,-0.17326332547584483,0.0,False,True,True
1.2312118560824845,0.7827669187607786,0.02826842062710547,-0.33584228641898783,0.21399387311790893,-1.8089761820580699,0.3581066054203961,0.7232526065141729,-1.4822203513702694,-0.5407386969746939,-0.6232944771428787,-0.29534327046289033,0.0,False,True,True
0.7885437074822966,-0.35082383332017736,-0.04520301531506071,-0.12259957247004562,2.030723317809353,0.5746981559081015,-1.4229672845001342,-1.449664711816115,1.1293386380056147,-0.6087068485967033,-0.32127091839446026,-1.2456133808066354,1.0,False,False,True
0.19885972352396197,-1.2174032622828608,-1.184096011159844,-1.1082606823308452,1.8626578744144338,2.345013511879381,-2.0471508218225174,-0.5053573226493602,1.2416773836361552,-0.3722738166574614,-0.6738786658780052,-0.8657078592580346,0.0,False,False,False
-0.26220267312183265,0.322067950661022,0.11705087424500898,0.18092828796610788,-0.3379631306356845,0.1576972063094988,0.2017975353749429,0.4256514659837466,-0.30112173353983446,0.022623127080204232,-0.07012302113188025,0.2731585396924738,0.0,False,False,True
2.845334758939268,-0.8256278601499055,-1.271384769200181,1.4801961593465218,1.2247341050762337,-1.4255919748784507,-1.3418208854636238,-1.5445683769105492,1.0110433305716948,-0.03762647658559252,-1.6648354104670242,-2.2982927562165116,1.0,False,True,False
-1.001778822022661,1.4099641067114108,-0.0714431702734766,0.4500075389290925,0.10280992418435843,2.535853805623573,-1.4087407987982108,-1.3379962405388683,1.3688634175252934,-0.7721700904090604,-0.07601015666704002,-1.1281138405683122,0.0,False,True,False
0.10297412303594287,0.012202030399942951,-0.14684450879098557,0.09595268396816717,0.08923168091133522,0.3264618531826847,-0.35662555945151236,0.1628983919070966,0.17101656654549408,0.06151770552472465,-0.003187542531464001,-0.039243084704380336,1.0,False,False,True
-1.7671827969012437,1.6669843579333077,0.8874232847762592,-1.2284176583910649,-1.6023491761617896,-0.22955453814630328,1.1861548835325904,0.5020196582029286,-0.6397538390773085,-0.1863424623408829,-0.6485635820156048,1.965792231735795,0.0,False,False,False
-1.3041482584080129,1.4884446933834874,0.6503913888362992,0.06329172809327663,-0.5213562323428605,1.8417688223121014,0.47840074110646663,1.6065563225832422,0.7637214136388008,0.7534864580006058,-0.1912109296915016,0.5791738833318545,0.0,False,True,False
-2.2748422801119315,-1.2098836314737174,0.6906858571543278,1.077004285946618,-0.6990605625767968,-0.700437670014514,0.8114103053523934,0.26060185636358335,2.726224298008623,-1.6194251508090238,0.39185307621729876,-0.23912452830501743,0.0,False,False,True
-0.488279562629243,-0.8568692780592682,0.7681988202424462,-1.154798534551963,-0.6626594359617953,1.158122648634353,0.37407399840469624,0.3625415298595995,0.8718201493583001,-0.11567506313296033,0.11005492335768492,1.0956204940969172,0.0,True,False,False
-0.26220267312183265,0.322067950661022,0.11705087424500898,0.18092828796610788,-0.3379631306356845,0.1576972063094988,0.2017975353749429,0.4256514659837466,-0.30112173353983446,0.022623127080204232,-0.07012302113188025,0.2731585396924738,0.0,False,False,True
-0.4270464451212628,-0.19813197187709808,0.9774171992673875,-0.2516684679652191,-0.6535096752021096,-1.1546688599925985,0.6815731647483995,0.5053375537902192,-0.5467816428079167,-0.0037486760479219206,-1.5981049840931936,0.6586714928968073,0.0,False,False,True
-1.536692976105942,-0.12130442025045672,0.9028063578961574,0.6839197352953795,-0.46523282282963757,0.20366514709256872,0.9595991515951218,-0.0009579535896548104,-0.494077633547645,0.2277379714087716,-0.4997549161014057,0.9093408939399883,0.0,False,True,True
0.5780303541890405,0.4610283460498631,0.3357107861413273,0.6611566444215965,-0.46772585034137876,0.08647144637966725,0.8180607542427729,0.43111242352066365,-0.8024618755012486,-0.13427863362624035,1.3203501927964496,-0.28048622399154993,0.0,False,False,False
0.28902940557426965,-0.013040590419998716,-0.1698720616713632,-0.1599551513739064,-0.1893847074679968,0.09031851223974953,-0.30689013436990975,0.020177478709140224,0.20032884389798494,-0.10349494628299727,-0.3014114345612697,-0.17890721985826688,1.0,False,True,False
-0.24124025748366856,-2.187158299607414,0.29179214528459607,-0.29283995485659053,-0.8805785330016501,-0.9937325008992496,0.46790806431781284,-0.10776311281229342,-0.6881323796021832,-0.2842407771731862,-0.020913685619038124,1.0430998249633112,0.0,False,False,False
-0.5050009159649368,0.022169656248077662,1.9125396764598155,-0.23130404767730228,-0.27357762755252746,0.022880762412427917,1.6792806009144017,0.9224304260185773,-0.013510784555611183,1.1845352367429585,0.5578598528533665,0.6481689882902096,0.0,False,False,False
-0.6072632706366518,-0.8996194812063336,0.779491197062854,0.66232725508076,-0.03332307847085807,0.7558438827869773,0.3212381578470919,1.080680417105122,0.3367148529619761,0.6110755252194776,-0.16492213634007893,0.06812497635256434,0.0,False,False,True
0.3969973095406658,-0.03846633865890402,1.0003808628919482,-1.2874017638503503,-1.0510987114154087,-0.4053526631359493,1.044486563858374,0.6324230072082437,-1.3103384174820032,0.04227882214542242,-1.263601855120801,0.5874970509753922,0.0,True,False,True
1.1418880460640062,1.054193547227035,-1.503563142173052,0.43312180482809215,1.739670023558767,-0.24559482533955407,-1.5677321844245158,-1.6473598022141005,1.455016216743649,0.19047978089988432,0.5908998219144702,-1.6356443309250164,1.0,False,True,False
-0.913923907417672,-0.2604344127429844,1.0745311250635328,-0.1683725159743357,-0.9849319079224508,-0.9060987789115332,1.1982117474805498,0.26156338270506024,-0.959291055004067,0.20672436871617172,0.11640721486192836,1.1673423592883863,0.0,True,False,False
-1.4878112593278912,1.0829481903316946,0.5784730361452438,0.18261230691997798,0.14751069469067207,-0.02796568722659394,0.7151721926431289,0.5478085733621875,-0.3195603597085446,0.05780805760497136,-0.061128183649545136,0.14549183048491976,0.0,True,False,False
-0.5348349447379492,0.4065229592631172,0.37717042317445665,-1.049880935344153,-0.4721530068418898,-0.05745177748573408,0.516849164256901,1.0136235726688483,0.23461589641449274,0.07659905585432589,1.1200356148997368,0.5363933740894549,0.0,False,False,True
0.7942094042666425,-0.5577237489421646,-1.3269469343630687,-0.029699067911705766,1.04184090969619,0.4929781242672395,-1.504722295226605,-1.07927203574393,0.21301462631420362,-0.5807469838893536,-0.07831869659100636,-1.0532080738716583,1.0,False,True,False
-0.21300336047964463,-0.4189746504009388,0.6513761299517237,-0.04263126734001095,-0.7168077321552755,-0.3722437932750706,0.8303539082231923,0.7405374172157537,-1.4449598227880105,0.6692974218329545,0.8689427665447912,0.18448157574080187,0.0,True,False,True
1.7821650908378612,0.34031541199772347,-1.2290446986854622,-0.41483068699081266,0.764090857088775,0.2239443074915386,-1.9302392683300174,-1.10303820026592,0.7751208601609242,-0.4893337980283677,0.009341627794938249,-1.3654320933685897,1.0,False,True,False
1.1749266127863398,-0.92761753086392,-2.797125331921956,-0.035245864567391504,0.6264989913831307,-1.239889543133888,-1.37209870771147,-1.5914986974804364,0.8926154406381815,-0.6404308635497012,0.014961082264638942,-1.0426727523151071,0.0,False,False,True
-1.2674760789165367,-1.5873277678193278,0.3351093213493591,1.1338929358677399,-0.481245791695796,1.6115877085868977,0.4848186915525973,0.6046976649049367,-0.17607855581924292,-0.9339843909291091,0.46842321391524094,-0.17090852976584534,0.0,False,False,True
-1.5861494783848256,0.37099640956338686,0.4395552773275648,0.43430741354078917,-0.2419273496708151,0.6708515277211106,0.8175626679388596,0.6088411318625077,0.14879590541865392,0.20539886034068258,0.18881045134083074,0.33769480288511805,0.0,False,True,True
-1.4600849439673749,1.0456461669076247,1.1828622271580402,0.0045241891098611094,-0.8494430115332214,0.6725407679257069,1.1147309620830448,1.0968405676006068,0.9155409940740574,0.6202792307788431,-0.21673426641880617,1.0923573020798596,0.0,False,False,False
-0.08819906213135237,-0.7739405548897412,-0.18307769710474264,-0.3979145604242432,-0.26203541672631897,0.4780567852925135,-1.6071465600498,-1.2201854228465852,0.7387756407131602,-0.9345073497183626,-1.1866053870277977,-0.8873981862467444,0.0,True,False,True
0.6130567695152734,-0.045696597810058824,-1.3018140885762288,-1.4082094015641418,0.7307253179621321,0.8174737713277327,-1.1562928591693649,-0.5303501548822415,0.6680062057361469,0.06782121631580892,-0.6502270318738358,-0.010773890868907843,1.0,True,False,True
-0.2642487053922361,0.03498986027016284,0.3871149439105443,-0.5692293058940163,-0.12459337752329432,0.04338385624319392,0.3136275118425705,0.90259590981117,-0.3375587188196078,0.6393886535514149,-0.026445247191452987,0.39661883162935163,0.0,False,False,True
2.075929056201018,-0.5249122309631391,-1.9523120908506555,-0.07858823471434585,0.33699566239941103,0.27636617878446623,-1.3758758295024547,-0.8573970803754802,1.1328397180647183,0.08326161200466395,1.431604906812033,-0.9122653948135937,1.0,True,False,False
-0.29713787890826165,-1.1099606957842796,0.6799351704303405,-1.7860512143215848,-1.2833362668558297,-1.2283830102244675,0.8231947468255223,-0.12060207408157438,-1.1371816091007678,-0.6690887066368306,-0.05341205983157612,1.6058604169402946,0.0,False,False,True
0.7342237676937711,1.5710899038426522,-0.41780008004198627,0.2831045983981592,0.8449620136173513,0.32321694752816366,-1.5829798592581519,-0.8131559653203227,1.2833911952557038,-1.6180123881647728,1.8526319609471569,-1.2175447563774289,0.0,False,False,False
-0.4696312478304473,-0.18474114990750923,0.38897904009739914,-1.2457607472455885,-0.6977899675073838,-0.29211420961686513,0.6429224731850495,0.21938932119380547,-0.5752176514560833,-0.8842094679719015,-1.0998368296176708,0.8085956460788881,0.0,False,False,True
-0.48410050501800483,-1.580268593026874,0.3937611930228299,0.7565791203041882,0.17630430786663703,0.6602174242736735,0.4872352673265996,0.5549271297105947,-0.8619525633750502,-0.18542924816644965,-0.05523871593662045,0.07569890061911279,0.0,True,False,True
-0.7705104989178118,0.2459341448548859,0.6658108171832761,0.01041767575206286,-0.6148307850047489,0.13900817294601506,0.8206312090202046,0.8210309143281144,0.660548476587482,-0.5420871339386443,1.0004559641732491,0.33856795298973424,0.0,True,False,False
1.3280144669696587,0.8988197221697427,-0.357332344289663,-0.35883232754573857,0.13323264381049144,-0.09196689742196788,-0.772184634677922,-0.15426021326504455,-2.0795759957514433,-0.263415155674098,1.0171219994229317,-0.06104819589217219,0.0,False,True,True
-0.24329625409873012,1.2679612723898621,0.4966065053480808,-0.8767431527238112,-0.050900896798728,-0.9600197862365923,0.5344442089756932,0.39488083141071495,-0.2751066840245602,0.8873637578788783,-0.012370831967327231,0.7712473048075507,0.0,False,False,True
-0.5953742049648415,0.29660839386859106,1.0002309745103397,-0.013685428105312553,0.6939940881977542,1.6084317501948586,0.2762301045760313,1.5260835893486737,0.5181507057616958,2.571354884678471,0.7020484752259962,0.23934569934152733,0.0,False,True,False
-0.23527260157540295,0.013381108914792807,0.6504040748603669,1.0593616693355201,0.40139312032781715,0.7244029097872117,0.4419168656647464,0.7556967058266217,-0.4700826596945808,1.716295595000052,-1.1555117329806888,0.15386956636210963,0.0,False,False,False
1.8044050588701477,2.243633538673994,0.5200641244609869,0.6402932988686278,1.2334694904419794,-1.7313975650507492,-1.0266476453066566,-2.717598091868459,0.5019124236030881,-1.140794154325998,-0.46965485620833153,-1.605336289564828,1.0,False,False,False
2.6178621787056704,0.2653549973179185,-2.0090780087384466,0.829440011376583,0.4602972116985933,-0.5674176958476654,-0.9954291275486714,-1.4884228971277325,0.7017177561825347,-0.152640691969634,-0.06014329141545515,-0.9306635136506077,0.0,True,False,True
-0.20549287559335155,-0.2348585900135626,0.27886954598664426,0.272037806916382,-0.6015923155555453,-0.14237386330361,0.37806476225752755,0.41605344125210886,-0.6729597958052637,-0.39698928481331297,0.0927290215885431,0.27110201701704334,0.0,False,True,False
-0.4624635735551111,-0.10291879324550524,0.09647559727450186,0.09023849778397156,-0.4759753638764602,0.17551046189742722,0.3742951585543762,0.3447716198008868,-0.9074938551439802,-0.45275074275032534,-0.3707562605979625,-0.4171281591072145,0.0,False,False,False
0.5415678451094524,0.023662552129187085,0.5623078591964852,-0.12549782844940902,0.008963207808449492,0.5001378985497215,0.05460194503608866,0.6545489824964681,-0.7344807035485331,-0.15787254409803386,0.16704264901570742,0.5680774155497161,0.0,False,False,False
-0.632050203031395,-0.46384300369665526,1.2507324792466075,-0.7824678739932717,-0.43382678111074213,-0.07922246785006447,1.0208955585917683,0.7921227591846729,-0.5090174190153948,1.1775205947518668,-2.3935775195996043,0.6276426313969069,0.0,False,False,True
0.9623347649798435,0.8368606309698992,0.3441270231472312,-1.4429788411110103,-0.5092044059647858,-0.10281980088861348,0.40255311286182893,0.7678056336877991,-2.0651661163236654,0.47687482922711705,0.45479571001049396,0.8527873933417579,0.0,True,False,False
-0.0832557937766687,-1.4947969074545648,0.825705960090574,-0.36234819548572095,-0.49677201256783,-0.5843692678755371,0.7573253046916248,0.5290738179392537,-0.4874076916857753,-0.10391723191924962,-1.8782400692729169,0.5532104832438745,0.0,False,False,True
0.7822683141603601,-1.044611981097304,-1.2953378105682254,0.1983673778201569,1.6241627006654167,-0.35818263304029213,-1.3618468660771736,-1.2700355105467858,1.4839662959521829,-0.33291835246473167,0.6676096593182635,-1.8215472809654332,1.0,False,False,True
-0.531616259460519,-3.532060005619764,0.18046052416984573,2.6932888142678593,0.80070418579656,-0.02321598167195199,0.3705615457855642,0.5650669966809212,-1.6241438075060668,0.9133556482422641,-0.43471333844230053,-0.9409985884338653,0.0,False,False,True
0.07059682067376491,0.1201842071899785,0.8781840833506773,-2.302764537978681,-0.9921086267945538,-1.219695679031855,1.2690314460730359,0.43971781569813356,0.3540675083109356,0.9241681479859694,0.682615453462004,1.8393139638473601,0.0,False,False,True
-0.47358464259431937,0.4619926603925959,0.3917183848524006,0.14365903802680235,-0.6511067582025876,0.2284712780297951,0.4761026865488476,0.5390322948206913,-0.19261903727186777,-0.1517631210612158,-0.5850359559264321,0.7295450216763332,0.0,False,False,True
-0.7467901742841125,1.3019944018801721,0.8736326910112767,-1.8872297426779874,-1.049612153148297,-0.7289609863015497,1.3686381027789463,0.38222065025802576,-0.5225916803827747,0.3051655332846181,-0.36997657180540283,1.5657302984720058,0.0,True,False,True
-1.0958802268854988,-1.1895609454377054,0.9569244950266346,-1.9155761320521634,-0.9079525017632818,-0.47785255257191944,0.9802455238077635,-0.5833368851017613,-0.72882997358202,-0.4365361072159115,0.3265056516632495,0.8944737966773508,0.0,False,False,True
0.7131081522297504,0.01566493128088224,-2.2959386402416895,-0.543917925060324,2.107299105740052,0.8846508445273465,-2.0871218294016227,-0.688868169047208,1.8227580882225234,-0.3584073703180313,1.0756530042611339,-1.6399390041297768,0.0,False,False,True
-0.5150185372386011,-0.0466164785152532,-1.6913540084581955,-0.7765916517729784,1.579461697996268,1.7145585125207337,-1.4303064351154144,-0.8261087252368116,2.032115811272534,-0.1530039989129908,0.11096370650467113,-0.8299885328250504,1.0,True,False,True
-0.3789119728295993,-0.1679128870245773,1.063268552576464,-0.4521157971422664,-0.7016479321526362,-1.45596352664207,0.9247732842236526,0.2872001522924932,-0.4366202008364939,-1.3172112178829205,0.9698652689447261,0.9284710465371154,0.0,False,False,True
1.6011214333936146,0.3030830641659672,-1.55380833277216,0.41854085370910854,1.314176653788734,-2.2597505000733134,-1.2581419625410768,-2.9512881227270498,0.6257247507998673,-0.7011944254060214,0.2533265763097207,-2.531588207600685,1.0,False,True,True
1.9358326880209558,0.4262100334002918,-1.2039190489916276,0.7791182491628422,0.8712503846874387,-1.117591719957777,-1.151310372371789,-1.469712121998364,1.1229393620068129,0.1675684676077478,1.611614269085559,-1.348778551030811,1.0,True,False,True
1.2314117298159173,-0.022430104996767807,-1.051405409090523,0.17923456961675885,2.0765489722788035,0.36280481704996365,-1.8616184713038058,-1.1967388179798342,1.0464439857050365,-2.517500983263499,0.020199553633897575,-1.1164035596105109,1.0,True,False,True
1.410684941481711,0.23150646602852804,-0.938853312446988,-1.319734904816553,0.5050766321271521,-0.03596856309695772,-1.2693813753401524,-0.5761767943322637,1.0108179475582246,0.5792773299694504,-1.4798324908672382,-0.23161903700724334,1.0,False,True,False
0.4412661390041684,0.03584755855897277,-2.436376255060421,-0.22210705036286196,2.0838090575498174,0.1486393281008578,-1.809597328830245,-1.4107730679706176,0.6713695741072264,0.15800873090842438,0.9422263559822446,-1.147600162241505,0.0,True,False,False
1.7442149708483397,-0.5863652017347495,-1.4432129024896205,-0.4946737031031545,0.769363232953607,1.137416171864985,-1.3042749084102938,-0.6410831239199714,0.865829103268886,0.059187587915644345,0.12344052682209737,-0.6550241142013205,1.0,True,False,False
-0.4999676819578254,-0.2762321218567423,-0.531254200860269,2.8744729033272627,1.3068950268362118,2.368608482636449,-0.4784755202946886,1.5652566129603669,0.3099935076301998,0.3891196650454716,-0.4363431139236404,-1.8603737349487528,0.0,False,False,True
-0.1461513798054082,-0.3669311647598704,0.22177590942661796,-0.03295465450290874,-0.8121954685806633,-0.6586430317035062,0.4239538150617428,0.9114249939049127,-0.43817101178943385,-0.5793995709330425,-0.14481779298500905,0.40427660839293744,0.0,False,False,False
-0.3257637675520493,-0.5162780888973449,0.6439566308982482,-1.268392939228412,-1.0501532545431356,-1.4903665946549807,0.6100595539619073,-1.0343769089414712,-2.212717027943153,-0.0037549109766308593,0.1643933819844406,1.6907171236384888,0.0,True,False,False
1.327437681458494,1.6295493945118995,-1.5101325289572527,0.2814678985130008,1.2752038336157177,-0.6047309140891787,-1.3229262324964624,-1.2150556288343664,0.3312817828255569,-0.07532866517449244,0.1826497955359474,-1.017153023503936,0.0,False,False,False
-1.0908028963778893,-0.2051518033789198,1.9041787335545586,-0.510734427011055,-1.242611578714846,-0.33087640039646793,1.4370024920519842,0.19016132955486803,0.6146827645161145,0.4891794625622602,-0.664797697655723,1.5872215385461885,0.0,False,False,False
1.099455494094255,-0.11392850436660097,-0.6201762115579371,1.9741078686460771,1.8990788995893222,-1.1728335999269528,-1.128094167880892,-1.9773880272908095,0.587557876432642,-0.11116547796630229,-0.29392365131007026,-2.2333794743531765,1.0,True,False,True
2.5558937966233284,-2.5285947056016957,-2.1765651209893737,0.17201055491276696,0.9490372148736331,-1.446610785682386,-0.8016463168922341,-1.2146649633692512,0.4565101594830982,0.9644354768932095,-0.37585923037592495,-1.3869140560905653,0.0,False,False,False
-1.7831477984829804,-0.8436347166746908,0.6767759775891816,0.47904049672037663,-0.6442472058731284,-0.39755320431067076,1.2535683229672256,0.872755513624558,-0.9807734624992844,0.40375367966710585,-0.2138927189263156,0.8242742407494857,0.0,False,False,True
2.2677797462225486,0.3987931842951495,-1.9447135089390615,-0.7002595067492668,1.3307049644023972,-0.8193763217422266,-1.4214278356053538,-1.0467365053047286,1.5018758191633739,1.5283388410560157,1.1476312234998973,-1.1058994669719595,1.0,True,False,False
-1.2386784573577287,-1.803234291659393,0.6924176209000446,-1.646098984987652,-1.0330263318895638,0.3426361662425883,1.2517440869869152,1.342066866143808,-0.10511782570677865,1.6691477173564002,0.18957355026970754,0.8750014571632204,0.0,True,False,False
1.3069600485186557,1.1411121256201675,-2.1424666275843873,0.007052618040027294,0.3230287921316863,0.24582204170728547,-1.0211886936562127,-0.9975318061603419,1.2079037680128462,0.5775890190344231,0.0978056942478146,-0.7860424421685963,1.0,False,True,False
1.435230702569388,-3.336025948839425,-0.10122141184321144,-1.133573773010808,-0.04643682003080218,0.02350530563254662,0.14279933782563417,0.44009488915546824,-0.36084505327567296,0.4111082826340618,0.6145286148821099,-0.8458640175805349,0.0,False,False,False
-0.4582827941070332,-0.47965790255710816,1.8966617934546486,-0.24089489516809348,-0.4691790905954844,-0.2997468658825308,1.6386727171430076,0.5921806486135964,0.20445713682881386,0.8399966146130313,0.40864772856389087,0.9137654549043587,0.0,False,True,False
-0.3244283537154826,-1.7757122879024065,-0.018790429387140168,1.4149775837855352,-0.24280199549330136,1.6917211917925625,0.15174343976465313,1.3009521989772532,0.36024686218799623,0.005396397756848215,-0.1367721776192568,-0.5921507362302836,0.0,False,False,False
-0.20549287559335155,-0.2348585900135626,0.27886954598664426,0.272037806916382,-0.6015923155555453,-0.14237386330361,0.37806476225752755,0.41605344125210886,-0.6729597958052637,-0.39698928481331297,0.0927290215885431,0.27110201701704334,0.0,False,True,False
-0.2899822998858482,-0.9396803750797096,0.08875195316546619,1.3059142481502692,-0.45287957540693186,0.1719246042007927,0.4517359389547104,0.2007504317868238,-0.5191336453057688,-0.48384070480714775,-1.1066391999224336,0.35459069556721085,0.0,True,False,True
0.3609778920039478,0.7726002008038994,-0.007518965158220698,1.531328115232123,-0.2679648379571249,0.6208611660556165,-0.05855605330101598,0.011990442237300338,-1.7655719323401822,0.1386398180637165,-0.8234694004706197,-0.20097428830632807,0.0,False,True,False
-0.7983717714636952,-0.8466784980361056,0.11014993803634204,-0.1873756350994619,-1.0524839790812492,0.2517308487039696,0.608113774484064,0.7435427990711739,-1.5243400709239618,0.2544946256007324,0.14696191214265322,1.0238792998294675,0.0,True,False,False
-1.3125173859360018,-0.7969982739707444,0.9847261121632702,-0.8673987431383506,-0.4637803496537058,-1.6698720793530721,1.8731073093905242,1.1264814203805218,-0.17307652346082927,1.4502766299044498,0.14738766735559955,1.353508241512852,0.0,True,False,True
2.1678738085081477,-0.5481778973275011,-1.4719777743794036,-0.029385817822971425,1.4580941443995312,-2.405812133703305,-0.9958891697133667,-1.2334045848013335,0.5034729420850657,1.7153003067576111,1.4166931254761042,-1.1082680545446746,0.0,False,False,False
-0.6405700985933368,0.35857975840853484,1.1138712694663115,-0.938937107068547,-1.3366316076190128,0.7801717264757886,1.193668958862363,1.0842863288671902,1.0245980861411925,0.019227799141536803,-0.9120032943537694,1.4633704724140584,0.0,True,False,False
0.5757817222758904,-1.1088964789235467,0.7857578858959002,-0.9298007201784007,0.3495226289188605,-1.1319829134585573,0.34176127426047126,0.2558329714319417,-1.5659452504438645,1.2460517073077588,-1.3049109794694078,0.5931934454858765,0.0,False,False,True
0.07570554047788333,2.8830124110672197,-1.6658614913494152,-1.2623680671587394,1.4953438282105982,1.7858464808028032,-1.9484723315591848,-0.18216280925489345,0.6303618797671982,-2.4987563328787696,-0.7370159555267431,-1.0429398666940264,1.0,False,False,True
-0.1339499736192705,-0.30478076707807317,0.19260739473591534,0.31126966643475645,-0.4445839952920744,0.12792218435849026,0.32172247689690625,0.4869298800465336,-0.2617630520332916,-0.23051051177514972,-0.15893726738671066,0.021252654315470323,0.0,True,False,True
-0.6868778063993602,-0.04348507164440843,0.21426720043181763,0.6684021072794899,-0.6780589295823285,2.0690558479059713,0.32136115105015217,1.3688798870305143,0.04954994713265229,0.10663155775579584,0.6086992330620238,0.3680824143472318,0.0,False,False,True
0.2458125169789049,0.7784021773228439,0.925848961969344,-0.009464302678533786,-0.4983368702930003,0.16731033924323085,0.5997376816169079,0.29313568722561517,-0.8528563396957718,0.722011722190281,1.2020323333694871,0.2903409404445066,0.0,False,False,False
1.0783544169123744,0.2255672077238498,-1.0438589787902266,0.4440146944089888,1.9444608551868021,-0.10035563544135015,-1.2933838073309976,-1.7108517521471145,1.3577992910788887,0.2111454216735577,0.7925511956922074,-1.2533415989911267,0.0,False,True,False
1.5008546304335442,0.21337941101769498,-1.133972199708764,1.1256018973174262,2.232626576170834,-0.9799666732220529,-1.2814209557839813,-2.2333294834792508,1.4389967505533372,1.0910052434886737,0.2652200527445172,-1.8887005720795786,1.0,False,True,False
0.2072279561099231,0.0026013926395352773,0.6439283246636687,-1.588756499280707,-0.8558111892677697,-0.37439547801787454,0.5537407565417397,0.43932274228986823,-0.4459463285570917,-0.23778414390151645,-1.6414441947614904,1.1640088293350834,0.0,False,False,True
1.0926374060250517,-1.5729876323941152,-0.09528129509974406,-2.6727538911613515,0.4084033871945363,0.07556748845080645,-0.7118680200065141,-0.2515381792189527,0.08720408327198866,2.506616281372076,-0.8608006089500294,0.4936717786075831,1.0,False,False,False
-0.7511322283441036,-0.06546619566016858,0.22443870389836845,-1.3117617594485989,-1.247978150095773,-0.42473314481927493,0.4648865968510923,-0.3377798220368563,-1.4958977960078081,-0.5110203711774128,0.9624986080664788,0.8292673338000185,0.0,False,False,True
-0.3079836890507482,1.569653617746758,0.976427699437272,0.20107244900729138,0.1560326803397359,-1.1920382055283287,0.5683596473942326,0.3237973583349691,-0.7860788966923056,0.2770262828929392,-1.904706572451078,0.2639033798171355,0.0,True,False,False
-0.2947647994938333,-1.305330330237202,2.4952632997418007,0.5502684985539004,-0.28652582832347895,-0.22565639350230327,0.6001178522543775,2.637796406600564,-0.5144124621835502,-1.8877713142671937,0.36601921633762935,-3.1846163344106393,0.0,False,True,True
-0.9461168466812435,0.1200615565114348,0.4226153113333731,0.8927257951624082,-0.39518794303089816,0.47949453754160215,0.5097389393277959,1.6583194772135343,0.6341163043206401,0.41701951655842057,1.3151747701654113,-0.0954359575960472,0.0,False,False,False
-1.123886543655057,1.5420099052126846,0.6395695713685114,0.7109826346380145,-0.3637431333528739,0.546593405265117,0.5240672408982878,0.2029920232618789,-0.5247579300387573,-0.019772275547825652,0.00966029337429104,0.3654023696031635,0.0,False,True,False
0.30475957747950616,0.3640902542594744,-1.105081498320382,1.9091705710397464,1.986841078702324,-0.4190510681078476,-1.0056551216299294,-3.2401684427717616,0.7088055826608838,-0.17159868843246065,-2.177153511281335,-1.9436429810334663,1.0,True,False,False
1.0195147995181544,1.041115374319375,-1.2441223321457942,0.01995845853554107,1.886044483744821,-1.4356853472765172,-1.3789278070467919,-2.032537901042093,0.909305991384987,-0.4958166993541298,0.2744596059493331,-1.566520231471996,1.0,True,False,True
0.3394197941140062,-0.30677416187039924,1.2470130789398206,-1.4283327451263785,-0.5326834216148048,-2.428087404127136,0.8712152718343742,0.33445917294359867,-0.5191752583658972,0.41202397481218017,-0.8618208230618152,0.7879156002299442,0.0,False,False,False
-0.009203479002332706,-0.32441889991259043,0.8358625465166281,-2.125512749181411,-0.3211001717581952,-2.1465409807376323,1.4680121606695213,0.29144172420880543,-1.4016608627925005,2.477864554741086,-1.200799998870438,1.982969511540503,0.0,False,False,True
-0.9267470139072659,0.8056463960151088,0.022755728444419844,0.22162601639508192,-0.6044780823933796,1.2008364790985173,0.4525354778830356,1.4727748338963105,-0.2550203864565313,-0.07976114885149953,0.46579518617793403,0.3488537426143355,0.0,False,True,True
-1.5787246441368301,-2.0907126585634135,0.2941113416139967,0.03165177997273877,-1.5600973219277836,0.5440055413207496,0.6064869964942529,0.18247734310519656,-0.410704891819608,-1.2361922788019117,0.5515069485157118,1.0022889152882388,0.0,False,True,True
-0.922216459677935,-0.0281681855543588,0.34312047493252834,-0.6747857767963676,-1.8085853002579966,1.5068759322785148,0.452245940113946,0.35796146809075596,0.15630675316445336,-1.0720830945143434,2.296611669419429,0.49469862968035755,0.0,True,False,False
-0.508375691980684,-0.846179301043349,-0.2006973772511566,1.6338074475866824,-0.6668962268742352,0.42952060950587484,0.5455599790998433,0.3029667402064667,-0.3177958503611329,-1.8058926929931962,0.07776323764668382,-0.22868856627093717,0.0,False,False,True
-0.005095057389187912,-0.8152854933024415,0.449924776278911,-0.09878983014268838,-0.20609991945634545,0.3928392490989673,0.10289175857534033,1.1267387213656506,-1.1192908272180198,1.8727863347044995,1.0756317923224792,0.4509581019914486,0.0,False,True,True
0.8194142855032177,0.3922436363657564,-2.232279559573095,0.3190545361526725,0.8539282825316423,0.25781440897191604,-1.6891264552492933,-0.6923393839562871,0.3603720458113994,-0.017296479597068582,0.1149578941123095,-0.9368170199835345,1.0,False,False,True
0.10297412303594287,0.012202030399942951,-0.14684450879098557,0.09595268396816717,0.08923168091133522,0.3264618531826847,-0.35662555945151236,0.1628983919070966,0.17101656654549408,0.06151770552472465,-0.003187542531464001,-0.039243084704380336,1.0,False,False,True
0.32867304718919693,2.279136434644614,0.8778933031384194,-1.0281471056316192,-0.4259447577829761,-0.9406441710000709,1.035784197570866,1.9113485786995705,-0.6919066924093187,1.5331010092819506,0.3121304315487557,0.6500170542071434,0.0,False,False,False
0.5750824819558398,-0.23477688321546705,0.5124745399534777,-1.5099619537827942,-0.7777944759926373,-0.048492732525517876,0.6158151401047074,-0.6435220744752911,-0.631508331751308,0.07248846549693921,-0.37551092731022784,1.225484676757631,0.0,False,True,False
0.08763610982402423,-0.650519293362265,-1.1770451263412147,2.114239080830623,-0.20002181737420063,2.3885952216071535,-1.2270093156384352,-0.8508015016706452,-2.1711947395512996,-0.6674800098620118,1.5150869746974418,-0.5027177484250934,0.0,False,True,True
2.3895707813904803,-0.4115645968324785,-0.7583131146624246,0.05001446550635877,0.62075072598021,-1.7957457287866443,-0.6539311893885138,-1.3915929652320658,0.953806441000393,0.05848472853014164,-0.6002891633793308,-1.0843611952232124,1.0,False,False,True
-0.3789266565168978,0.18837610850534342,1.5777703511891963,-0.9024342113957786,-1.1617310187391814,-1.3440086617227258,1.1520722948593243,-0.6708672769258125,-0.4771421322083728,-0.22544410600946233,-0.3989708410423425,1.4315285722967694,0.0,False,True,True
-0.16594628643895895,-0.6677251471565713,-0.2756301008324725,-0.11519336401906258,-0.7195973800306074,-0.3365897932804611,0.32492426685603587,0.7746770673820992,-1.1421202118591933,-0.7401641603998199,0.2825724214103135,0.21572897847384112,0.0,False,False,False
-0.48995034212211075,-0.10916693208377941,0.5816922158299653,-1.7486605516144502,-1.432179480388895,0.39865008909519845,0.3940177296562899,-0.31459990320889536,0.3542898667120254,-0.8649575817512547,-0.2940560170781083,1.536755692101791,0.0,False,False,True
0.14685477205859018,0.11630895782605956,0.06662024456834943,0.24443978756747703,-0.08198113255858146,0.1006229809626048,0.46259592874164723,0.38505545948346737,-0.5660791099181581,0.2012920561322999,0.3394857661964425,0.10441108313058073,0.0,False,False,False
-0.20920334084012265,1.1366879562555026,0.7215194063334669,0.2622566900555771,0.08242950502154825,0.27035454557902366,0.3690808507882632,0.5269916876426329,-0.26753748358235396,0.0993639236965504,-2.24908442493389,0.31155164369085947,0.0,False,False,False
0.8410819069142804,3.142455266478451,-2.5734190384035016,-0.339647579596767,1.0132256324166615,0.09294875711426653,-2.341206830458762,-1.2742537853794094,0.5957352288907805,-3.2741640234762324,2.2995035388826746,-2.0890977421142427,1.0,True,False,False
0.40833386943234773,1.9850046678133273,0.8718615321524091,-0.016137333509154476,-0.3853442766412274,-2.00978338932451,0.7427018556098097,-0.2635644749220918,-0.6663329928838672,-0.4835411428439675,-1.6456436277257904,0.7313389492174611,0.0,True,False,False
0.6491849626510046,-0.9959687339864787,-1.601322378541879,-0.33400075863681766,0.314292254054939,-0.5920663854260538,-0.9733451878113257,-0.4894988898008345,0.4317706529285678,-0.055574001932452134,1.185573046346026,-0.40413087794834585,1.0,False,True,True
-0.3037655551532821,0.22459035283588,-0.2445130758256576,0.6490876631181667,-0.2918576487168239,0.20083075957127808,0.4149677806703169,0.5668914156223681,-0.5536950952220284,-0.5909809925305752,-0.39026564293684946,0.21607621804844873,0.0,True,False,False
-1.3991966570031213,-0.0657345672437348,0.4121836830543358,0.8059181330418768,-0.764773521603335,-0.052722056523047664,1.2296870531200597,0.8462007395107606,-0.14831856809279553,0.061127607727417495,-0.06221221320013912,0.25559057565122784,0.0,False,False,True
-1.8414997282063656,-2.3189559327253293,0.3028731844178947,0.21171161833550892,-0.48068645748138344,0.04262542077928006,0.45655926450802015,0.479996585041086,-0.40767129673794816,-0.19003892977914533,0.051105848547920385,0.2984404153001769,0.0,False,False,False
-0.8137115486635755,0.1458040100838355,0.30152106392864786,1.368634636795183,-0.09276450124289462,0.4226914759858663,0.8301235185274116,1.3326000388353694,-0.16104244748141897,0.1153518146892133,0.45330258462955203,-0.6969638529897433,0.0,False,False,True
-0.7617479163679111,0.2597955645269419,1.0731204159617416,-0.536691320911689,-1.3585010169304124,0.20460151228629755,0.6815980972971644,0.8601760832514841,0.5021699313539304,-0.08996817218689857,-2.165923866592245,1.1231408626647172,0.0,True,False,True
-1.7121840651201228,0.16026426654076847,1.592143066567681,-0.3867372439786358,-1.6580886800922374,-0.30711106466301613,1.8043128766497363,0.798628061303331,-0.017261309818899243,0.5323697092224361,-1.626194601274073,1.6437866302089812,0.0,False,False,False
0.18563104901108518,0.3355101673082627,-0.46154014511476665,-0.10915820787765143,-0.010257004695242794,0.011017038904302839,-0.3725844513360667,-0.6206605823891816,-2.3051575214189852,-0.006474729245724666,0.1563042194732985,-0.08805522970977664,0.0,False,False,True
-1.6744046378289932,-1.7157089184712468,1.0514762862079876,1.4194161359454571,-1.2424673449821941,-0.7035066543178684,0.5458521760418267,0.4515283277253945,-0.23767300177777587,-0.7958108719419513,0.2825973506429979,0.5508291677402445,0.0,True,False,True
-0.5880263687620323,-0.38296359310863154,1.28957219470128,-0.19793563415034873,-0.33107216165818903,-0.16968119780403643,0.9989153342902658,0.5434369754046635,0.8623928389231011,0.48143304033098294,0.2486560497517951,0.6448478683731463,0.0,False,False,False
1.4679127889270465,0.9961846570477402,-0.11911028519062845,0.20928907851643708,-0.5224922972447422,-0.2338958301287338,-0.3742874325408259,-0.7503648469602106,-2.47706903931321,-1.6065501831689946,-0.45038450411371517,-0.32998759064869687,0.0,False,False,True
1.603118595634199,1.1360670279656035,-0.9450815144913515,-0.9775189571403631,1.1221684914709156,0.9189747451667849,-1.4029418576111514,-0.7011529867391041,2.271990907908997,0.5716762295895916,-1.0193680031365475,-0.7656256470591648,1.0,False,False,False
1.4513170422437123,-0.4210574500645589,-0.7505325601306988,-0.10117228809900555,1.6781889356676,-0.20700006812687488,-1.3801769536375208,-1.2620834687618923,1.4971408244059254,-0.5195993887975279,-0.9500216582191429,-1.2049379548116517,0.0,False,False,True
0.5422522274416474,0.054518095127116445,0.9502863232836443,-1.5173254419316575,-0.05751136406369564,0.16526049753529237,0.4454855413061048,1.3365607443313858,-0.8873586015892074,2.183782502137201,-1.7123620797435752,1.0547185624123698,0.0,False,False,True
-0.7069730061959109,1.0596143904705055,-0.11711540291877522,0.1855511394410787,-1.1776489938352293,1.3180752649874903,0.17438735257106344,0.3636282006449661,-0.2686619976884515,-1.029119081177487,0.7550914408340135,0.6019838864092689,0.0,False,False,True
-0.33857641070012523,-0.4078810519919396,-0.27142999567008125,0.5998108658816386,-0.643854812975604,-1.0629257793096254,0.18218842647300995,0.03598978081390608,-0.7059434843071293,-1.5915519317138282,2.0699589956136912,0.13155738714321571,0.0,False,False,False
-0.5042007236206446,1.3156378409431635,0.11538195041588477,0.3746477811185189,-0.3895703838628344,0.648867752397751,0.3982175664890529,-0.37632065353065947,-1.5016901285139377,-1.3089833645023097,0.12673095067865497,-0.09264142130879585,0.0,False,True,True
-2.0235366849604812,-0.2900237204335377,0.37882422613297867,0.6185412222609874,-1.0434588450086564,1.2545751000009107,0.9452996775488769,0.5358627415969361,0.8685560945676215,-0.05825015657211325,-2.5574876530628896,0.7804004111239243,0.0,True,False,True
1.8899244379023041,0.6255878802435058,-0.04931941211301024,-0.8424386975238771,1.5193684780118424,0.6958600028600256,-1.1803759504565523,-0.7052747618042676,1.6109898045632445,0.40362477420183285,1.9609391323304683,-0.9311250199325567,1.0,False,False,False
1.051529149295044,2.106235878214601,-1.2069672540502232,-0.11450088461924308,1.121678609023453,0.5671683611623933,-1.212544402528898,-1.1773782567791804,0.8702212975931005,-0.3679822426651042,0.5212196137775741,-1.0589776611880166,1.0,False,False,True
0.2515606731803698,-0.20172013165014685,-1.1255522243975316,-0.6609315936594451,0.9897084801643786,1.3171521572223839,-1.7029802015619202,-1.2978054802631758,1.5929202215802245,-1.778545646093203,-0.15164015455660412,-1.2011745242916751,1.0,False,True,True
-0.002450064489084139,-2.8260165645524657,-0.983128311305817,-0.03399448578070551,-0.8941685355636949,1.1026687606480132,-0.5050566958774122,0.3354554075813802,-1.4876618247214972,-0.9478575772643385,0.14116924179295995,0.45055593461236465,0.0,False,False,False
-1.2730145749092272,1.2804106756487212,0.3971912552612937,1.0629765929166464,-0.43740315840574345,1.7777256638494416,0.36639446819592514,0.7521467033391444,-0.6015426980852425,0.32295044649824567,-1.075446635915044,0.1723382883898982,0.0,False,True,False
-1.1399558690134397,-0.2525562226462255,0.9197827278032557,1.2054946718822295,-0.2941966392445558,1.1118124777763498,0.7999375305494572,0.9980288749092407,0.4146200037023833,1.109577947693778,0.25273154259506647,0.19356069997864941,0.0,False,True,True
0.341206166575606,-0.2636812851080645,0.2788740388900711,0.37553630742337607,-1.2446330613786318,-0.44175941810551267,2.0894482701972668,0.005118750796958603,-3.3432502327002487,-2.308064898060608,-0.38305009034104964,2.0930968937873344,0.0,True,False,True
-2.3663097167012017,-0.014846156493415131,0.7966925596258339,1.7965018503596129,-0.9734904326126301,-0.05745024123575198,0.9375563671713915,-0.7147604559410583,1.3077705438855352,-1.773830916564902,0.16793858235261666,0.06671099117215193,0.0,False,False,False
0.43734585056721587,0.379649983640027,-1.0800029575659664,0.10922287328607302,1.260406690700216,0.7764605851777049,-1.2508899447641049,-0.8677535299147936,0.9400225512413933,0.3796687262269538,-0.30149900195284235,-0.8921959400257123,0.0,False,False,False
-0.2451716105010166,-0.0360001815346412,-1.3673723645282911,0.911078965130818,-1.0405358469801118,0.9984056119682143,-0.7444923865683232,-1.1311458361823832,-1.1102930627379586,-3.1608922714373135,-0.02273948174648296,-0.18648950813289708,0.0,False,True,True
-2.6663379623281647,0.1654038573929113,0.09061654647578982,0.38531828113978833,-0.6500849188835076,1.251730793803286,0.18223038798497565,0.32269803251307044,2.07237626343472,-0.5602641147290865,-1.4001268928334902,0.35504909281241587,0.0,False,False,False
-0.1339499736192705,-0.30478076707807317,0.19260739473591534,0.31126966643475645,-0.4445839952920744,0.12792218435849026,0.32172247689690625,0.4869298800465336,-0.2617630520332916,-0.23051051177514972,-0.15893726738671066,0.021252654315470323,0.0,True,False,True
-0.09601376163849874,0.961366583303006,0.81725190114909,0.36475811935618,0.0016446915105984355,-0.04015389867894222,0.4197448173774272,0.5470770256923493,-0.9232653297484809,0.11545071528870239,0.08272827236542599,0.23290835492608464,0.0,True,False,False
-0.45341913733808353,0.8645025079083988,0.5158199541145246,-0.49808205018045526,-1.5710049771202557,0.9126197106112266,0.4540862303553723,-0.38434844041950733,0.954239215529375,-1.6786749710602655,-0.13082776624020806,0.9816922842057303,0.0,True,False,False
1.4319056222936941,1.218154394197978,-2.44599629750339,0.11450736551685547,0.1910382697632572,0.16565583652220608,-0.7035442356184203,-0.23426341283380864,0.11982613462087559,-0.29408635899920593,-0.0469970848929057,-2.722055670623322,0.0,True,False,False
-0.6771348019455773,-0.9152203168153706,-0.5076678003510011,0.708584517509667,2.2283105412079722,-0.11200518413794341,-0.6883168320228609,-1.842989495677696,0.658833993586168,1.0883592279621668,-0.44672738390710737,-1.705118173479854,0.0,False,False,False
-0.20284027630589732,-1.8660298102384802,-0.03589894462374008,0.24923611195380183,-0.4246726823646999,1.2822608361447647,0.03928663183656991,0.43482077990667267,0.1945462171301024,-0.4065906759047791,-0.36502414489009677,-0.11957798675138713,0.0,True,False,True
-1.0650779752376205,0.5881461254109567,0.8012367132480973,-1.229487514925466,-0.9727745129267266,0.05318983643754897,1.0154363728955382,0.3905843543054492,-0.2059570101814933,0.043494575299999054,0.37808994482739333,1.912500394068073,0.0,False,True,True
-0.801476514839412,1.094025845443875,0.4586334842627358,0.5961956716894603,-0.2861143438322317,-0.48236647569508695,0.5578233510272664,-0.11902960753339795,-0.5017125931349826,-0.23411708548266394,-1.06832241240199,0.314894039172705,0.0,False,False,True
0.16807321989213903,0.4272624166052687,-1.0840935594462695,0.022307250569133363,2.6818254933319516,0.09500262216209085,-2.1852074986468146,-0.6483768114565843,0.7602491091293918,-0.14969956948179353,-1.3703802908487743,-0.8545821228367915,1.0,True,False,False
1.3203532563733815,1.8018773421969896,-0.8305897443149283,2.635208191875461,2.219426063809075,-1.8916589247480435,-1.3276546353081917,-3.423016556221624,1.1405260202550545,-2.0838807731487603,-1.0439162447704189,-2.8147566926580017,1.0,False,False,True
-0.31807233977209903,0.5921413680948993,-0.6367995425405347,0.3463731272512901,-0.538082956398906,0.5209617049345736,-0.06084336650241188,0.41139894260225696,-0.36555961593183073,-0.8156383880942596,-0.24628665003757433,0.24536842390457334,0.0,False,False,True
-1.7660816449127406,0.825761475708105,0.23692133076521593,0.28018111223543146,-0.3104725125378625,0.9142135017821023,0.6200544396561788,0.5167572191134508,-0.2776605561887043,0.014970470263839629,-0.33137245742415755,0.09711529961990355,0.0,False,True,True
1.9161223197493584,-0.10082652927558457,-1.3354975171171897,0.5680073597413791,2.0406894438333194,0.07873563111061048,-1.832627379030487,-1.0810853627971844,1.0007763106440546,-0.5204965138031022,-1.0041990047608824,-1.9885686405024667,1.0,False,True,True
-0.35673373192397345,0.2222220872154125,0.14747640200704262,0.2414289444346895,-0.43703776601659144,0.569378956740675,0.469372369767041,0.3843487256296423,-0.5966841020697294,-0.24970069313543583,-0.08277237655847265,0.2858899837306974,0.0,False,True,True
0.6142789328916763,-0.7570451972368769,-0.4254912926361219,0.04211971649905763,1.2092139000957944,0.11218603031774069,-1.184263387568849,-1.1120438092156522,0.7922704730654626,0.29940099262683223,-0.03481467241266335,-0.9603235389901342,1.0,False,False,False
0.3591365171478641,1.2847514949793963,1.1071653527706427,-0.1414879123140643,-0.02947030666031665,-1.0716165090977214,0.8684461184186603,1.1359407570650069,-0.38554633563164914,-0.012653469136643057,-0.369991946937286,0.7949225604176374,0.0,False,True,True
-1.583689670514557,0.08972765814231426,0.3929872666576219,1.3539815651109086,-0.6110128412270994,0.11958828350991164,0.8271592917817654,0.40270693071652097,-0.3064397616990105,-1.2631006251058268,1.931341276043156,-0.12490513057390273,0.0,True,False,False
-1.5587547745258217,-0.7185264377494973,0.4374336569016056,0.5157069568324457,-0.925165269043562,0.10187142930297666,0.49317071690401315,0.2926467970114388,-0.951747933235386,0.8657390015839453,0.025580523376458972,1.0760688452691594,0.0,False,True,True
-0.6412465095363149,-0.37638064519253134,1.2491374199484724,-0.4666184612107485,-0.6544900672103522,-1.8684299152401178,1.5812514183513198,0.4220166654649456,-0.1789639441955285,-0.24942777263529808,0.24638910624256316,0.6668542087897904,0.0,False,False,True
-1.8995271889138625,-0.0769545596047061,0.7049750090245284,0.1667778626447418,-1.5486196746392749,-0.9263108836108717,1.348632844657524,0.2566780485667736,-0.7430339044780361,-1.11829151803299,-0.40652528160864787,1.2397006808772892,0.0,False,False,False
2.3692862109323616,-0.8199801245594001,-2.4427279672959203,-1.5602829883263027,0.07857002884997454,-2.121504283702309,-0.5636458661856254,-0.6192484447766632,0.7194694935865596,1.70752298782656,-0.7617581928232157,-0.18465397302611677,0.0,False,False,False
1.7183076361487615,0.9075623283045474,-0.6158391406480739,1.8122479604687818,1.052568643930423,-1.570183509968152,-0.7259734123643122,-1.610836074814051,0.6810773426612379,0.18892661773135855,0.26236948777489777,-1.5466882428287017,1.0,False,False,True
-0.6147236137083884,-1.288852128549018,0.5188028697369818,-2.045338270895897,-1.997356066514289,-0.2206234531163483,0.8295022351151508,-0.24076635547245157,0.5713563272326042,-1.919226907339142,0.7146926664445763,1.6951001677388098,0.0,False,False,False
-0.20549287559335155,-0.2348585900135626,0.27886954598664426,0.272037806916382,-0.6015923155555453,-0.14237386330361,0.37806476225752755,0.41605344125210886,-0.6729597958052637,-0.39698928481331297,0.0927290215885431,0.27110201701704334,0.0,False,True,False
1.052380491573561,-0.5094933910199757,-0.5472071949418387,0.5950060617776951,-0.20161389142154135,-0.79848122712544,0.031123536338438753,0.4937531453831304,-0.8771658998142037,-2.2325766990532747,-0.7741424069169915,-0.8298816174070356,0.0,False,False,False
1.9528682137919893,-0.11545626376043593,-0.6364672003186477,0.10784738093738021,2.7130466470921295,0.052855026553509904,-1.0044522438936827,-1.2755992174785113,-0.039641063129308145,1.5752712171323555,0.5327222535465186,-0.9113180002833605,1.0,False,False,False
-1.3321073346201862,-0.7123237601271168,1.5644736200999303,-0.28945321958503334,-1.1149147071241574,-0.7619704667761369,1.6921193090096596,0.7896629964956134,1.4714737543355323,-0.8307666033181086,0.28551931551640364,0.6144091902284216,0.0,True,False,False
-0.32541071641135877,-0.3988009222095098,0.770265033142615,-0.5056464470950952,-0.5537273144028225,0.06090550196442689,0.5519066031066843,0.20249791528895175,-0.4396731587809253,-0.11532061710903756,-2.574444131618187,0.617310814403186,0.0,True,False,True
-0.6716065057027051,-0.10193725902176626,0.87845036641259,-1.1560842323604021,-0.7190124267317676,-0.17811224076369508,0.08994914806163899,-0.6077255051165679,-0.25916047804773246,0.9916345771816597,0.5518023686935316,1.5292751728942375,0.0,False,False,True
0.8867404511249912,-0.8070628796146753,-0.7987358319850936,0.21639522557260277,1.3674700828902102,0.9471020149292769,-1.5634788979162355,-1.465679760637479,1.3557019682067257,0.0743487596729068,-0.5432769368463939,-1.1370794430041118,1.0,True,False,True
-1.6533912556313097,0.21186916433935998,-0.9202856615636034,2.187953022447457,2.43166571704157,-0.11999987356314772,-1.5602976080185205,-1.3494739333428363,1.868675608112735,0.11526515852193786,-0.33351213592274925,-1.496342562251176,1.0,False,True,False
-1.2776121521135981,0.1377131084734335,0.48609533475044503,0.7696000998456022,-0.941567952096843,1.4948531003424759,0.4862096107793869,0.3206393437938228,0.4377730341601558,-0.30854822495880646,2.138390319918678,0.38179433536375174,0.0,False,False,False
0.8697383061956198,-0.3468272283920617,-0.8678127749266231,-0.027946618888985607,1.053988490999299,-0.23882545441909947,-1.202796522445688,-1.3812217692274165,0.49009669502887876,-0.4106283375150079,-1.9299330847069125,-1.0524421348805022,1.0,False,False,True
0.23688113545388176,-0.5223355923869253,-0.3356854027948551,1.2064588286293327,1.3558351751477564,0.4284502641241778,-1.0199934940845792,-1.001198584446411,0.2891384200969992,-0.31784811742809227,-0.3118681435861062,-1.1479412093126269,1.0,False,False,True
-0.2803029049028261,-0.7453864074675474,0.5741552182090871,-0.22404316610976205,-0.7111902135903904,-1.6139218605540606,1.035004418730018,0.1659759893227361,-1.0068737672312167,-0.7561067906634975,1.4947783561996504,0.818162750687351,0.0,False,True,True
1.5016630161049886,0.7007802531036019,-0.9787144840542069,0.1625069092775695,1.0176649438160177,-1.066709991429463,-0.9819963403838273,-1.6748056998804624,0.7824103295449553,0.07477920852287241,-0.0654794814829207,-1.325854057155974,1.0,True,False,False
1.7358291794811682,0.3638554537015469,-0.5678388102274724,0.04710685443064073,1.5102024546503503,0.8885882824533,-1.2233759262204507,0.191292530633056,1.7598294274980746,0.214970065958699,0.6018855512307628,0.03740509056865292,1.0,False,False,False
0.9834517454990653,-0.055355243991865505,-0.3640807243564999,0.7786666730727128,2.667485899517459,1.534637219064735,-1.9304081264160604,-1.0236141518897373,0.7283574587555344,-0.9367881934379256,0.8418996602776573,-2.0577206945568953,1.0,True,False,True
-0.9209564042851798,-0.3428088108527298,0.5443244500353259,0.5334463870735322,-0.840058111671067,0.6102530488477573,0.28661458210867014,0.6088936425627478,-0.3354215307213245,-0.5753398488989808,-1.1710355142730884,0.3308751306458281,0.0,True,False,True
-1.2580810904073685,-0.05269380969905187,1.5994376508238075,-0.11118971171096988,-1.4525890476957775,-0.8979082071617176,1.5749964427731262,-0.05207036747263373,0.3157037312689798,-0.7638741055027114,2.6321909108731374,1.1979419738932149,0.0,False,True,False
-0.15046597060723363,-0.12689830534413107,0.36780774976155617,-0.18988533696602972,-0.022352337516435943,1.8164197607349388,0.07403006731421771,0.4428808017111736,0.6809873151116069,1.056352549421459,1.4377348155144396,0.1850021459480059,0.0,False,False,False
0.2061041368693482,-2.336348889816851,0.5314355204262393,-2.1792228670362035,-0.691492589701006,-0.6302509957206031,0.7172696290908078,0.6407879717324179,-0.29372446760598697,0.9982883805394165,0.19705993184921122,1.5586155684578573,0.0,False,True,True
1.7212737331020198,1.1773266087357848,-1.5703542355859565,0.8619684912971903,1.058275439351113,-1.6829217761762154,-0.9408112972583409,-1.019925289621812,0.5080126503744036,-0.7090613633836879,0.08850861827590746,-1.5838881711659116,1.0,False,True,True
-0.9329936399141779,0.9232065751356205,1.1728765760118969,0.020422610562596002,-0.3807688133903789,-1.204331657378751,1.291093952424986,0.5131034103372755,-0.44620499956503984,0.09700168905841142,-0.12167769957339214,0.6914701442974392,0.0,True,False,False
1.8328149434537608,0.5122435027221371,-0.4108633161024177,-1.2417893739433117,1.1922571739838674,0.23184636039050416,-0.7378796349669947,-0.46493023984307763,1.0250347585606918,0.725113591546854,0.026040223293847753,-0.9218232252526901,0.0,False,True,True
0.021303467066517784,0.9923980701566225,0.4158168446215821,0.12386063322267371,-0.5319771050914105,-0.002569909690071711,0.4272442858508793,-0.012211462183448834,-0.23790880037370063,-1.1688118486123773,-0.38715204012312354,0.13291415401217754,0.0,False,False,False
-0.8136033064288472,-0.397674403518477,1.5827827336065514,-1.1732912735881726,-0.9953573657605151,-0.25613622147812154,1.2877994465331795,0.8762041999237228,-0.23617903553113725,1.3558521174443345,-0.5624947654358685,1.6421252644616406,0.0,True,False,False
-1.1983268724839369,0.2833966907740214,-0.20378852542861395,-0.03610453875248583,-1.5389596232082472,-0.0969747431128245,0.3707835796102714,0.4096965571450762,-1.3729294907813698,-0.837470599108631,0.7072205324053992,0.8643274279784399,0.0,False,False,False
-1.5900078031223288,-0.48946724821131427,1.0082080150891866,0.7371261936767225,-0.0583022780454258,0.779940683370011,0.5201583601949334,0.9287555795125617,0.510768143909899,1.4528580326061993,-1.8427032864283777,0.0840773514392846,0.0,False,False,False
-0.43853442252654384,1.6606831517010663,0.2939362235538258,0.456053950192179,-0.861507587303287,1.308755602449474,0.469908149666609,0.8033421095710505,0.4720492226449567,-0.08404308144943683,-0.41151753080118714,0.5117518114892257,0.0,False,False,False
0.7565214448138038,0.8840744677656459,-0.9642509340589985,-1.3996388667554276,1.230409946816751,1.1359537744082933,-1.3290007824466015,-0.7596320801622152,1.8365376053576152,1.7546164761006886,1.1635095608315704,-0.25248423536554665,1.0,False,True,False
-0.4070292484410707,-2.351869771663532,0.4841341717459775,-1.1134956396178433,-0.8179873453445032,-1.0326845156321878,0.6794573232338665,0.6104443985259569,-2.0087658993342625,-0.2932730036008961,0.5865288116165839,1.2382662162670117,0.0,False,True,True
-0.1691432644001008,-1.3074891485634967,-0.03889265575097948,0.6929186620031508,-0.2991168202998959,-0.079656741273781,0.5468288501136113,0.26370888172742896,0.09171647892793702,-0.5660644431647136,-0.2437811226849033,-0.07359834803689451,0.0,True,False,True
-2.541853500695524,2.068484840454606,0.4239487641417894,2.0582361790685226,-0.5386889288381793,-0.24177453205320126,1.3975062412595098,0.7346984455856719,-0.8152395974685855,-0.07075874767612927,0.15260123510153026,0.2120111478884028,0.0,True,False,True
1.039651019418421,1.5768804157916734,-1.359691474099094,0.833573254344416,-0.15432579716417244,-0.3365187871997634,-0.5681789895924934,0.035796142139437395,-2.0289940011569865,-2.0974150799226923,0.9558886620165059,-0.8096466255507299,0.0,False,False,False
1.17066730380869,-0.7047905603564711,-1.4992286434877289,0.240978062174084,2.259852347137381,-0.36727318115864627,-1.8727461805797616,-1.9617810472449542,2.1428526480953853,0.12376466395556505,0.12357097951839308,-2.1944377233366557,0.0,False,True,False
0.5396106491962398,1.2121949958771212,0.47738303946830335,-1.4594710588794844,-1.007880707591601,-0.9211645677986993,0.7561129868922927,0.4640246655802327,-0.8206560928000528,-0.07619797048171628,1.3487864031308203,0.657818913123972,0.0,False,False,False
2.242598434784931,-0.3325514662938771,-0.384183113718595,0.5822938032100804,2.641297456354043,-0.1841283568031773,-1.6768437744029665,-1.963315049322615,2.7518790303057328,-0.4037338140440744,0.7073184247141124,-2.3008561912372247,1.0,False,False,True
0.9915520214610168,-1.9072912268744373,-1.1368006399065964,-0.29069633629028835,1.3344665789371597,0.512813618156892,-1.3314416497496564,-0.9275591002140449,1.085833121566496,-0.31927517086183493,-0.716359784093821,-1.2476150623749271,1.0,False,False,True
-0.4961453281196328,0.5813758651861891,0.17236987068618748,1.1095820223071164,-0.9974901089630204,-0.9502135420885032,0.795583416832721,-0.1750409794058556,-0.7448917021777818,-2.0261053762489545,1.3175947563880492,-0.015488453653068269,0.0,False,True,True
-0.22821866980948016,0.24533700950788054,0.2613921712468395,0.6047802490598981,-0.38109787858735333,-0.028887055827133624,0.6100476957902765,1.0353563187588157,-0.48610078492042214,-0.07800523451433214,-0.5436005067000097,0.14861762175331372,0.0,True,False,False
-0.6767305043281959,-0.4771018369011415,0.5931653940326161,-0.2794503970767062,0.06789604989733544,-0.14278251563475164,0.5747274283412465,0.12426953175411537,-0.826652401911323,1.3826647146889623,0.7499311685803062,0.8208191045575204,0.0,True,False,False
1.4678450353936177,-0.9738822194494564,-0.24366550372157733,0.7302229110397359,3.1859086769353078,-2.6626322922480403,-1.3517732110715313,-3.116742672701766,1.0067485003392942,-1.4619105594289377,0.33717100060916744,-2.4958736527083265,0.0,False,True,True
0.7184465253480781,-0.09673693814297067,-2.7812085713475434,-0.3544173899417637,0.5811334482340788,-0.4006032958070831,-1.5448546751567833,-0.9999492570665414,0.18234733389777605,-2.748335076533611,0.3928002412134114,-1.1700173092558757,1.0,False,False,True
0.6441752898681916,-0.9555829829705619,-0.5787452568373552,0.07962822761585707,1.6049749155077653,-0.5123216018430404,-1.1761623797211376,-1.5976980273567296,0.8864674045771185,-0.3059890818781849,-1.4017070113124332,-0.9784267735431047,1.0,False,False,True
0.4341970211810039,2.0404517537829117,-0.3878962225990981,-0.054858987105665724,0.6825041611173079,1.107554068693306,-1.628431542510471,-1.0397804831834714,1.6180390077643925,-0.09492476516811592,0.12869045499400356,-1.467879524265152,0.0,True,False,True
-0.5683935425150547,-0.4638635994960124,0.5928777653040701,-0.6219653995437875,-1.575866637715263,-0.5553153251464376,0.8555873942238688,-0.9170596569375804,-0.28513183321333563,-1.1395092452704327,0.07015378131337179,1.5073334397701412,0.0,False,True,True
-1.228315078477453,0.26226982908573027,0.6606253955998483,1.7650876806427793,-0.8638776166742369,1.4899233866966317,0.8442024110588235,1.0895480422824546,-0.3161273058603611,-0.42410177661256904,0.5655804864827984,0.23608186330492,0.0,True,False,False
-0.9346512455069821,-1.9326237489611655,0.21698482637616734,1.7286832324415207,-1.1856751948418442,0.1003958356027783,0.5440995998550425,0.13218335538677026,-0.5413074517604216,-3.042889598605522,-2.327250180738836,0.48039949954978284,0.0,False,True,True
0.6052456615686731,-1.6133156951981236,0.9435924776615184,-0.8853793228924453,-0.3442212942278193,-1.1695442998871384,0.8272889772023586,0.7237514882690074,-0.31061038004370617,0.3155132020520025,-1.1704768435646273,0.5374969909920756,0.0,False,False,False
0.33732101771114614,1.1619077898177448,0.16885627746592383,0.23862074167021263,-0.14209390577264666,-0.06996902272408474,0.15662275574690668,0.32619728286704425,-0.8756901410985117,-0.1368777270274609,0.006967781132497073,0.017370097381183773,0.0,True,False,False
2.1796960510164083,-0.20356073244016384,-0.5466661693048263,-0.2032024316286496,0.8179854905956017,-0.8451791566786362,-0.8920476565943822,-1.2484886566644693,0.6352324169207305,-0.09731634750100408,0.3452372977705759,-0.904518211527613,0.0,False,True,True
0.48211647895551796,0.5875393988733201,-0.4690233385355826,0.1740080006053199,-1.0376790083353093,0.038220642778038466,0.458492137474379,-0.27611896571249617,-0.9238783755486083,-0.0721880376001951,-1.8873687116411624,0.0902554230564051,0.0,False,True,True
-0.4777464807023786,-0.09766926612861093,0.5682895530867867,0.45204724843453603,0.3013363654825577,-0.027556607630942698,0.7718657438238217,1.410013950312668,0.15966336227685168,0.7820737885702689,1.1323749052362801,0.12747573467880113,0.0,True,False,True
0.06342161902799691,0.23536780487431702,0.8551073624104852,0.05671117428585938,-0.24926721044230782,-1.530207103330031,0.814772423824511,-0.20734091943722488,-1.5993625673386533,0.04258290698768791,-1.7235259020715623,0.2460649176369665,0.0,True,False,False
-1.5612548786136649,0.8510469351046793,0.9276395812614975,0.9489305331677576,0.119419299702458,0.9606673756986648,0.9420819201673679,1.6524609706580247,0.9911261364362819,0.7041659349101226,-0.5063109060985339,-0.08603327077347384,0.0,False,False,False
-0.19426736959725846,0.10826936767672103,0.28689135880486205,0.001989975949438096,-0.3707962774850872,0.15142266301995075,0.3464928903780603,0.3758097616637687,-0.6065629549323878,-0.2579981036387237,0.07029382175435217,0.28361549664992436,0.0,False,False,False
-0.3535357047444534,0.2700715956066702,-0.1920881176104269,2.104664170900103,-0.6755233144975086,0.6537394085858284,0.3634322295901018,0.2907411934320044,-1.603113365391515,-0.39054727084709334,-0.027185810733012208,-0.13519410972316454,0.0,False,True,False
0.10297412303594287,0.012202030399942951,-0.14684450879098557,0.09595268396816717,0.08923168091133522,0.3264618531826847,-0.35662555945151236,0.1628983919070966,0.17101656654549408,0.06151770552472465,-0.003187542531464001,-0.039243084704380336,1.0,False,False,True
-0.15883665117083215,0.2449014293683088,0.8011460203935172,-1.542794549200353,-1.6277414044197072,-0.21371900941083286,0.8299035577400785,0.41518770419620743,0.13631868850297155,-0.9912853567355054,-0.28576712879813293,1.4021991121070658,0.0,False,True,True
-0.8000801903892727,1.0568760845514042,1.571982206880643,-0.8626693481669024,-0.884875161527123,2.0870942163306143,0.7923012159913959,1.3461049383690333,1.4364327357272038,1.7324948178922375,-2.5173006300298577,1.3118588843419083,0.0,False,True,False
-0.24240918654910892,-0.13053268949434824,-0.26428188603943736,0.04119600786686741,-0.7148105024048874,0.046798495705533655,0.07188665629387497,0.20257735015038755,-2.0013133028119108,-0.8336625228287263,-1.0495095300833832,0.5356189668323995,0.0,False,False,False
0.32863430305164465,-0.05990602490848068,-1.696806431430427,-0.5297280828871527,2.3312621325778164,0.9658480065176865,-1.937115577916861,-0.9291765177579009,1.3981384705704099,0.6759330888933256,-0.22011688412384037,-1.291251797595115,1.0,False,False,True
-0.31035558119646944,0.057678686101536335,0.34487408679350046,-0.02184687465243114,-0.4587010582861815,0.5249566805515327,0.2603990274575274,-0.06181246241871592,-0.3807732731725621,-0.5252892747717064,0.06357977505025318,0.12852795433294836,0.0,False,False,False
-0.45047559813700966,-0.14482634133941,0.32185838807927675,0.3238504887152218,-0.334996187348231,0.4414645225756892,0.4776430685484682,0.5459445607307684,-0.3308284316735913,2.5413320366702896,-2.7041583413773917,0.4669099148105636,0.0,False,True,True
-0.2266347260828126,-1.5381844347147164,0.02140363607281027,-0.023946815524725513,-0.3745605332668772,-0.04683684850845052,0.41108068112313156,1.5376635293061667,-0.37745537086316044,-0.07998197910415113,1.79664874931871,0.06359014881314899,0.0,False,False,False
-0.10145273959992301,-1.645022538492538,0.4320930509118798,-0.1849942913530541,-0.4371450508560642,-2.774703976781067,1.1634963021990272,-0.15910306764259458,-2.5022630511473323,-0.027049852080882668,-0.21057544063030392,0.6047818522844574,0.0,True,False,True
1.0726191670566494,1.2044217192879503,-1.1057946779230137,-1.0095351741790675,2.280938926167683,0.3112553827840381,-1.8881995875678068,-0.6221964186200929,1.9117989793911196,-0.22738608379898062,-0.16181725787349377,-1.426300888144044,1.0,False,True,False
-0.22516225789392175,-0.9769809959473666,0.46112342136536244,-0.47981765710953594,-0.9983884732865386,-1.290181497525489,0.924295785775472,-0.3280797792456519,-1.6430450992118917,0.0251862448558892,-1.9306840181552312,1.2090337991329174,0.0,True,False,True
-1.847490694313939,0.6931406882606831,1.025817044296229,-0.329727829934399,-0.5434243086009836,-0.09734432598389291,1.2691190148464238,0.9181605384799035,0.4599364575461002,-0.006125046155445836,-1.0727572245046355,0.507950359790168,0.0,True,False,True
1.2916620376066896,0.9555123999266018,-1.51485220192792,1.9001757765650813,1.2192601938749614,-2.1240155977592767,-1.2089930313030604,-2.6838774865410104,0.8451074327642695,-0.13176693166411826,-0.6916315045844088,-2.0012105672228997,1.0,False,True,False
1.9560073582790605,0.49079315474919116,-1.997557887379381,0.7106300532094425,1.1226873353455324,-0.42206576779428046,-1.5142921873301696,-1.1358716229119616,0.363872838566068,-1.5053948161801858,-0.27131674928833327,-1.667526772558674,1.0,False,True,False
-0.9065361627510322,1.9300501347628234,0.7437999013814298,-0.6753962853839988,-1.5515035908289099,-0.6055735912592286,1.1201068389428832,0.1984276203930078,-0.06285425822152195,-0.33688171176923626,-0.88913359354452,1.181008966856807,0.0,False,True,True
0.707371276859057,1.361047205904423,0.6213316193646344,-0.24696352391985746,-0.32473039397237485,-0.04847435129065115,0.3485997002925771,1.1283829839963473,-0.9283809843014242,0.7494129739365528,-0.14688023395385574,0.8350962726414154,0.0,False,False,True
-0.4870552491044509,0.19366968269725263,-0.03856111429754304,-0.09330495076913296,-0.48817212666421655,0.6158040595829369,0.4945209799351168,1.3421479047533693,0.18399131284907236,-0.6676778432970037,0.21468368468327656,0.21473778435890223,0.0,False,False,False
-1.1901243422733805,-0.24059940578210556,1.8675815046083586,-1.3439575252657596,-1.3487617854694671,-1.9223355481322213,1.0785739475068883,0.7052467312960364,-0.48852779834645366,0.20232169788061266,-0.17914713478034783,1.8065865783678936,0.0,False,False,False
-0.0995294764328845,-1.8011112564063574,0.041984254239474016,-2.8565281639349007,0.1886442989383166,3.1487640776590737,-1.3118747990614819,0.9675725985483757,0.280961000876248,1.488546322832751,0.7833782205283663,1.2309042366673237,1.0,False,False,False
0.39059649872040514,-0.2596645797551156,0.5799807543552998,-2.5259734368154754,-0.8987570239447953,-0.3838508669909938,-1.769580114398386,0.44986127938720094,0.5862462084848045,0.8300112398340701,-0.4057693238036221,1.9768313819597576,0.0,True,False,True
0.315663107787831,-0.06825480635710751,0.26685419514680564,-0.39437235267507925,-0.6089887574844745,-1.3794530507807743,0.647694700857915,0.24346919243093634,-0.7204480627278032,-1.2045649942426613,0.129960178251859,0.2679127037813195,0.0,False,True,False
-0.024473069233023857,-0.6378351112460966,0.6210548233199978,-0.28182891211683564,-0.399641357128435,-0.04172696292091617,0.6212789440892449,1.4638771078149275,-0.727731779172293,-0.03660597215554733,-1.267772748674894,0.25693805798552005,0.0,False,True,False
0.12654449298315817,-0.36120516182014956,0.08756702808049917,0.06161731173011394,-0.7070984949062507,-0.9040579930911652,0.3393592283227166,0.11471963805949645,-1.087688410865261,-0.9694492040452338,-0.07816025079492636,0.8409515558554278,0.0,True,False,True
-0.6531758052399779,0.015470125516192758,1.839098365945152,-0.04352342581038555,-0.15316540771526965,0.6082816867987739,0.9322728902245849,0.972253354711639,0.699021827187572,2.394609835367921,-0.47766604035563087,1.5060338651183123,0.0,False,False,False
-0.32110748190683724,0.5765186845826805,0.61257986526617,0.1326238045436492,-0.38336049293876245,0.0900019087989429,0.4717202217642513,0.10323676638998179,-0.4387364034941128,0.07849266850385245,1.4092642416796473,0.7237338029753901,0.0,True,False,False
0.3949390704859084,0.10356348822597279,-0.12304690678653887,0.6910227666915394,-0.20808576928779207,0.6398173125011002,-0.21503165101395763,0.7137754639431761,-1.7354725937474005,1.0618797066524261,0.7155828212851918,-0.1821882512783815,0.0,False,False,True
-0.1848198363927109,-1.2240629839229982,-0.5676806047593097,1.0337877713336652,-0.9977604532429903,0.00973913945784252,0.3608034572971425,0.0468361340442671,-0.6705323029023618,-0.4467268144956669,0.30442748250085017,0.2335775846000891,0.0,False,True,False
1.9850080728441413,0.3842494512307912,-0.739739407186388,0.23616253139992227,-0.18933833299925432,-1.185826743300249,-0.6234342098568437,-1.3516228881953132,1.0856004887691544,0.39119852494640583,0.734246897309783,-0.6862234473034274,1.0,True,False,True
-0.7839207871213304,-0.9721274476951056,0.7114208471626561,-0.8712371201839784,-1.1654119851151785,-1.0965186142998884,1.0179802215449956,0.06168389252472392,-0.21781079429598899,-0.6625878742465431,0.11227043738570991,1.2445427601938492,0.0,False,True,True
-0.23550691962330947,-0.08193752007643751,0.5628830271610352,-0.5792467232643446,0.04560553855711813,-2.640300864875587,0.6862030386324531,0.8117828710456502,-1.2336773357841642,0.3176612209950238,0.19512848070299857,0.41830041484730385,0.0,True,False,False
-0.3439218953290118,0.3658827223735088,0.08251909608405553,0.2516265588835842,0.13697082052517254,-0.8507473563021642,0.4618987102802669,0.5186556971238728,-1.4927708707735348,0.09144159926959224,0.5245198872308052,0.24911675117221993,0.0,False,True,True
0.8707278428892807,0.0044015423596889475,0.40590465706655404,-0.5888825008917772,-0.45048567531290346,-2.3655055842496657,0.7507634027464566,0.22769537534533327,-1.197937609185766,-0.07008902468240258,0.3383254277515604,0.18422729223121712,0.0,False,False,True
0.6850530840620692,0.24140027971900035,-0.08765674171303846,-2.041749562835824,0.2417269907916987,0.12339300225952914,-1.1344031335161098,0.17010682576359604,-0.10048585351258418,1.3106592768005554,1.19058298394342,0.3197483280008436,1.0,False,True,True
0.10297412303594287,0.012202030399942951,-0.14684450879098557,0.09595268396816717,0.08923168091133522,0.3264618531826847,-0.35662555945151236,0.1628983919070966,0.17101656654549408,0.06151770552472465,-0.003187542531464001,-0.039243084704380336,1.0,False,False,True
-0.36836776387719966,0.43795461393049717,1.116745408626768,0.3525973739554305,0.7181080380471186,-0.10175522906402648,0.275484388778159,0.8296756948817332,-0.6621270316768402,0.016592148705169556,-1.0881457825679337,0.1487803671879236,0.0,True,False,False
2.330636790531682,2.0919264307587233,-1.322795174255676,-1.2150280067270913,-0.018850328865163423,-1.2508680505415495,-0.47797804385151593,-0.6620295642183082,1.7559643231798026,2.5480827287431365,-1.032816339120132,-0.012713226964662002,1.0,False,False,False
-0.3662638865876066,0.17552538014834237,0.25516783358821316,0.7589941688252697,-0.5080378549665833,0.2891528020449946,0.7636872606731197,0.3685972683050964,-0.5628477380110779,-0.06915792095484434,-0.43489343364667554,0.3034834632835994,0.0,False,True,True
-0.47231365915365375,-0.08000968326564416,1.137983513678481,-0.6075104838510275,-0.2160512555196814,-0.5613289160038056,0.9315341142940634,0.8399582328672199,-0.6379695759636012,1.186393259266417,2.2316592502110435,0.8665420810559327,0.0,False,False,False
-0.09199434873349221,-0.8384711225420098,1.1005104961030587,-0.9769820884970042,-0.23662594913164636,0.08790946829500489,0.5518644534487253,0.6788454917210753,-1.3053479967745047,1.3722981277944335,-1.2369360892214551,1.0831770616566478,0.0,False,False,False
0.2214243062465433,0.08795066155484153,1.3090184927891504,-0.648441020747749,0.44622419230084365,0.4131804872450272,0.582580854536831,1.6686308304920916,-0.0825984290024054,2.9673944562226,1.9196885192421973,0.5762662828983712,0.0,False,True,True
0.21779036585310585,0.4615345082824954,1.0174721536820235,-1.3195532411353,-0.8095422997055671,-1.8558246143750607,0.7614170234674029,-0.7739616304404383,-0.9630800461185525,-0.6538877910695656,-0.13669967335856437,1.1542066805716213,0.0,False,False,False
0.45251384651224874,-1.0158065192372707,0.2650705311442788,0.05442985661000398,-0.02938531836694666,0.6669600890884565,0.13280320890084765,0.11278537413327948,-1.1942022315922158,1.093833395766794,1.7185130338436445,0.3897317702390479,0.0,False,False,True
-0.19822576245126977,-0.030610190972766686,0.0635971796636106,0.3761066173400753,-0.6575115627854267,-0.15413344460421916,0.26087999704714737,0.24725822777044104,-0.060754777975807535,-2.2857540629331283,-0.3942751650481376,0.23209410706261996,0.0,False,False,False
1.237164111973583,-0.21841202779591928,0.5083225955942517,-2.4993445905251246,-0.7514847954752407,-1.5544575854783726,0.41505420167545415,0.25184977403909625,-1.8346162847744343,0.3696227259083106,-0.38200067177004265,1.447482584931322,0.0,True,False,True
-1.7191996580740383,-0.42461908145340765,1.9159983041075033,0.20151762428534417,0.2616807735252924,-0.5931524918233966,1.6189936701683725,1.407737103940587,-0.06825701320568112,2.6364058067337486,-1.1730015685963633,0.8289293194828673,0.0,False,False,False
-0.5271390943934516,-1.8874942136625201,0.021299487491795485,0.8606765400376111,-0.29420295097189286,1.6345179747420406,-0.04661607091775884,0.18018200778787358,-0.462379846895814,0.8864259457735932,0.6802461179911782,0.46944174393340066,0.0,False,False,True
0.38516026591083136,-0.02454624223317696,-0.22508467427561912,0.023796086635955678,2.390900271620441,0.12825167515527683,-0.15030441165116068,-0.23513187146585307,2.768030183207983,0.1826618051834256,-0.003283075220312421,-0.4688861704121201,0.0,True,False,True
0.18961133120923382,-0.07348723545306421,-0.14846092669615155,-0.07950801783044104,0.170210334637531,0.13396623830511378,-0.19042916731957674,-0.1615948686727812,0.14821942703555038,-0.02332895658362207,0.11419583878924662,-0.024698813720823838,1.0,False,False,False
-0.4550000866053521,0.8132692742720838,0.7909872654219616,0.005248674096108623,-0.13553398847982673,0.12379520255224931,0.8230931966937026,0.8684415760217636,-0.17386284600228585,0.7626037529250571,-0.6153177793498347,0.2585410017991925,0.0,True,False,True
-1.3471505739175353,-0.08970549652883734,0.29011500191809847,1.8073698170610695,-0.37648015712811583,0.5809419830953534,0.5655556573896054,1.022819383921347,-0.5542683787800409,0.6141448719334889,1.005697753621303,0.008247710700226162,0.0,False,False,True
-0.4100128022925022,2.489570937043008,-0.12440654599671017,1.334429577623446,-0.8996613720610163,-0.07889811032120138,0.3159027772284763,-0.3937774572861131,-1.2705834882526916,-1.4094880991077836,-0.41947995767596497,0.1858907138539383,0.0,False,False,True
0.24747025352917856,-0.3119618819340226,-0.17195229912906507,0.32671100106203693,-0.3160461962166511,-0.1594164928742208,0.3077607630374526,0.12637867766959604,-1.074619236540996,-0.8992035750232698,-0.09031209730117246,-0.053225807923530634,0.0,True,False,True
1.0581433806849367,-1.3154236705541735,-2.44536065254952,-0.67936373501413,1.2236979611524903,-0.0575999798008259,-1.8295350864402402,-0.9843245186489775,1.0037848084451173,-0.20653931261741537,0.7827918265960281,-1.0967722630516867,0.0,False,False,False
-1.0869632681101769,0.2590721395157485,0.5385146955766272,0.9022375167128162,-0.3246531193226046,-0.24105553182011935,1.1351456294110047,0.6205840818513061,-0.7381847277337265,1.4918935049997817,-1.4250190053761198,0.4957206289936865,0.0,False,True,False
1.4220235465697306,0.6661184940016147,-0.8284736233781361,-1.6163092329487416,0.7764913786209722,2.079321988625838,-1.2049371035462595,0.15107088438680308,2.0001451155318852,0.24847693151524017,2.590271312868882,-0.6924738634512417,1.0,False,True,False
-0.31981811461700416,-0.8728225532773731,0.7556931731092199,-1.0529089014464577,0.7676731005836174,-1.0788222813787511,0.9344582724796637,0.7726616467845203,-0.8703713280890081,2.6228996725374887,-0.3747162582525922,0.6558882472080821,0.0,False,True,True
0.936309350895056,1.326999318478368,0.1852602555123722,1.1395890673502171,2.403492578622499,-0.46122269552923667,-1.097406932681717,-2.1092494447503904,0.940768745145808,0.4755108270732028,1.4424933811605358,-1.7726899715951965,1.0,True,False,False
-0.02214119271111741,-0.7367601299830981,-2.097153818878714,-1.883754833947261,1.6641541743971258,2.48825490111981,-0.5346812587360398,-0.09605869513804255,1.1363804198043759,-0.3151162312215563,-2.2217939914193185,-0.6192562754692458,0.0,True,False,True
-0.5165482459210213,-0.08489705987591217,0.9584635569512063,-1.1688292214177685,-0.5777936159542233,1.5515862430403438,0.5022140760675394,1.890750308876261,0.10487227176858341,0.22944338490602267,-0.3037391576275354,1.0975846886687515,0.0,False,False,True
0.18118202801272065,1.1724360184184623,0.5904390996851931,0.4240365033821439,-0.4418661319375597,0.989480444047534,0.19897511369338736,0.6161811667610393,-0.21740134465375616,1.1713958055671903,2.0444539215379356,0.23635047983810076,0.0,False,False,False
-0.5129740402627644,-1.0101158525544949,1.4324535082761916,-0.04730533031835507,-0.48707258420415644,-1.0052937513430311,1.524770753578645,0.6957534151490908,-0.1173458424714094,0.48579287770672963,2.1287102011275287,1.1292561974590722,0.0,False,False,False
0.04019290378325494,-1.3820606739567913,-0.4686004695809828,-0.7931758687865383,0.40480151230632044,0.151928219405319,-1.677571768818192,-0.5031343849851533,-0.15081756002684407,-1.440479108068288,-0.24681045611099725,-1.0928625702638004,0.0,False,False,False
-0.6440510097363167,0.23815090631339714,0.5934455685323348,-0.08191738068190187,-0.5751335823143005,0.3250279658493256,0.5532136827230028,1.3159345597482617,0.10642227827293238,1.6819089892643935,-0.16673954298101581,1.3851239426500137,0.0,False,True,True
0.5825229222448348,0.40014795265206266,-1.7319929507147787,-2.1450414920016314,1.9566600071101623,2.294726743121858,-2.271506308182373,0.06102743714864429,0.9085408704931806,0.37957475257179335,1.3665347611515948,-0.5886603088007633,0.0,False,True,True
0.7618792282865938,0.0890153250814023,-0.03747347620514638,0.016907720317941154,-0.6739431681023405,0.28094889385066524,-0.03530593177223193,0.3936578616171099,0.030458577831580985,-0.8139367101076793,1.6733551949374215,0.4605600557858702,0.0,False,False,True
0.48274006574534933,-0.7991715574221958,-2.439256542241922,-1.8130879450671888,0.5578435118358901,-0.31934355711605383,-1.1901646226622151,-0.3169466817317945,0.8478732580889875,0.1288799078702215,-1.3059638656973518,-0.17879059976713202,1.0,False,False,False
-0.35090159485886235,-0.5098938735777172,0.6115947762792924,1.8700112147418624,-1.1625554857330906,0.09412565252625829,0.3613369501786121,0.1025516178236859,-0.29939774304712685,-0.5711194161919816,-0.2587004223758632,0.5614200048025764,0.0,False,False,False
0.577525878509231,-0.4046760764676875,-0.46086547363405783,-0.06922011428231041,1.7008890860145511,2.5498599189722126,-1.6645567794030691,-0.378291381358291,1.838950737734876,0.11895235488807186,-0.5552631947124456,-1.1590838181175611,1.0,False,False,True
-0.3270634346716044,-1.2234920882031748,-0.2051311910182929,0.18784929616927667,-1.0435615059008443,0.9065660027905138,0.1897786517929225,0.8557142112144822,-0.22032871794885162,0.033923708617428217,-1.1867449127845477,1.0001780371143947,0.0,True,False,True
-1.2707596464744446,-0.329306908557226,-0.12385570583391906,2.4059559043439647,-0.22716604419487346,1.472250830115191,0.20201270030002824,0.7417723854836991,-0.44418520957604557,-0.12973041066011506,-0.9520082977141698,-0.5196146903777307,0.0,True,False,True
1.2168813406679702,-0.32791235772810595,-1.7337705372113343,-1.389254084317834,1.6130706842710505,-0.10278288907975326,-1.5647538666793361,-0.678671092306394,1.3803266395379101,0.14015854712041215,-2.2291306713737775,-0.9653158936371786,1.0,False,False,False
-0.7253184586092825,0.0007598056691716062,0.1751593264369609,0.19055232631475366,-0.11891267500321197,-1.840334120232868,0.65074736646603,0.264680608996799,-0.38651415843171444,-0.9616056629598536,0.05176396583967622,-0.13930965706770115,0.0,False,False,False
-0.3125452836842893,-0.22665700689434176,0.1953198593207501,1.1947441337183373,0.26979409609988675,0.34652248222224546,0.07531955262433773,0.9170527677925853,-0.6641400604612165,0.554712764948999,0.4689133820441148,-0.4167189468767429,0.0,True,False,True
-0.19426736959725846,0.10826936767672103,0.28689135880486205,0.001989975949438096,-0.3707962774850872,0.15142266301995075,0.3464928903780603,0.3758097616637687,-0.6065629549323878,-0.2579981036387237,0.07029382175435217,0.28361549664992436,0.0,False,False,False
-0.7309362510691203,-1.036266297572268,0.30951263034637416,-0.09729059492910828,-1.451689837097444,-0.0752545214014387,0.6657767086467377,0.688728287925138,-1.1640841326756226,-0.8336076739606546,1.30978166762318,0.714374639882089,0.0,False,False,True
1.8191316226314496,-0.7031304384803447,-0.59165142614417,-0.32771691100582684,1.9922242563821058,0.30903576831038176,-0.9756333111598937,-0.9317069023739287,0.9634264363653476,0.9113962291467467,-0.44833698748861656,-0.8910007343786132,1.0,False,False,True
0.17376060161647658,-0.04811101428359553,0.11727002415320595,0.3593811896909773,-0.4620819224554989,-0.12312447404280727,0.15698814157239652,-0.009939175189754963,-1.8133933986399302,0.02819045211340273,-0.055452953754393006,0.14937505715956229,0.0,False,False,False
1.1103775007947838,0.08520663582940467,-0.9277835378259046,0.136280371963552,0.9579146233472794,-1.0633993244896855,-0.7620178301693772,-1.7569108320125089,0.40507462036341496,0.6459808742120853,3.1124021182745474,-1.049235852159838,1.0,True,False,True
-0.9378744801329597,0.4237851626709585,0.8755439554572962,0.22176187385117746,-0.8333528660981897,-0.09822691460180476,0.525822386707825,0.19093584756445733,-0.9253901021645912,-0.26755484393318624,0.7052950072744099,0.4662649651683032,0.0,True,False,False
-0.23159003137873194,2.3994201226376326,1.3521091764290658,-2.0364272513779964,-0.8143966304938243,-1.1846666120579596,1.3285263646646945,0.5667222566340844,-0.3079750693932933,1.0628070617573835,0.3664826763742644,1.5717233091456373,0.0,False,True,False
0.8490270809303668,-0.7304056601685989,-1.9857322621998739,0.18904526722724357,0.7583444784620098,-0.06839313656727548,-1.1394834750862692,-0.883138389329015,0.9483730420801961,1.3472172360646566,-0.15269894517803792,-0.76520171050279,1.0,True,False,True
0.17032949623696728,1.636099017985028,-0.34154614865891086,-0.7069699731262237,0.41922114442169506,-0.24833634697001744,-0.6355362279124076,-1.0970063746386725,0.5588428237534185,1.0731341782972326,-0.04424457618201045,-0.559729209312364,1.0,True,False,True
0.701568390589857,0.39335760141171955,-1.4875704368656721,0.9475258773752554,0.1650521881396981,0.10518186855353162,-1.6426967201621916,-0.16872761345449983,0.3317843939135263,-0.49302694869046415,-0.8149820608423829,-1.6077800567853924,0.0,True,False,False
0.026339385623130655,-0.4089075492195578,0.8784540175563451,-0.5927468194090968,0.5327074401688034,0.11074050817972476,0.4664216870598838,0.7421345619824332,-0.12592634662588142,0.2434691046091971,-0.5835710001413063,0.31754065744358323,0.0,False,False,False
-1.2225636231578396,-0.38395374356040796,0.3197740199265871,0.8406783513717738,-0.01796114881750585,1.6757414475195702,0.2522941442729365,0.7626693506268712,0.03353735621312747,1.0678661415061435,0.817173692589944,0.23962350319669665,0.0,True,False,True
-0.10292877520979019,-0.48858162210799716,0.06930368903372167,0.9315886566535613,-0.5100611898115305,0.7925209864897389,0.18968084378317332,0.419684029470889,0.06906298804728085,-0.9996418897563888,-0.06444822040959719,-0.03250993851531551,0.0,True,False,True
-0.37191255639322224,-1.3865848202037827,0.806421648389351,-0.4649839163400939,-0.15504760199077855,-0.6008711991938434,0.4471193659055687,0.9247148776838994,-0.7507703387591839,-0.01959836851544217,0.4988987717703101,0.6510914432521238,0.0,True,False,True
-1.0181072338901338,0.22148740776914053,0.6487060395304272,0.34236208337472784,-0.16600770377139037,-1.2191485908611384,0.5688734188606698,0.38254709328838166,-0.6163844616232671,-0.4019366645856704,-1.0978862715689597,0.22148570856231425,0.0,True,False,False
0.09228397133982771,-0.0011751215339409079,0.42311718491200856,-0.9919540527938783,-0.330427676241209,-0.1115490705121423,0.34585948343116657,1.3131736422680904,-0.43917178537381135,-0.05356279307970986,-0.007615623104587874,0.11864624724412826,0.0,True,False,True
1.4159545395368334,0.14971084080644878,-1.5563047759814734,0.5545926046326287,1.7836104863657316,-0.15016657760644087,-1.5804534456019357,-1.2289411419508482,1.5508195516103536,1.6472186564166982,-0.03949181418228314,-1.478060578536803,1.0,False,True,False
1.9547892097033328,0.1414874240117468,-0.12700008279910455,3.338813732391672,3.15009450532691,-2.899425155699049,-1.146110979534842,-1.8901128252808017,1.9948636656838492,-0.5781080221002068,0.3329473209386686,-3.3959113046874636,1.0,True,False,True
-0.193896714115028,1.1064665700309406,0.6621187910932438,-1.0394159895814838,-1.0253259569015654,-1.2434647086666175,1.0533484195031422,0.40158049211007324,-0.2018918926609055,0.03092406303675393,0.9799003936242301,0.9524215366621555,0.0,False,False,True
-1.1452612825872297,0.20972031576090977,0.814297078544244,-0.16002299324197167,-0.4273385918033209,0.11048515462249879,0.6017994352921028,0.8786912540086143,-0.878402878170979,1.3657210114501732,0.2006652378560947,0.994564532590718,0.0,False,False,True
1.353549757807931,0.030536771442037616,-1.2070271827629857,0.3075391371476356,1.3229684052255244,-1.1523965311761286,-1.338228529903638,-2.1280615146652866,0.6416597890747566,-0.056407074096263,1.1640087972873254,-1.4835426025043443,1.0,False,True,False
0.796167783910934,-0.4622228047985752,-2.749023108609514,0.04675533046424026,0.9329172652639884,0.3723554136694852,-1.2951996663914391,-0.6078760580139007,0.4941241334301675,-0.5310600614214579,-0.331290862682312,-2.4789004744418057,0.0,True,False,False
-0.22431697241027654,-0.23511313305688736,-0.27250977752265043,0.9378748036391575,0.017357038528910556,0.32923276686577424,0.2752900378193859,1.0231012423116705,-0.9091637934019454,0.23911320200834288,1.206576792813646,-0.660015944046892,0.0,False,False,True
0.952127822409566,0.4356365805901631,-0.7139047057396314,0.25302723085331474,1.3706653973090919,-1.138174009126842,-1.062339871268946,-0.9608509547662194,1.457777128600843,0.4049712422755971,0.565269575705664,-0.4611305302090502,1.0,True,False,True
-0.6671699849542182,0.9719241651544409,0.6530036066830313,-0.14053445420881605,-0.26664043154946054,-0.8133371114134765,0.764327397287562,-0.1303846162969773,-1.4901032338104339,-0.44067695305740534,-0.06693087673181222,-0.034731572376446716,0.0,True,False,True
-0.358002640722262,0.5751356724247816,0.2944752558074452,0.594905846835469,-0.08874257546963628,0.6235773517588115,0.10875497935149837,0.2342685519976179,-1.1284215435547074,0.7123410632381807,-0.0034866406204540077,0.2519743075362386,0.0,True,False,False
-0.4790532538254598,-0.8775778564492487,1.3419904214193568,-0.7827932116627399,-0.0006121601044428434,0.34523390612625526,1.0142871766191275,1.5948796324403576,1.0998781570383018,1.284958881841092,1.00308940357742,0.6739753607948591,0.0,False,False,False
-0.5525258349064227,-0.8058259815648114,-0.5329851562088194,1.929718974780545,-0.32006994232605224,2.0529453775337645,-0.27440597874336004,0.4438005744719812,-1.4090924593740428,-0.1280297762453632,0.35146489144448045,0.29159854188167483,0.0,True,False,True
-0.42961448404897584,-0.4337686516338619,0.4048900571731782,-0.11239098929476578,-0.369806686554277,0.2453451002590131,0.7539142359960811,1.6178665536765189,-0.20350810560676447,0.6821212564094287,0.9038364031614362,0.24247785667302724,0.0,False,False,True
-1.550056895209768,-1.3423547337443784,0.629351377498106,0.36458320243305553,-1.1151393968427836,0.10250081270334638,0.854875594815664,-0.2166974334478974,-0.35409792988614947,-0.6895588336564918,1.2022703203410403,0.9071556516898448,0.0,False,False,True
0.9071875887924289,-0.0765929881051392,-0.6542176982250666,0.5094185415353141,2.0187953508947363,-0.026753235010303238,-1.1596413342640137,-1.8465443486349256,1.1568068777620868,0.7849872362003404,-0.7459331684461684,-1.3697484890385205,0.0,False,False,False
-1.485221416567788,-0.13338010268507394,0.18260682210996407,0.3850286244508234,-0.7668000854173519,1.4663409310978635,0.447321422580993,0.2634837687839839,0.06493522667294552,-0.9755051084595193,1.3660804402959548,0.7582933588959135,0.0,False,False,False
0.7696547018215912,-0.5540168778526093,-1.3781776077641221,1.4815515201972997,0.39496056326911294,-1.438783478823453,-0.9670507914505383,-2.3182415061195423,-0.14296873711674993,-0.2681873420275387,-0.13540128373873428,-1.5653092271745026,0.0,False,True,True
-0.26046377391992453,-0.04775751736802399,0.3627842580412976,-0.05877487900067783,-0.821614001736186,0.24415730594705115,0.5138197941389614,0.3040937292561061,0.2617604219705269,-0.22295176038708323,-0.3956317431747162,0.3539730212956801,0.0,True,False,True
-0.399730360189202,1.6116183775205186,-0.2107793083410185,0.6661133560438695,-0.5801005694264607,0.07822032473372266,0.14922234515870977,0.36247310795560156,-0.011507327194318165,-1.3797025912117327,1.2869099978350966,-0.14834020382955174,0.0,False,True,False
-0.4301390561101798,0.22655316325458166,-2.550508839479331,-0.2705508417168176,0.9869607523990973,0.7811378126060378,-1.9542278143643328,-0.9113573734217981,0.698465084688366,-0.38759834857381836,0.8684305361409307,-1.1697480145196892,0.0,False,False,True
-0.35673373192397345,0.2222220872154125,0.14747640200704262,0.2414289444346895,-0.43703776601659144,0.569378956740675,0.469372369767041,0.3843487256296423,-0.5966841020697294,-0.24970069313543583,-0.08277237655847265,0.2858899837306974,0.0,False,True,True
-1.0934955445767216,0.46071535389076407,0.39309399172785636,0.18758666467118157,-0.6818306649948965,-0.29771043973111716,1.017743129549114,0.706514024204909,-0.2750998573697407,-0.134685938687985,0.279876802821197,0.604451054977529,0.0,False,False,False
0.7724834687949116,-0.27671133806270476,0.4040418239044542,0.25474376264991816,1.761265226749665,0.6149519422260956,-1.3496746281221366,-1.3444218458287707,1.0110640162990598,-1.7972244170233962,1.8508462756426862,-1.5926884567896786,1.0,False,False,False
-0.1997321892269961,2.2066270921383397,0.3021717129730662,-0.07203201489583202,-0.29211282378266945,-0.43842835198886676,0.28858071508062444,0.3627431203846774,-0.7169255122152624,-0.8119515740132347,-0.8576599107220462,0.10222650441611487,0.0,False,True,True
0.13815227175798456,-0.07907516388563175,-0.3131815266363968,-2.6114218002422804,0.14578674732511,1.2962687798987989,-1.3252582770178774,0.3398126142166728,0.4224010752477774,-0.15943304764042307,-0.22685376796304854,0.47361723474005846,1.0,True,False,False
0.5715716328544352,-0.5293461138069461,-0.5196835179089575,0.09617839522877494,1.1493702077374661,-1.1083047746323118,-1.0728598704426142,-1.8692278601746872,0.9223076020478634,0.6329226913851661,-0.4412137625335395,-1.149867094821652,1.0,True,False,True
0.10205779970014968,1.0099596903886496,0.31608343419282425,-1.3338732012952883,-0.8306520557093677,-1.675903688896502,0.7855237911541172,0.15717410509524396,-0.9239416169369865,-1.543567599209829,2.097924740251808,0.8855319445687226,0.0,False,True,False
0.08970653923753272,-0.8328866667044773,-0.27862852868253096,-0.36963792225162523,1.4405566015591225,1.9951827911929552,-1.4041682560904782,0.08596031635484601,0.15194568471754888,0.24935971430287104,-0.050598562979847946,-0.20734992799567173,0.0,False,False,True
2.0570933870641888,0.05279139266488712,-0.9301976952516714,-0.6794199953933037,0.3524100838081929,0.12422783723825125,-1.3104884392278482,-0.043715347623659744,1.0795103702679478,-0.14582088289753115,-0.3301940768272379,-0.7240009128592259,1.0,False,False,True
-0.6076873851507056,1.4899556549763098,0.527090252833707,-0.489774790589005,0.3026947904469459,0.3753969339841087,0.8787261056184271,1.0621129863591814,-0.5564189733413264,2.053628705450118,-1.1445356986618902,0.6784069630474393,0.0,False,True,False
1.1517193534153771,1.610539927330006,-0.07455230308849387,-0.1588357303983434,1.1844690084451552,0.8370387763337869,-1.0647334242830202,-0.8113222023505551,1.574655107316358,0.2313317925759426,0.10611087903596012,-0.8047157899961743,1.0,False,False,False
-0.35673373192397345,0.2222220872154125,0.14747640200704262,0.2414289444346895,-0.43703776601659144,0.569378956740675,0.469372369767041,0.3843487256296423,-0.5966841020697294,-0.24970069313543583,-0.08277237655847265,0.2858899837306974,0.0,False,True,True
-0.2612879282118287,-0.13381272585067078,0.16041846515200178,-0.017565241476000384,0.033413690379794025,0.2804731682280294,-0.279333744459229,0.19605249863790983,3.711312010642696,-0.12282550683344735,-0.17520426936998915,-0.2020984045540825,0.0,False,False,True
-0.8175927565529811,0.6773010779311605,1.773903241639099,-2.457422614249787,-1.1745977587554166,-0.4546756842044334,1.3928759610173866,0.9505829798621979,0.20076008869122006,0.178903480299496,-0.19476373108047648,2.22895022471786,0.0,False,False,False
0.030391995184088794,0.16335792809235541,0.36953025844833637,0.05994634004885379,-0.38617793032345255,-0.4020837431868501,0.2054224328451533,-0.4640948133357953,-0.694183978107726,0.03841467662462024,0.004754454479886051,0.2615330988212228,0.0,True,False,False
-0.827865205575467,-0.5074646138181061,0.3433435782916573,-1.1987372074991187,0.13485454101305008,0.32099579523475646,0.27530309455781543,0.4637290191511719,1.6759947943214033,-1.0053708897892932,-0.3208069443888935,0.426089708238343,0.0,True,False,True
1.770113957662121,-0.2274387890550433,-0.5218337398099997,0.5022735557385692,2.3717639192691142,-1.8567889512188647,-1.0578012171887559,-2.3311935098887098,0.5902846350677948,1.1088295774716848,0.4840808401409734,-1.2757733576952335,1.0,False,False,False
-0.6109616267334942,1.4094840553868246,1.7625143143070363,-0.73585879364791,-0.780205958534443,-1.9644637642027731,1.6196554874190263,0.2036892713082296,0.37116888892598043,-0.04051621029998647,-1.0184595484290269,0.920797359903141,0.0,False,True,True
-0.5800190900248852,-0.4281722297377125,0.40744762217110786,0.21333813633783663,-1.0407349483043666,0.05282206587463919,0.6494653957020593,0.32469468974715765,-0.8685486406063881,-0.5568822113810793,0.09014355410243961,0.6958637505864466,0.0,False,False,False
-1.6015757088628664,0.6141954436937346,-0.1169547655293932,1.35166975793053,-1.115734059752263,0.7491649968798357,0.4248789369739616,-0.3103618189413797,-0.5422938908557787,-0.19297257676484036,0.2763305139012235,0.3109472496578809,0.0,True,False,True
-1.2318914818431996,-0.6752592962502353,0.16191318676161523,1.4115311445355672,-0.5936035068079267,1.0013500457588302,0.36225879780573506,0.45240439133342075,-0.9667846719810161,-1.0494263426269037,-1.9041673621433333,0.3629114785626268,0.0,True,False,True
-0.24026537958601632,1.6408810006003818,0.5921124130881366,0.2735320893852684,-0.4038632749409029,0.10307158930592676,0.6178197371789292,0.13798934576716376,0.06734643410698665,-1.2151524691541926,0.561140003458488,0.3257604411857945,0.0,False,True,True
0.6823114516813846,-0.09222796568267555,-2.0829375072089644,1.394182062417235,1.0878649363253217,-0.08001202641144228,-1.21142249853052,-1.6055295115650137,0.7647158822229833,-1.121462257052326,0.2841046627761584,-1.2945870070029495,1.0,False,True,True
-0.43237683445434905,0.28286242273758566,0.9395968196170082,-0.8580296279699056,-0.7357395471157923,0.524073370325198,0.8588457651944028,1.3901928918282656,0.2251935531144261,0.8811723615502145,0.3658740997159499,0.980114348466691,0.0,False,False,True
0.29538198546679717,-0.37838806421655463,1.0413266223040005,-0.33009207042789585,0.6285625261268935,0.873525638209841,0.3237465907380042,0.6644975457529556,1.1185329046931531,1.5500753532468337,-0.521779483527821,-0.10490301607212793,0.0,False,False,True
-3.9102069934224275,0.2260475773009648,0.5537213312425242,0.27240389554345484,-0.5260210196143157,0.2926376874456072,0.6941738430856562,0.5245994313959319,-1.5333672361922999,0.08305480731957446,0.3366385816308446,0.5544154806250989,0.0,False,True,True
-0.024649593895975676,-0.07041914024280273,-0.439376424757382,2.4246180296468647,-0.28486072649266564,1.8961279706127445,-0.12915215226458165,1.156104188810404,-0.6854308330847444,-0.32832830162928023,-0.9418800794029281,-0.10104846362815258,0.0,True,False,False
0.6278823025348638,2.096570629101003,-0.4952961715499388,-0.023752737045757744,0.6084326131781971,-0.08750958266673253,-0.7666178146889447,-1.2620799189159482,1.1997007120699534,0.028681734437046403,-0.2800380624010267,-0.07398321267905149,0.0,False,True,False
-1.1472869313919944,-0.14279135247946756,0.7452148875419425,-0.08301979311665136,-1.2175136874883512,-0.2565826784870966,1.343115670925775,0.5033084317149442,-0.42030099757932887,-1.4696229900964224,-1.8051501857631456,0.4577859684013973,0.0,False,False,True
0.12275544161823598,-0.7873862125130922,-0.3517018741479129,-0.01189961328906422,-0.203572170731017,1.5593430441691603,-0.2874403446296509,0.618822847590113,-0.6754011642412365,0.657951611064448,0.49423061779885236,0.20527650213750648,0.0,False,True,True
-0.019367421336356282,0.5282479027023794,-1.1983029886142578,-1.3720304930299632,0.6766403293071633,1.4821102448527406,-1.3041960985189824,0.13032149410711594,0.8930093538097102,0.38905541192125576,2.6050007697800037,-0.19328853431977763,1.0,False,False,False
-0.3042944502210175,-0.329304419415015,0.7805739235478228,-1.3936790174021163,-0.9945328762174541,-0.41459287822224555,0.8468425163621721,-0.5610858578743808,-1.0977898049952362,-0.5340327519548336,-2.179002974170147,1.4329998003554472,0.0,True,False,True
-1.107306975557335,1.7884491209067779,1.1920735153187434,-0.42698384593454963,-0.31503939501261274,0.0913247160941117,0.7233490866618575,0.7997152467346945,-0.6400456309432018,1.877354376815314,0.762168107321903,0.9249361927540469,0.0,True,False,False
0.4716512673726906,-0.17159138800183543,-0.5400357932428745,1.1699986607490336,1.7905027099094617,1.1097404199569596,-1.4127155160063152,-1.7758107608600342,2.6490223645223128,-0.16809128239149368,0.4084288292398802,-1.714588067380768,1.0,False,False,True
0.08943360320241608,-2.6426480841598745,-0.7011071458651517,1.2343370618868308,-0.1603225867817217,0.6514015958000993,-0.2893726200785473,0.3878635761741452,-0.6029042949583101,-0.587604138904076,-0.0909631126148338,-0.372991124859486,0.0,False,False,False
-0.7130599188389529,0.3375534823216141,-0.4056729187844331,1.6521097501126047,-0.8820283612200911,-0.030096922328247767,0.4831467887331798,0.29508791560486997,-1.8487019158694686,-2.381725492428254,0.153058741320202,-0.1944470629844376,0.0,False,True,True
-1.137336653470907,1.7593151267268394,0.407358866336577,2.296289587624833,-0.5537524090154685,0.12407777136714149,0.5988595380113102,0.279922320081565,-0.8317409065823732,-0.3764162582392059,0.15414548905978825,-0.3930312263440822,0.0,False,False,False
-0.3430579557454076,-0.07804112319444066,0.575629812376991,-1.1886306491787624,-1.2805524663859966,-0.2545419294023185,0.6715639943793271,0.3568680446444302,-0.9230479834779306,-0.3837524720829953,0.9698079455664419,1.3591501746030379,0.0,False,True,False
0.8983600461256727,-1.4769268802488789,0.4158471453050621,-1.3252808207399223,-0.5346715406228727,-0.23709081567880108,0.3969561633864037,1.7617678651064816,-0.9227910555080117,1.241903245973679,-0.2610273265564816,0.5138833668597632,0.0,True,False,False
-0.40388576962901584,-0.2413361258884961,0.25086078944600226,0.03969179929045926,-1.3310613022175761,0.22118520116121412,-0.8165347576418642,0.4830606344573257,0.541676903143156,0.6818589020572586,-0.12741633453063386,0.42326210806006476,0.0,True,False,True
-0.8613000019918989,-0.569334158560029,1.4120580264313394,0.10441339528106859,-0.1138139024141846,0.502802401420887,0.9153084917867208,0.6393724054269264,0.1993476407763068,1.3268356882417833,-0.1592849734513475,0.3954562755405203,0.0,True,False,True
-1.0550015426038128,1.6348550433052111,0.425552658614132,1.3223884868306564,0.10039044243546862,1.586117580159803,0.6926690581022337,1.0227933255732709,0.4085858767703032,1.8661279556388937,-1.1066789153911685,0.15957509344291648,0.0,False,False,True
1.2880083303548115,-1.1147979451947299,-0.6087652738237845,0.24071351283887496,0.1846165824726346,-0.19416605806236514,-0.781709051184241,-0.8193080415504979,0.4990660342788569,0.9670266519168286,0.04733263531627335,-0.5914549720683878,1.0,False,False,False
0.04293224024024868,0.544873554656479,0.4452925409386017,0.5051547761729762,0.7267974636630196,-0.5869210236227012,0.484464927968885,1.1851312880994824,-0.9303427328213169,-0.0761097129511392,0.2667335378887275,-0.3101233239174406,0.0,False,True,False
-1.577908809332538,-1.316874679604193,0.31010045097948674,0.597821003323641,-0.9197145979354957,1.703352550240206,0.49204999510754605,0.6246947908516483,0.6599814571422272,0.05210119362980316,-0.5156031743208107,0.47650479184132993,0.0,False,False,True
0.11817897013637435,-1.003922088156654,-0.06866470473334686,0.17801328883665263,0.814830064402266,0.9562514959335318,-0.9161467321360952,0.16698732061459623,0.7273374387958584,-1.097677387954701,0.4267993684715318,-0.6250416575472293,0.0,False,True,False
-0.9375546401045081,0.27323314130099274,1.0779468531972929,-2.4789141262145833,-1.4172045676777576,-1.107233785944356,1.6536939176416394,0.7080565704596765,0.07750635594184721,0.9714487200268334,0.9941697895745897,2.325303871987905,0.0,True,False,True
1.3792624316657418,-0.09820023383205174,-1.1719598922077457,0.40478825899929893,1.2759237120257683,-0.21510215690066836,-1.1662243538732007,-1.1787711479552032,1.0880527038755936,0.26343885426413244,0.6543618200712512,-1.0633350044836176,1.0,False,False,False
-0.5067266211222359,0.14850978256370806,0.8906469289646113,0.6230562479335736,-0.3761612744101711,-0.2864112441529261,1.0907868560406935,2.0505172393784603,-0.45739502092222983,1.3578478601316128,-0.9267677551324048,0.46482346755916754,0.0,False,False,True
0.5729770167990328,-0.06316127263385785,0.15716879799609002,-0.5353910793486811,-0.24287814490374643,-0.5005036936029909,0.2440596331974154,0.5242769958633653,-0.6039505333171044,0.10052967854640978,-2.3853646574013454,0.3872004039862616,0.0,False,False,False
0.10297412303594287,0.012202030399942951,-0.14684450879098557,0.09595268396816717,0.08923168091133522,0.3264618531826847,-0.35662555945151236,0.1628983919070966,0.17101656654549408,0.06151770552472465,-0.003187542531464001,-0.039243084704380336,1.0,False,False,True
-0.14319230781781775,0.24833256772799644,0.40242446619125966,0.2313711850127125,-0.004404709933129652,-0.10867408307187336,0.38970446881434756,0.41410898545152536,-0.625217795422463,1.493119996293712,-0.08568572612938923,0.28120693982234174,0.0,True,False,False
0.7715241691009126,1.5804417093582328,-1.8724273836960537,0.1131457134573636,0.5361721257795963,0.04777508204375748,-1.127177431909796,-0.9793694798183713,1.0882952884749701,0.9939511414643715,0.512079695573862,-0.7160240395400992,1.0,False,False,False
0.5409142625864569,-0.2276654835257554,1.0954420931207078,-2.050355129581326,-0.13084062560921825,-0.33933556961789507,0.6879171802234924,1.6713257369372327,-1.4718327083033107,2.3148535720808674,-0.7785528427104057,1.3867250196847334,0.0,False,False,False
0.554678960504882,-0.1643887701562622,-0.3038380580573799,0.8524082829296404,1.895216675773879,-1.3593846390799194,-0.8272973697039058,-2.155268574183175,0.5986350707028361,0.5682172432097982,0.5831044312187739,-1.234553934120572,1.0,True,False,True
-0.9300281627894863,0.0518524222032635,0.27960547688561843,1.4468668031988943,-0.34208956553774145,-1.2425930074015157,0.5452857432958993,0.2436101784834311,-0.49728621545888896,-0.4896056211237895,-0.24389492937084828,-0.03919887164770095,0.0,False,False,False
-0.6460338774717707,0.18554984415102957,0.8076238748235942,0.03991871052056484,-0.15750294320009017,0.26394521695855805,0.9082160418283043,2.168048131422807,-0.40725970035805376,1.6430315516423464,-0.05523501343211809,0.24981575230461336,0.0,False,True,False
-0.4036091489171264,-0.20328703631261197,1.0932396765459036,-1.6581641245258774,-0.6344757200370711,-0.5146084675757842,0.7634355767373928,0.3231283797330472,-0.5954280548945822,0.9431099615560271,1.3880854232870259,1.498749774872898,0.0,True,False,False
-0.4457418013984832,0.2434563121535126,1.1023737690477824,0.6321052507262591,-0.14346370337926084,0.2776465219640715,1.09136393355466,1.6199305021932722,-0.2830712955952406,1.4987966185186028,-0.44858631617589706,0.15006312081129689,0.0,True,False,True
-0.6472828544238662,1.3113732414294437,0.1271563743563238,0.7115008031241625,-1.0235769838475002,-0.41876004067238043,1.1071425424416292,0.3926134402006045,-0.5622543336637154,-1.2303166145991797,1.4665577837071313,0.3902522328498774,0.0,False,True,False
0.41899586668214894,-2.388713419156454,1.369849168275407,-2.1720081669750764,-0.7789468273175005,-2.8752847464880187,1.6490798113072154,1.0884001656480617,-0.15155805394937935,-0.10626432644539503,0.7974466806774044,1.1634734134151636,0.0,True,False,False
0.8876905187933408,0.23208958232455323,-3.208942186134266,-0.46539442098744055,0.3589912598523218,0.8844767465692138,-1.7755016076637251,0.028370102954247155,0.4902574305391759,-0.22401442909988495,-0.010716595266674274,-0.9380174344082411,1.0,False,False,True
-1.0958173466842607,-0.8298053721871073,0.5721473076800462,-0.04809327832523005,-1.0366741373456712,-0.1157991747251071,0.9539333069681005,0.5026251753162587,0.15409649547726587,-0.8246033392635282,-0.9485885681252983,0.8155259638982656,0.0,False,False,True
0.9445713867428317,0.39834169954673443,-2.332295194491168,-1.2571959264667756,0.8906119312246769,1.608811985522658,-1.744544497879166,-0.1116181710911627,0.9569794065871197,-0.8029662773784475,-0.29851044229558016,-0.788070540243028,1.0,False,True,False
0.9702060262015088,-0.13149125848904272,-3.1471630464263205,-1.4326649970779481,0.9085551931657954,0.4785287993033227,-2.11088987501538,-0.33652157848431546,0.5498363306036711,-0.1749837786037312,0.10147817269680873,-0.7460186801644104,1.0,False,False,True
0.023156355548810157,-0.16064404429682924,0.8416248325458483,-1.7877686518833213,-0.7729603323022061,-0.807072184598345,0.838618835524353,0.7540521363437142,-0.15166397379623495,0.12023687926071086,1.1761190163796802,1.1863763324759324,0.0,False,False,True
-1.033813376268513,-1.2521462722703391,1.3293617424799629,-1.706296042417401,-1.1252875232500896,-0.4032834000726023,1.145268333863954,0.776409461030963,-0.6125895075671709,1.4611247354768733,0.8418504303059652,2.0578076597221964,0.0,True,False,True
-0.662001634543625,-0.595474838470471,0.4213916128073013,0.13445729699939507,-0.5006597545541023,1.497019931413001,0.39273711244815407,0.4493492727007327,-0.5550898600264405,1.0205037389554528,1.6811298640858516,0.6579140588485223,0.0,True,False,False
2.2270442129676407,-0.04335884575737412,-1.68665322600671,-0.9193911922334628,0.1520133464915279,-0.30225643808972713,-0.7945053646092484,-0.4016958970120999,0.07004032896208813,0.9117596285292564,-1.029582081242146,-0.465475237925223,0.0,False,False,True
1.5753570947386597,-0.13719808988132617,-2.1976113017855394,1.047024701150222,1.3636085425188373,-2.001152004553479,-1.0801134190829549,-2.2196196740710596,0.250437344397601,0.16118041376024192,-0.20347180678971216,-1.1982607585655662,1.0,False,False,False
-0.49184011281068407,-0.5856920592347721,-0.09653989973092024,0.5413565071815933,-0.6523958068508002,-0.3510084903008921,0.38100887370952474,-0.004475207977602833,-1.0939938276781298,-0.06664451011099636,-1.6948349078278753,0.1890198849834485,0.0,True,False,False
-1.638669127719594,1.025752863241209,0.19767594755920126,-0.7384869320241613,-1.8287976402389607,0.4081687170362192,0.8306963358382581,0.2884988974003552,-0.7743526957025462,-0.9259362670684178,0.9859846563679349,1.6217795972639875,0.0,True,False,True
0.7166562489434115,1.1257731070196628,-2.3373385739594577,0.08923904063199185,1.187486893641722,-0.2811141534471963,-1.6697345464632465,-1.2343020613856361,0.8734129580928409,-0.14651193545342012,0.9924978120735309,-1.02880770628373,1.0,False,False,True
-0.24038237844082447,0.2746006113967841,0.4125263594082205,0.21019706163457563,-0.2824288938629282,-0.0679352014553636,0.4189634788644495,0.47854580076195197,-0.582842589241742,-0.07974382030972191,-0.018485586933241042,0.2573181764707197,0.0,True,False,False
-0.15406092550672337,0.3999751722359912,0.7983366858008485,-1.0529095098756882,-0.354272681139806,-2.173849510307138,1.1784786900244892,0.6621455937642343,-0.7311694710054539,0.3324205863286258,0.8920608713014803,0.5059781910416283,0.0,True,False,True
-0.14319027689451969,-0.370410963973682,-0.12401663015020288,1.075941611043613,0.29926090171601066,1.3875578973613414,0.08781331468428359,1.73206531430804,-0.4818709097938875,1.095907996727879,-0.6012302997312503,-0.4483127930072085,0.0,False,False,False
-1.4969868260155608,-0.04053815697398475,-0.5014173939729133,2.5815795303792948,-0.5208435177438547,1.407525282409201,0.04950747841512121,-0.1748174977497229,-0.9641744102483311,-0.2148864802801628,-0.511641424151393,0.04126250182319635,0.0,False,False,True
0.11993507983337703,-0.09744328826247425,0.9015108605493106,-0.20936637540613257,-0.6693889487180382,-2.168903238963003,1.1526529754114514,0.17157161831656667,-1.598229321017307,-0.46151099675024876,0.20681929691518808,0.6312877380861854,0.0,False,False,True
0.22884263737969665,2.1936639956369364,0.6018607074823851,-0.0905800718683958,-1.3531161826742735,-0.3438305150260512,0.62260040063599,0.501137213413875,-1.1138179716047378,0.37544716539427436,-0.07225945500281929,1.7777582358201203,0.0,True,False,False
-0.5093385245727703,-0.4301310184430704,0.3711051430329832,0.4344231937524535,-1.7918029834853326,0.203137728089192,0.4815015215849797,0.365496088513807,-0.8733464533932637,-0.9043539587697782,-2.333927428071849,2.5974432184894596,0.0,True,False,True
-1.5035756149916677,0.1660017069284218,0.6063210058711632,-1.6693436799765216,1.2393084674630703,-0.16338967931001927,0.6267560552068798,0.4490306651121034,-2.6634517608010886,1.2663257503072567,0.14882201788561933,2.1535458896979067,0.0,True,False,False
1.688161117399176,-0.01585065645856721,-0.4953027472164589,1.6878160686792179,0.9111397946728804,-1.2107427496761254,-0.8728953261675737,-2.363841767906281,1.0119173122021032,-0.31016524394419237,1.2215799625348862,-1.5484498246998273,1.0,False,False,True
-1.5951251079770108,0.03596673599404569,0.5493971048955857,-0.15492255574467753,-0.4181239721317787,0.33354496277398676,0.6723992544264035,0.04279526886371324,-0.21574034953323643,1.1807600584806066,0.19218795511759765,1.159340129277731,0.0,False,False,True
1.1252538846233586,0.17121560502448677,-3.1519243699057427,-0.0496465303342961,1.0891286574684418,0.040557340744890064,-1.9816736905911256,-1.1840315871233318,0.8404999286600667,-1.57740165102479,-0.06928945161429328,-1.568815527937478,1.0,False,False,False
0.6853639984406105,-1.7086796427823694,0.6723917874850859,-0.5423576674826456,0.41540995662916846,0.32365904940072193,0.1594912644850294,1.335799539382863,-0.07531565417652872,1.076842742065529,0.11662727084868002,-0.014130990824464356,0.0,False,True,False
-0.12124255773956626,0.01941684154378926,-1.375662814020744,0.45732842389778106,0.7194991407078619,-0.37139493372893506,-1.0782267614804315,-1.5137771972560756,0.48781552605401857,0.39262427444597936,1.25695647106652,-1.0404838621635315,1.0,False,True,True
1.3971020214397625,-0.6143865017199809,-1.1422827808771843,0.4955053633203682,1.0714500999226968,-3.2206024081253437,-0.843374888166199,-2.8249799298848117,-0.03479713428878941,-1.2760434421098859,-0.7912497942202714,-1.2423186490864195,1.0,False,False,False
-0.34920538100653553,1.429196893931777,1.0212549725310405,0.045559072010555424,-0.1824685131567582,0.8758030376075168,0.4479130626280808,0.23517187406994633,-0.7539129498213861,1.5553295967801297,0.00503244883902195,0.9944863785472026,0.0,True,False,True
0.7036670982510206,-0.22140948669532287,-0.44674239787868125,-0.18298237357281072,-0.8376193256040302,0.23929086359863774,-0.13354521992280874,0.09950680163768916,-1.2934883462432492,-0.8001770706426208,0.27312532195073846,0.3401509851418007,0.0,False,True,True
2.283987283250449,-1.806617222403986,-1.9260705903384616,0.949285979985322,1.4749364641417477,-0.5432142836008786,-1.8925313802628014,-1.9355205530153452,0.2760001559394177,-2.380674385544369,0.4187160841564243,-2.237297181567994,1.0,False,True,False
-0.15999938345681794,-0.3731476843622769,-1.047514028178653,-0.2730407793288514,1.4100952446416977,0.6304109193298626,-1.360901222558255,-0.49842492663278326,0.617768593807772,-0.6044818036488689,1.4168972981764687,-0.19500963624229126,1.0,False,True,True
-0.27461878745473367,-1.0529460573469998,1.4449980936673341,-0.09558772960852141,-0.49355973150169424,-1.0820874527561466,0.6900067146074745,0.5178592480870704,-1.6518719415794254,-0.07727133424100141,-2.4634686567484403,0.7458283252587385,0.0,False,True,False
0.9567487946792511,-2.4919592025661337,-1.4202112007975536,0.0699164985673651,0.45066806120529324,-1.4975329143972296,-0.8333880509681232,-1.2290500172500598,0.38242991817638566,-0.4725424236711503,0.035966259320641444,-0.9298487291708374,1.0,True,False,True
-0.6680056092574435,-0.8186955477468307,0.05575289451222124,0.25409117447241597,-1.2711386402887317,1.3755045867280402,0.37478840856946927,0.46564002625728657,0.8259844354137718,-1.5786291136602086,0.7473483774856975,0.32150008729958574,0.0,True,False,False
0.7022674214900996,-1.0228652251895616,-1.4770591302777412,2.0090010043660063,1.8124972250117681,0.19166415383696686,-0.9970690759435896,-1.1546456068096573,1.0062908937141004,0.5871553718000355,-0.11555132984189263,-1.000646074909844,1.0,False,False,False
-0.04618727413333404,-0.10780214810904197,-2.0119974407559886,0.028221660654756207,0.9092106110356297,1.3408480713363342,-1.6833956974870317,-0.7757462635738456,0.9177979472443778,-1.8757869120416055,-0.14785203958211574,-0.9521661508737235,1.0,False,False,True
-1.2338041170917966,2.0809735510596146,1.4165671114398384,-1.5647179605523982,-0.3965695699488873,0.56293589319499,1.0617184465182987,1.4897948716879952,0.4824868192803001,2.3966114971089802,0.167105045210208,1.5797456608300038,0.0,True,False,False
-0.37199578411105816,1.0733034432740585,1.2693682199403622,-0.5562060736425085,-0.8428448104733276,-0.23409603469722604,1.3743326847428354,0.6225683272464876,0.055740530165189976,0.10140522643906451,-0.03474654527173842,0.9970939499465545,0.0,False,False,True
-0.27065840639049765,-0.02371903534496706,0.10606229751050815,0.3289085410579367,0.00839818478505346,0.04689975274087791,0.7634963049007918,0.6051592136185089,-0.3990280990584046,0.13622729796402236,0.5274617806192126,-0.7508666144443982,0.0,True,False,True
1.2109714391294175,-0.7244570507511645,0.8303216756295897,-0.7410721528282559,0.6127379841832478,-0.6503593780507775,0.7890968272830147,0.923803269380688,-1.8185914268757648,2.7215696964642992,-0.9097944235062522,0.4801063154584063,0.0,True,False,True
-0.7181393488812615,2.078861939417374,0.9152141497262894,0.03171012164348821,0.077653380825289,0.622184566690189,0.6506651388469443,1.0058763889162616,0.09506036115990231,1.2850872214431897,-0.16148802112503363,0.415150236108125,0.0,False,False,True
0.7726863555643824,-0.6393447455369626,-0.7984119005398739,1.9082515480220608,1.6888826877594638,-1.0458473715372452,-1.1913600346979591,-2.379671782395915,0.8464963980598624,-1.0579652157684443,0.18403617917573378,-2.063500092386784,1.0,False,False,False
-0.8365556125448362,2.273043138655923,1.0352594196493754,-0.3250467339710745,-0.5030372101817243,-0.6118835477276153,0.9975544404971766,-0.30388121335976986,-0.6069835475269367,-0.25124136534173885,0.7523903984126142,0.36985847224512236,0.0,True,False,True
2.4260330124632916,-0.5953824035896619,-0.7790710397840335,1.0450465789023864,1.4734826923596929,-0.907157882256663,-1.1982094624838038,-2.0645110540679785,0.8473943559814495,0.7246329128878995,-0.09889825655703943,-1.706240101816518,1.0,True,False,True
-0.5956338261964912,-1.2549715950353617,-1.2899848919246166,0.13569896135760084,-0.27316236639223135,0.9432179522500322,-1.4762313225794725,-1.0265883299435044,-0.17030629473146688,-1.0716966789218507,-0.979756309508625,-0.9175458904714665,0.0,False,True,False
-0.20017379535490623,0.1221613079534552,0.45019680286084196,-0.14529088815867972,-0.19629689653334914,-0.22576157036079064,0.4301124471324073,0.1917541224623985,-0.5206276847090391,-0.17353965589250717,0.8025202260095979,0.2602495730508915,0.0,False,False,False
-0.140781648858702,-0.7233496283936607,1.6054739859540914,-0.25621860487386294,-0.6007579873027867,-1.291661491639713,1.3121659491971271,0.41817231566576374,-0.6288695297768155,0.6455360502983454,-0.4236508147185961,0.5254403884336293,0.0,False,True,False
-1.2043143169154147,-0.3357478904141474,1.0228223159042071,0.4938674004796812,-0.753116499721405,-1.7785511529643703,1.551780364126157,0.4850945148521572,-1.0410270415552834,-0.33081122607834423,-0.7848645603878993,0.6260188591676779,0.0,False,False,False
-0.9864371573929874,-2.2598497724845057,0.9352802236344188,0.02720799440768748,-0.9600907145811901,-0.8755279081250703,1.2411872982606154,0.45360082693909576,0.11176416246864865,-1.120879216400069,-0.18824857768291506,0.6583117764002477,0.0,False,False,True
1.1214764492515124,-1.0243845422147961,-1.4051369330851289,1.052311204630426,1.5423751870629039,-1.7704538994677048,-1.0600355993383583,-2.2281604953026295,1.0752974219882903,0.029574385053745936,1.4454501506200963,-1.7663097573982531,1.0,False,True,False
-0.30467985196443265,0.5428390240102383,0.8262722453124539,-1.3017661421919682,-0.2764253019643919,-1.5984997367911136,1.2035599910316532,0.3933036135449713,-0.050431762970611284,0.6290335419837784,0.18838188694533153,1.0327108197901484,0.0,False,False,False
-0.08119443750772265,-0.8815795716498598,0.4371125968277387,0.28518777848406224,-0.5486059056622844,-1.3794885332730122,0.9211629981582596,0.20727135571253202,-0.03933526529721244,-1.5879581650441024,1.4067564826748373,-0.10958056875685997,0.0,False,True,True
-0.5890676609905233,0.3527384501635598,-0.7801268647433119,0.8438669340659971,1.9582181077372094,1.0137502758564871,-1.4349399731426613,-1.663208927087159,1.053938478425189,0.054095884806535106,-0.647579745464801,-1.2138432788813922,1.0,False,False,False
-0.46746241680964895,-0.2118680460620933,-0.13860677932240767,-0.1566698311356247,-1.0069501724847738,0.43343649532623113,0.07140674133356849,-0.20997561181489047,-0.5399703713133399,-0.15536155315366842,-1.5521630155827162,0.5138442772496901,0.0,False,True,True
-2.3149833326065234,-0.6752843501715654,0.8294584133609828,0.682221950947017,-1.6552420646950903,0.8389983764002907,1.3143864668197291,0.6375027021842883,0.15511300074501908,-1.0214183899941198,-2.6629707049094353,0.9951521605258148,0.0,False,False,False
0.9304741025563663,-1.1075708088333311,-1.1239088582040084,-1.8399303664565716,0.38320662166385394,0.24754523665122252,-1.263119927168017,0.1011854031392345,1.5098163953679453,1.6982311804773371,-1.6323136279205284,0.23039133606830206,0.0,False,True,True
-0.8645468906695152,-0.2308920403593407,1.471812645152233,0.18641242532139063,0.30669095906199817,-1.0522334540876839,1.1809585771573718,0.7687666802447137,-0.8976845023089084,1.950238112822175,-0.4812864357785328,0.5987356296629537,0.0,False,False,False
0.42951935464708907,0.1396528278804416,-0.8327219123572441,1.0622051355470115,1.8740857393209276,-0.04045008330267921,-1.2657986621038593,-1.8655170976722066,1.8865166585597297,0.15808566178996125,-0.39393402889327966,-1.8186696802896687,0.0,False,False,False
-1.8343484486779855,-1.1776746041020145,-0.32313029554218403,0.7016280411830634,-1.1531940849580757,1.7436368831812068,0.22250652377125563,0.43320389677933296,-0.5127008958583895,-0.8992753323638535,-0.48844108825914234,0.6682511142768651,0.0,True,False,True
-0.0059699655476313325,0.32068102276143334,-0.246505224064171,-3.037658737978041,-2.224966802114474,-0.512321585079911,0.5391923392222056,-0.4811070303837924,-0.5215526770382859,-2.30109170310449,-2.0631644724172733,2.0993797483135825,0.0,True,False,False
-0.2787542063632363,-1.1572180161509573,0.276081755205758,-0.10780990070796656,-0.2635668198698561,-0.0862873962600195,-0.0916759903841805,0.08362215850594013,-0.5006942688861433,0.006944511839560835,-0.3816881520153152,0.09568463771621712,0.0,True,False,False
-1.2758620708616397,0.15723319077248404,0.7350423821372982,-0.9973246849507662,-1.6844015489349589,-0.31689180131189976,1.1964737792146667,-0.3932199521051495,0.003644054263196874,-0.339847096804902,0.1323990308727983,1.828989309847608,0.0,False,True,True
-1.3479648434526474,2.7263662782136433,0.25962852006316756,1.2502556842138124,0.25083516963473157,0.6300557890223835,0.4945465667579337,0.948139519627929,-0.6790951865794498,1.0895640543019407,0.24884893223252438,-0.03768020934741561,0.0,False,True,True
-0.8743198430708513,-1.2196956368935532,-1.1840503306910395,-0.4765771707311199,0.8862148349285915,2.5410003913559915,-1.4660783348508226,-0.16602762582158626,0.3565512265281992,-0.7794209791837076,-0.346494748602148,-0.7441177025126079,1.0,False,False,False
0.43786943091198693,1.8523538740274126,-1.8816271386779273,-0.024535856719916756,0.7650788146172492,0.450441242405773,-1.1849625140941862,-0.8394993113710253,0.7809771349846681,-1.367594418556462,-0.7085870520637034,-0.7987457182712692,1.0,False,False,True
0.813378832679252,-2.540147032922019,-0.9743588433006125,0.08584584040546987,3.0732366777350233,0.578059759407057,-4.3425624408677255,-1.0700679069745547,0.9735448029956368,2.5231083720573797,0.021351773153329024,-1.0973730775132804,0.0,False,True,False
-0.336457170710714,0.1470889791547591,1.5393804048062714,0.28246146134170425,-0.6708240194281075,-2.469527950231549,1.8821544994815154,0.21360503226112323,-0.6781432118740027,0.00940518093831901,1.365371177775365,0.7722526043931222,0.0,False,False,True
-2.047954338679177,-0.3278031976341561,0.964448478600211,0.9293572010981225,-0.6311584820430037,0.6833746367228268,1.0439466112303124,0.6137326572053731,0.18952686066117022,0.23742020745951006,1.6500687954967896,0.6063117478626916,0.0,False,False,False
1.970649233896586,1.7300413609960343,-0.6992104440150922,0.34512122963757647,-0.14893676759118393,0.12003444235657923,-0.6189412003697032,-0.8053269136156794,0.588931375230408,0.2515925199998123,0.10076753221729567,-0.39264493532805805,1.0,True,False,True
-0.2866277265938714,-0.3340516912498982,-0.36780390730122814,0.13489188433889346,-0.29363180343449863,-1.2313260942583426,0.48038350649388717,0.3574029077296384,-0.8437648675055517,-1.6334677057142326,-1.0581541490563648,0.2057362137390038,0.0,False,False,False
-0.5325057424251237,-1.2291517855226304,0.6653706698555902,-0.4668584442471195,-1.4174183482729015,-1.0277310183660269,0.9481155533348067,0.6403506447857745,0.22384326654426762,-0.10669766369346602,-1.1804861615033875,2.1859791051913673,0.0,False,True,True
-1.08191894064184,-0.21867626802959902,1.105772570498667,-0.926039468820476,-0.8304675305677204,-1.266749791853608,1.3581504532992679,0.41764873772332745,-0.06623971201655207,-0.663656467739961,-0.05895071234952007,1.0106781165572583,0.0,True,False,True
0.9608884546522471,-2.115118546885714,-0.6661828705268733,0.21079855118000987,-0.34087005614612315,0.05461062767622898,-0.1994373476484677,0.5851372855637914,-0.44665072188876803,-0.1470356304579748,-0.2693674864359337,-0.09126556963038308,0.0,True,False,True
0.2576873077476733,0.16551270815159647,-0.7803971173795717,0.17595537119059865,-0.3026645295570414,-1.116152162502781,0.3987317966854438,0.811390120829013,-2.4519255125068224,-1.1127921612264213,1.644292365534965,-0.27024405743914587,0.0,False,False,True
-0.33181270394886575,0.9660931074191453,0.686726875604549,-0.25660161602683806,-0.008765428665552603,0.15655026431425648,0.5085674948333201,0.9557116261362513,-1.1319792363742398,0.037392080129476785,-0.4724916373392398,0.6690781251700608,0.0,False,False,True
-0.7671325357211956,0.25399126306480013,0.9238950549058952,-0.21158783902515974,-0.20417530465561626,0.8629207330692988,0.49373722799567876,0.656847624488964,-0.2378674142470117,1.5975251520043283,0.23346068652329038,0.8400200675763727,0.0,False,True,True
-0.36735931520533655,-1.4925181659485436,0.9488883283786516,-0.3878609121697474,-0.40852892196837853,0.017751148884220205,0.9262954869951325,1.134345405168365,-0.6439662245100436,1.0351392583119277,0.13720138632519058,0.7683915719479055,0.0,False,False,False
0.9491221464664178,-1.7642218576392301,-1.001475705363784,0.06066141900367539,1.75468107941776,1.5095994469989853,-1.5538341600048917,-0.6786660313614591,1.3872791902829296,1.5571448343759957,1.047056553497788,-1.012041342699517,1.0,True,False,True
-0.9977082228115084,-0.32152002007936287,2.52182294033425,-2.1144150541441546,-1.0392724009796215,-0.9914747143491857,1.0221634711658734,1.0112951360178788,0.01315728875717312,2.555810645965744,0.1719115928906551,1.060570306681488,0.0,True,False,True
1.3067573044036027,-0.007090211085758444,-2.7106169596520235,1.9801915328952437,1.093199204496979,-2.170704771803856,-1.286475747832673,-2.492049427206778,0.45400340289337393,-0.44784823221803044,0.33809930503650065,-1.4152638062564145,1.0,True,False,False
2.560111540844734,-0.46564528335889604,-1.1271535967037902,1.038301437155953,1.2670089967646652,-2.515160261358711,-1.0944280427277613,-2.3605173355829554,-0.06133935263733996,-0.18553989110213742,-0.06731294325942933,-1.6501719374391808,1.0,False,False,False
-0.7203920619951069,1.0589053884543067,0.10930551835111253,0.3170370847488286,-0.44079862966573463,-0.39226267075599824,0.6633423187483355,0.8300706561495848,-0.8293289205360304,-0.7907847675170662,-0.21104269148378868,0.16622986832007913,0.0,False,True,True
-0.5514485727380195,-1.3867738432081504,0.4127272772604362,0.20333353697179699,-1.0079945299366855,-0.05157758843839203,0.804433420703363,0.7353964782404899,-1.2331659590776878,-0.3293778619014804,-1.3484808471404646,0.768054025585886,0.0,False,False,True
1.1429115798570293,0.22684517954183922,-1.734038845067899,-0.3873283390685091,0.07934392236285734,0.07558022727245654,-0.21245493344190414,-0.7289471112703833,-0.5712891541946971,-0.4808823480941001,-0.537534910968703,-0.4501864254500997,0.0,False,False,False
-0.08502138445610603,0.11704620006455643,0.7023175252715128,-1.3797632723985376,-0.7332366795584573,0.2017002590851453,0.7524850065480135,1.4081975835065075,-0.3256207944346876,1.40996600718144,0.21198619551789671,0.6604779947289081,0.0,False,True,False
-0.4789481592755922,0.5974232426088414,0.25320853049844366,-0.057364074081697025,-1.6127905403387461,-2.0284246478407435,0.39231940786972735,-0.7070947969070659,-0.6450398052424426,-1.6870015870590676,0.041804389265696275,0.35471283305869916,0.0,True,False,True
0.4582074060071194,-0.509417347918597,0.045320079835160135,-0.4521062092129054,-0.6849702299409095,-0.19107711230783794,-0.02648451569396426,-0.45582986510382845,-1.3599778878477398,-0.6861417046052675,2.2953614808009877,0.5998484243013464,0.0,True,False,False
-1.9262304120848492,1.000534435389215,-0.4292710836672013,0.39946025649237216,-1.215367224589423,-0.10502990868637588,0.33224792059314784,0.2860575729302105,-0.382465769078268,-2.0080681871768693,-0.488573500646848,0.1014236023882008,0.0,False,False,False
1.8837557209562317,0.4021202040261534,-1.0750123832412921,2.165720797197658,2.6264018119543207,-0.7803386118709768,-1.175888549581304,-2.2417046775899636,0.8344882294772014,-1.1445912492387713,-1.174594926954906,-2.8994172122437463,1.0,False,False,True
-1.697709182582159,-0.10760977644072976,0.896153920685894,0.08949325217803794,-1.0243351440345114,0.6038302673305954,1.0072294109747437,0.6043614727029843,0.6202311071799154,-0.6403373170127489,0.35788415223290754,0.5687689200640652,0.0,False,False,True
0.8181385614342375,-1.838666197504746,-0.06280177245642397,0.7632009320862314,0.06292125982182786,0.09883010156321309,0.289874743176246,0.05539322489425562,-1.6209503821020428,-1.1289208741689158,-0.06207347296247379,0.17776434148642087,0.0,True,False,True
0.9535929299837897,0.9573658068236534,0.07922262769045328,-0.9395630278482469,-0.5195921360287384,-0.10668249664611218,-0.22612358193428914,0.033478353294223676,-1.1724545640973882,0.32116505093232633,0.4897456502457936,0.5318980747469171,0.0,False,False,True
0.7139976910397409,0.1825541353654401,-0.21744216507594522,-0.953801519014181,-0.7712739057609179,-0.9295500774575467,-0.022455626707441476,-0.4383354748824036,-2.235190597801044,-0.23923426734232345,-0.4061736319881829,0.5417699560286348,0.0,False,False,True
1.7567203824882216,0.27178969811889253,-0.8382912581924817,-0.019248227087921402,1.5484084816144679,1.1792052182047332,-1.6588927331006627,-0.942346059511513,0.9530831380318232,-0.7994221626513042,-0.3551418865874667,-1.609310343139313,1.0,False,True,False
-0.4696973329804548,0.7072267127017305,1.5764586124821267,-0.4916532009237329,-0.6559691490095747,-0.1415811461742103,1.604708294124581,0.7228262785783168,-0.3729617735348355,0.9966110490502897,0.9306883481920235,1.3177442579887813,0.0,False,False,True
0.9787724291543695,1.9817552392432787,0.13929073189290592,-0.14847742829972904,1.8348327600590115,1.2326819317804445,-1.4819383596621436,-1.2350903099821764,1.57405557960191,0.1474764131200537,-0.9684202315444163,-1.1539021951223993,1.0,False,False,True
0.9001722022019927,2.244848371510934,-1.3078045929867603,0.3724155521154361,0.7201473253104871,0.35838793745799774,-1.6666672849090665,-0.35621545100522134,0.9050522777505187,-0.8089585935537139,-1.288122556134308,-1.8251837401662145,1.0,True,False,False
1.0031494477183232,-0.43471038516873806,0.30473122042248496,-1.2390397295095799,0.6266932169018845,1.4366448046654832,-1.1589483089804156,-0.5505494555552678,1.0865725609035042,-0.6393028932362591,-0.24964007683335537,-0.40080043754102535,1.0,False,True,False
0.7043904097585387,0.02254246126574598,-0.2544747633059784,1.5472247614855092,1.7823981778266995,0.7952087702381723,-1.5729449165116154,-2.291784942612011,0.5640419399215728,-1.630970630431233,-0.07897970947370472,-1.3086757210534745,1.0,True,False,True
1.0225490027618058,0.6777057190697429,-1.4806490275749207,-1.7885651888590341,0.4723435795898863,1.137981908256867,-1.162795581501697,0.022435678580948994,0.5648094478449495,-0.056363275098276024,1.3177903443621022,-0.024009402837840563,1.0,False,False,True
-0.7664977679233335,-0.596771434113095,0.3485837659204016,1.0703510401584855,-0.0280958852449432,0.5287201565257572,0.4184703552282678,0.7419740390111783,-0.6363256298336045,1.324102128185072,0.8173019617927068,0.11612832292509276,0.0,False,False,True
0.5683328737690259,-0.7626820850544717,2.2274234595471256,-0.3786120799245022,-0.18129986730630118,-0.047023389930374096,1.861352575424049,1.3728223049671093,-0.2466477426061917,1.5390293863986713,0.20476628625731777,0.4881353445311169,0.0,True,False,True
-0.38361654779702037,1.3067825217253826,0.5770739009605438,1.5230976053796865,1.071771676805601,0.4279545002443757,0.3036897321447442,1.1967537823665904,-0.6567291988513396,1.1167449389623691,1.1478829840341227,-0.822748729010039,0.0,False,True,False
1.0274487139445105,-1.0312288809711834,-2.110442303309846,-1.1254196099229181,0.9446719522174967,0.12527678943742043,-1.6490024835138801,-0.4918460477082257,1.0068047560912556,1.3072688947378512,0.8417396681823526,-0.7987121198852171,1.0,False,False,True
0.8334181780899613,-0.18002939118716263,-2.417052393679718,-0.07878089436568049,1.4188963996466892,0.8280164288471544,-1.8056941532177366,0.024621016779341875,1.032444680026829,-0.14208756269144351,-0.4820277685020766,-0.9285125168336287,1.0,False,False,False
-0.11696388587658092,0.1781736578104889,0.669356710497557,-1.088436955152804,-0.8511722717622798,-0.6024275000876592,0.9589437119269149,0.6143466355336787,-1.6330381905725664,-0.4788965572656439,-0.29920728928536644,0.9310972458774701,0.0,False,False,True
0.5213563622472192,-1.2890558759282118,-0.3861490897193372,0.3146430384227054,0.7915805970620902,0.6469644946886577,-0.7946587566974957,-0.8333336317477973,1.2505439469414084,-0.2031701272210057,1.4656378796327043,-1.32672594820185,1.0,False,False,False
-1.1585831857814362,0.2397115379514434,1.038645841177543,0.5213203167860687,-0.21883619516049624,1.6775647884535423,0.5337096783086542,1.4275829319574316,-0.1291631871581556,2.6356765346891824,3.4077044091156625,0.5333192612564057,0.0,False,False,True
-0.1198271978780043,1.026224552555611,0.21161990928916483,0.35022093553475164,-0.2579866699354795,1.303456860782821,0.43497069102590263,0.6273365947354329,-0.3276500803144291,-0.12392931503776257,-0.2223421902497987,0.27222384806212396,0.0,False,True,True
-1.4149280687975785,0.059174096164321954,1.4781741967207687,-0.49083996360667026,-1.136246785055765,0.2502749426115039,0.8119309254253823,0.6968690746196364,0.5226027074875865,0.5874964934737984,0.02080622047686176,1.3528480168293062,0.0,False,True,True
2.333040261854774,-2.4407682569762597,-0.4924035190608809,-1.1839913341338604,0.11454445739379931,0.08871287603786024,-0.6717590577843592,-0.5969893965031849,1.7329889993828134,0.1080831304246316,-0.9340428341279219,-0.12419263476813146,1.0,False,True,True
0.9023077943416457,0.9348402297284517,0.24575522771736802,-0.06592921822183814,1.1375957854771745,0.5421408021252732,-0.6683741937262373,-0.8931398527508059,1.7056152724005635,-0.43613002859018796,-1.9507689554689773,-1.029542937243538,1.0,False,False,True
-0.5250783707668694,-0.6995298211540194,0.3727886223373541,0.9729506006976865,-0.5757493030558506,-0.09828250526512157,0.6950577380659845,0.4207432979792503,-0.5896274348454779,-0.6195750579605394,2.554585823018538,0.006838209360973928,0.0,False,True,True
-0.24038237844082447,0.2746006113967841,0.4125263594082205,0.21019706163457563,-0.2824288938629282,-0.0679352014553636,0.4189634788644495,0.47854580076195197,-0.582842589241742,-0.07974382030972191,-0.018485586933241042,0.2573181764707197,0.0,True,False,False
-0.5372438942939098,-2.0030111139818225,2.1200760109159043,-1.1500492452949083,-0.3646934336185499,0.37709527507144724,1.615077385112236,1.5082328590351295,1.0266929343116407,2.0746356345444465,0.7932600979218144,1.6586560688850733,0.0,False,True,True
-0.5166858201795289,0.34290615393750995,0.541094931568736,-0.15788734813314426,-0.7199374514427435,0.02768345845216212,1.1005447523384984,0.9941689017869128,0.9065452806722241,0.5151903477762504,-0.029147455188156084,0.8383659914071834,0.0,False,False,True
-0.7172592894146941,0.7071860892914124,1.1535272832590286,0.36583675746570826,-0.6748995212157671,0.6773544594142253,0.8712530015904275,0.7518148978483906,-0.14038074082772214,1.0961722944492953,-1.0132701176647787,0.7637864820070461,0.0,False,True,True
1.2782443908423433,0.06851991186759555,-1.3677169406678218,0.29911543067320545,1.7256261393126209,-0.1309682491099814,-1.6499017800113334,-1.513966991630443,1.0153636674381576,-0.0017054888339999147,-0.2789306768241375,-1.873418743196725,1.0,False,False,False
-0.28816822920044083,-0.8360422873487785,0.5984320017094823,-1.2044249607155448,-0.5450827926708193,-0.9057183298749806,0.6912692746235398,-0.7139889624570555,-1.3287343993583514,-0.6502619549971846,-0.9850277522820645,0.5261156790244963,0.0,True,False,False
-0.4661138788282755,-0.3320695113868124,0.204570600618799,-0.749558340881823,-0.27439394200973416,0.38048730141767856,-1.67759157480013,0.49556297956538964,-0.6037447420085073,0.498014665682759,0.027126967335388923,-0.3838799385741656,0.0,True,False,True
-0.27733688156445746,0.6378668329648152,1.2437790263955557,-2.554610896475122,-1.4971011703154395,0.05337677137132455,0.858284788480288,0.6549467872070438,-0.877830160542595,0.09911818899790091,-2.1527022644950966,2.355934602079963,0.0,True,False,True
0.2614300470836025,-0.31442555035968056,-0.15500814425097184,0.10470512687585184,1.2822467460029765,1.459090812788078,-1.3774386623663168,-0.1494408896813517,1.633938335815779,0.15490742807827387,0.6649323412671231,-0.2254957801049948,0.0,False,False,True
-0.3330279466806649,-0.8566963719062367,1.3374046175104264,-0.018136440632013424,-0.13682783835452103,0.27900000102919,0.9115725184156415,1.3028047828591316,0.9501796450822878,1.2878196309095946,-0.48407156812292323,0.5713359834518111,0.0,True,False,True
-0.3829674096741299,-0.05209427095324519,0.06516811058613814,-1.6076190407840094,-1.0389605420056893,0.25628651391987056,0.5734977488093201,1.1022053947798918,-0.5176522082015911,0.08515891731831075,1.3332448209214058,1.0180700404958742,0.0,True,False,False
-0.27465774456687664,0.07900799928748226,0.9722622193511093,-2.1799077419958715,-0.20930611541027372,0.4219528526555796,0.7278193861739727,0.6927112037727805,0.45334028707771146,1.4838829230578068,-0.8585964396439084,1.3079617119757296,0.0,False,False,False
-0.5330239060567524,-1.3940450712499743,1.2749518869287055,0.011043939442754185,-0.3040687845749314,1.1452180855025393,0.5630250899391335,1.0153394072840807,-0.26201629845888535,1.9591030800069449,-0.2057003724219259,1.163874331252796,0.0,True,False,True
-0.26393993330535187,1.195464216582017,0.504399571612451,-0.2710895288925614,-0.17954054308085313,-0.23923856856843245,1.0375739124618957,0.481980495662749,-0.1843044695865704,-0.08343887157265364,-0.9316551769015883,0.42322382129177516,0.0,True,False,False
0.1545059493299258,0.046019396082234425,0.5660075520758778,0.4488292007097951,-0.6274637272394659,0.2047119706541685,-0.1471236545236188,0.45647846339293857,-1.2102376407072941,-0.1380291383516618,-2.637476043101015,0.6698133133920275,0.0,False,False,True
-0.8925193569332511,0.2914590760913419,1.0481420045951995,0.6243503417126601,-0.9070558057874494,-0.7086740853811758,1.3715970122947276,0.8316113971297993,-0.5006002992567512,-0.14973095915626883,-2.228780509653602,0.5574866358517513,0.0,False,True,True
-0.6923332407628888,0.017355360903692246,0.5175929937147327,0.6064674172768202,-1.048066269669043,-0.09783302904269346,0.5729912381182747,-0.5014431090335063,-1.0858876762241259,-0.814862207617162,-0.932486898412225,0.6748999927274918,0.0,False,False,False
-0.8686351749732065,-0.18559347696359316,-0.13883349695184352,1.525444262327549,-0.2597811297602958,0.3594634301259017,0.39730292634754233,0.7193332041169467,-0.18036553931875005,0.10279523859183447,0.8816823990263136,-0.3774266068722261,0.0,True,False,True
-0.35367704953082124,0.28855623670273095,0.29049640018956735,-0.1608056537128194,-0.5988805602183085,0.08971728076109942,0.6932021409642045,0.5603784307286707,-0.3341305263140186,-0.1605452083406676,0.5528419788662929,0.7097891348539497,0.0,False,False,True
1.874095795417272,2.355832996989789,-1.0523778124898109,-0.6858340774928583,1.1357688004188826,-0.2102308628999729,-1.1979828967059556,-1.1286418393187134,1.7193700164816144,-0.20879762750034517,0.4177572862863078,-0.8772784294515469,1.0,False,True,True
0.9325512872587451,0.1183639508708926,-1.953216809729347,-0.701318221624271,1.1015720118690997,0.18698573101378538,-1.411287684656546,-0.7689856271577951,1.6968050651152136,-0.5105070485353024,-1.627609759513631,-1.1374465555613826,1.0,False,False,True
-2.236044783614371,0.16552970325573577,0.7469756872798861,2.1563974045763863,-0.08786784906084115,1.7466757979455456,1.0270940912472333,1.8079079566615406,1.5913132092742184,0.09075832761056347,0.5604662719364193,-0.5159188117457216,0.0,False,True,True
-0.035082948275461955,-1.4299612461572533,0.610347253627135,-1.3343521904968425,-0.9393834461464167,-1.8030837969519673,1.0371922427608302,0.461838876153676,-0.8316897263386255,-0.8928740691417992,-0.7606571001895651,0.9794434354816755,0.0,False,False,False
0.8427457507034976,0.7918916611053874,0.013700903451031875,0.8994163830175953,1.3174993314997592,-0.47644542290514175,-1.2164830599700325,-2.001192681114835,0.987224351324708,-0.028424206804304093,-0.039827330444447424,-1.6097748396179048,1.0,True,False,True
-0.19426736959725846,0.10826936767672103,0.28689135880486205,0.001989975949438096,-0.3707962774850872,0.15142266301995075,0.3464928903780603,0.3758097616637687,-0.6065629549323878,-0.2579981036387237,0.07029382175435217,0.28361549664992436,0.0,False,False,False
-1.09057130881597,1.0503530330214055,0.31761753327111175,0.2551836559291927,-0.36435811383500466,-0.19992741796470523,0.06381034139731073,0.6840569486673187,-0.6871686573559387,-1.125821071757232,-1.2820670109704957,-0.531230697309223,0.0,True,False,False
-0.42039436067985425,0.12564962788716386,0.4974546206619372,-1.7152849270634303,-0.6272787536313152,-0.07199932412433231,0.7318186847532122,0.3926796279230304,-0.3037873203537827,-1.0526377075261508,2.7749379001763623,0.06264379301268058,0.0,False,True,False
0.7018482025400707,0.1525995861492303,-1.2578381250000241,-1.1221515617094515,0.9337547848188343,1.9139082042409734,-1.626835388192269,-0.6561095892706538,0.7193326092327212,-1.126589356258385,1.3812265086697078,-0.6317176237970145,1.0,True,False,False
0.049857815866562225,-0.999301422949681,0.2214149332289309,0.16201582313242094,0.9626483912463732,-0.31790478874165523,-0.04359028653938191,0.7549753830457,-1.6594579697031426,-0.2307560105703676,0.20663644419656188,-1.038057757974727,0.0,False,False,False
-0.5892976024705141,2.4162022110283132,0.6020610442839146,0.5130242734395072,-0.056009845490931826,-0.9724778295439354,1.022323370301127,1.199794231077715,-1.1199868923854541,-0.02124655429242474,-0.050274883509464685,0.15659767866710175,0.0,False,False,False
-1.035320707718461,1.4899563102372786,0.6051149100227089,1.7657316523119688,-0.4644724546058284,-0.23183130144277292,0.7913616609282522,0.44996812045566975,-1.4430970394268756,0.40027296023278874,-0.09647714416625819,0.015727481125371822,0.0,False,False,True
1.0754778499261783,-0.22706514271153935,-0.5149306958647653,0.4421128522539825,0.9282676685867851,-0.8264442515094778,-0.7840691581364957,-1.4270568901119778,0.5827387767434123,-0.41296770827413026,-0.2844537037651095,-0.9471197619408993,1.0,False,False,True
-0.5319147931305843,0.24030827950299727,0.388896395797913,-0.10403156049801364,-1.1254421165600834,0.4173497623069042,0.8622753126135821,0.6243660569570055,-0.005679822392418898,-0.9516397108997736,0.5781623790650819,0.6716925299145551,0.0,False,True,True
-1.2248784577594598,-0.19509831003687192,0.09448636581028436,0.7455954829978506,-1.2260954211629824,1.638424721553659,0.1664639782631345,-0.19627880076466855,-0.9955607940536473,-0.25371552008098563,3.48020424449786,0.8865066500461478,0.0,False,True,True
-0.9993042004647544,1.2141206383531742,1.8179950178592736,-0.3820174238965459,-0.9411427191485722,-0.6667499383512209,2.130318120246292,0.10389126730250367,-1.3145409544836462,0.053205831117804504,1.0032481608650934,1.679532916460305,0.0,False,False,True
-1.4598960400860388,2.2013512390959433,0.3276170066294791,1.7180161374211411,-0.3336277571314986,1.279523188270819,0.7568177358881307,0.6902613843045383,-0.5758252349882654,0.004768186866728631,1.1124691066327315,0.18099711676899816,0.0,True,False,False
0.4749605975157158,-0.16008186437466157,-2.1195342588958304,0.5796655368300199,1.4177852510747786,1.173158864705896,-1.9007450004149933,-1.1057240928905738,0.9428147598162901,-1.6982882633911818,0.9294436248543536,-1.691309788020792,1.0,False,False,True
-0.805531791539725,-0.4906822218229791,-0.2933040753969512,0.31738505983980625,0.1682549573990538,1.8107659857688245,0.12327135329610081,0.7783098193853061,-0.4013431581797113,1.1794446692119538,0.2818641542765261,0.28324219220373825,0.0,False,False,True
-0.8171810686453699,-0.3669853995473251,0.9463626567743486,0.06186350480423493,-1.0209391160683698,-1.8739913800878643,0.9016130936562272,0.2757002555447519,-0.43458109499059255,-0.1788944201150357,0.2538324309040042,0.758072513846013,0.0,False,True,True
-0.4737869877588566,0.44846928708787126,1.2776789221662563,-0.2671419586718711,-0.47817050759262775,-3.227114708555295,0.8258703598632892,0.9735345479140872,-1.6633297252957073,0.32045322264707005,0.34416840344198646,-0.04651450078231171,0.0,False,False,False
-0.3821609169079152,3.2338276683846727,-0.7422790666394382,0.11305264776556075,-0.5470288063404822,0.07565617895087406,0.329586140040335,1.7270743763770242,-0.4653277584638526,-0.050553111838351074,-0.16815787347680952,0.4378585470461262,0.0,False,False,True
0.9436795931946097,-3.417135898496202,-1.1357427102175963,-0.10988407803738444,0.8128095107939595,0.11957596001254371,-1.0855260216725662,-1.1867322348393576,0.34334851909173225,-0.990004725489455,0.5800980426847352,-0.865089745649656,1.0,False,False,False
-0.11602404879913158,-0.1281526421281685,1.0007785346633828,-0.22822416376375215,-0.3295255388882579,-1.2464467157552757,1.0778409071639778,0.9271516089286355,-1.9586377828601855,-0.029805646538998146,-0.34899853892304195,0.8670162605090848,0.0,False,False,True
-0.1339499736192705,-0.30478076707807317,0.19260739473591534,0.31126966643475645,-0.4445839952920744,0.12792218435849026,0.32172247689690625,0.4869298800465336,-0.2617630520332916,-0.23051051177514972,-0.15893726738671066,0.021252654315470323,0.0,True,False,True
1.880873723433862,0.00982470520723771,-1.6565729205289736,1.8343096354455046,1.4620433769571062,-0.7091773195411187,-0.9496742581054078,-2.5648505461023445,0.7643823165625023,0.2652798603889681,-0.9152349899161865,-2.072098876589554,0.0,False,True,False
-0.22485836566113585,1.7049053173587325,0.4699678686954321,-0.25442449710659787,-0.7597562226898751,-0.8712968320075746,0.5165048296021485,0.29515369833595195,-1.2775498275663317,0.8152491368228013,-2.6917613795469886,1.1339370864988751,0.0,False,True,False
1.2922267232636482,0.4119204354330441,-1.610039004712204,1.1489519966262347,1.6283393345946786,-0.592879663871756,-1.5819157295019581,-0.9725302167012868,0.7136847167303221,-1.328901983203684,0.13784594571636125,-1.021954642470375,1.0,True,False,False
0.024806091982004543,0.9293430789805109,0.5546735387599995,-1.177010506877982,-1.198396857428367,-0.28016197644256297,0.48865130226885106,0.31796862805063725,-0.36452896610974106,-0.11772802271610816,-0.1357216991783927,1.039179879685815,0.0,False,False,True
1.159529770970242,0.1533057377900114,-0.2951389956207207,1.8594838418541413,1.8005377230517066,-0.3989013619525286,-1.2019067582686727,-2.3783813347020377,0.9666376110943937,-1.477239443321863,0.06903106536564317,-2.3976401465340786,1.0,False,True,False
-0.48127698795627777,-0.9221113158112781,0.462924568398205,1.212376524868895,0.06898019559265985,1.7791830247411975,0.022990776919177662,1.0066852942537765,2.8775407331058975,0.9183774445846532,0.4048923066320062,-0.2177386935423353,0.0,False,False,False
-0.5826133819995603,-0.5641469249348289,0.5950523317384366,0.12122413809238272,-0.894956724105358,-0.9596113437781593,0.5655563948347514,0.43585427294523094,-0.4662324039215301,-1.1999415118954535,1.375707934139148,0.8388437939292291,0.0,True,False,False
0.5315324627211634,2.457366163905621,-0.8232176299792605,-1.6291138610272762,1.224606203563312,2.7189488918496747,-1.8588869787211013,0.2941322709164163,1.8413512324475747,2.0650438830592965,0.46636794524133846,-0.23492724972630272,1.0,False,False,False
-0.4568892526415411,-0.8743731896205884,1.3343758012008946,-0.03801555194833853,-0.8598808154912946,-1.5207682627536263,1.3681756515573873,0.17873763625350586,-0.7275498982959111,0.04281877410480862,-0.15432696292120723,0.8678940955198139,0.0,False,False,True
2.1455505665298817,-0.7406896573984982,-0.8895288397144437,-0.058599049935483906,1.06466058575008,0.039425018159932365,-1.5438107908671874,-1.3463636464875477,0.17534010823458324,-1.2148925883221655,-0.2889831316500152,-1.3681043549157728,1.0,True,False,True
1.0704042173743546,0.15749195981082015,-0.1875521199507527,-0.8019539066491399,1.0068811772947364,-0.22815418190272266,-0.7475647674997771,-0.8430049856205827,1.5880724526507173,1.0637942952877775,-0.1667078531690912,-0.5036986852433837,1.0,False,True,False
-0.35702097457454063,0.12937281124443384,1.1097246393394138,0.37443630166633596,0.12959133685580873,0.700683930988503,0.48519704572405,1.4866622503765898,0.4321389220943392,1.5020171595598144,-1.2692713656330126,0.0811362339505051,0.0,False,False,False
1.745283955843067,-0.12974435425742425,0.6941612331444664,0.5721249122222254,2.220191614369329,-1.293065022362809,-0.9001960291061283,-2.282736328435791,1.0613914113328076,0.22307157452385307,0.26444791039614973,-1.5462582451410731,1.0,False,False,True
-0.5019648073901187,1.9937941844584537,1.3667896558869623,-1.2532916184290135,-0.6166456332769985,-1.3831750249626202,0.9065847471033536,0.4222803758281754,-0.44600796489882477,-0.3831683215740815,1.1306535443127583,1.3461983443770906,0.0,False,False,False
0.90160880713646,0.4906812439289078,0.27227519271580847,-0.29181184937368865,-1.7900112410593392,-0.09100303289916271,0.5471449677698227,-0.3307267864309956,0.42303504705520817,-1.917847868609049,0.5131581024796791,1.2608076905398666,0.0,False,False,True
-0.18256803138721384,-2.3518728190956817,0.6315824650039511,-0.3763835414706794,-0.43811350571968605,0.09295255879384462,0.42837814867685464,0.543840136305544,-1.4487521038779927,0.6556981746579714,0.6205729042306025,0.3372250140878046,0.0,False,False,True
0.7849394073376296,0.9077115237028315,-0.5477062968722315,1.9557740008425464,1.14920581988374,-2.8139791611322926,-0.7986351561437576,-3.3518936028896795,0.6872526151665964,-0.24686857513441066,0.08573783807408422,-1.9666561776811684,1.0,True,False,True
-0.4053592500195095,-1.5748699212924286,0.6233167843605372,-0.7546941248465563,-0.19270115656401873,0.5411231797230911,0.544247732524473,1.3874677590000202,-0.35121339865064155,1.011567474411814,-1.0479897165045824,0.6597686246468356,0.0,True,False,False
-0.4039370723456173,0.5496360853862192,-0.1251279825260509,0.6077864560887642,-0.4165167980841455,0.26621404297952017,-0.028994146558845926,0.36838880272443986,-0.2963754268677522,-0.24718760167915751,0.4116324580077087,-0.1161988217705931,0.0,False,False,True
0.8175057246729404,-2.382861610477519,0.8528365370195331,-0.678954229339031,-0.09150194538444578,0.2662126659302579,0.44198647117211753,1.704682184748215,-1.266917304775983,2.82774649936508,0.08374928024987065,0.1674324509925313,0.0,False,False,True
1.099696027813419,1.9218972705984545,-1.3585022099150044,-0.43831436754898345,0.2139481299446615,0.4291521231808801,-0.8463682640797261,-1.3265546766936627,0.7741110861734853,0.2813076978920186,-0.004528327976931338,-0.5460580617313611,0.0,True,False,False
-0.6727822994497457,0.3799420637771779,0.8040944161730824,-0.6075682649786424,-0.6775240138958802,0.46685649981241983,0.640277249406477,0.6318075582053694,-0.0657938670208432,-0.1092085476087637,0.5854199636670603,0.9590730340956378,0.0,False,False,False
-0.16136679472977591,-0.4888670575515656,0.5455756351092677,-0.3331899254798463,-0.05907839717486906,0.058354982540507847,0.2761501184299895,0.27973238333213185,-0.4160975060204244,1.8895409680625939,-1.3375389609776784,0.8412827959658059,0.0,False,False,True
-0.45002586344206674,0.8684371853851067,0.2697286549152015,0.885866278806237,-0.22536518094769042,0.6252056952223417,0.4762602560234548,1.027017373418952,-1.2872902652083993,0.12270014669287627,-0.047325816018113545,0.2539713764796107,0.0,True,False,False
0.8109105560142659,-0.6862461677251472,-0.28683772038019967,1.2045060923430928,2.469270406643674,-0.297364068014191,-1.4972143060010772,-2.3078078420193404,1.342469887158896,-0.1256863903225099,0.12154016268295549,-2.206786420766736,1.0,False,True,False
-0.17301782655406425,-2.043115048817964,-0.21736483388548453,1.098689745145507,-0.7252733298457333,0.4526478264732642,0.3767643845807628,0.8955035443993338,-1.2224835642913428,-0.4362211156415632,-0.507455944333417,-0.038775366608118825,0.0,False,False,False
-1.4905216351387482,-0.34626210400074015,0.6084387671115594,-0.18016749147498407,-1.2541009919137491,-0.13223437594994447,1.043684152243435,0.4789706860173444,-0.6700904826377105,-0.39822779115993534,-1.6177397757868501,1.2233588261533137,0.0,False,False,True
1.3918047739646189,1.3855379141397797,-2.586301660186415,0.5599478688424875,2.5026563806510094,-0.9790205416070958,-2.0247218136513445,-2.006110177136875,1.10496383806661,-1.1661148860515766,-0.38883833095745607,-2.607383644509227,1.0,False,True,False
-0.9396660842442754,1.3683647809724957,-0.008260378254814389,0.4865447012258711,-0.8057152542026323,0.14782705822162429,0.2742816082870968,1.2122116663702756,-0.34019588763623226,0.2573710688123254,-0.3162190639431034,0.5066415155669958,0.0,False,False,True
0.5520955296066123,-0.2983430245877458,0.07166141040627264,0.11915536925547657,0.28757161668840053,-0.12091500756802102,0.011395411323043527,0.5147761631562203,-1.044815716603099,0.014530273597997223,0.4085188578030352,-0.2242784804027121,0.0,True,False,True
0.23875301604541033,0.12798008258046614,0.26597576088627856,-2.911455951601857,-1.478157490313873,-0.17658534305939766,0.19080448228257837,0.294229338841921,-1.6467335645662609,-0.33041222366296463,1.0190567506958113,0.6879373158956459,0.0,False,False,False
-1.8631925253188126,-0.2540961866759281,0.884656943188061,-0.34666937988624597,-1.2334811491056472,-0.8155241281953022,0.972860466041615,0.8012993333409864,-0.1761317034857256,-0.624002842866836,-1.1243427984830154,1.1695125452529842,0.0,False,False,False
1.3276463671989973,0.2077288988814289,-2.1650640148610067,-0.11499115598151191,1.1654320320276594,1.4693920363533801,-1.8195273647865062,0.04967122760732228,1.5686965366137429,0.37609838660517564,-1.057239537691113,-0.9498010592911835,1.0,False,False,True
-0.295569766022291,0.13231613013563193,0.23116809492035767,0.14397717193834497,-0.5168417673999682,0.6533728722688041,0.331376843562569,0.36133988076900514,-0.6325418247245084,-0.36750380813498695,0.12076932421099924,0.3773781499932985,0.0,False,True,False
-0.01825688439523822,0.1456764041429522,0.45195097207362744,-0.3801239386433245,-0.42553720779810694,-0.2073962964122195,0.6507544539208312,1.1522025777021738,0.6363908024827306,-0.19301176131340544,0.8582618406749489,0.25019406559455,0.0,True,False,False
0.5427720583481549,1.211503365672285,-0.6744076789545796,-0.5516454687657031,1.1502584624470078,-0.008257752798746507,-1.4281739988792963,-1.4219012947588607,0.7469384283010222,-0.9446376389033352,0.1650482449702808,-0.8506627181591842,1.0,True,False,True
-0.15531040067662344,0.3020149008710269,-0.8185651115390902,1.2610121245713817,-0.22779848618867612,0.7435932317454673,-0.38049938252018356,-0.1417748217542893,-1.144657194576636,-1.583503208274198,-0.6859683312209468,-0.49657766130529085,0.0,True,False,False
-1.08041212711323,-1.278496681760412,0.5438850624885455,0.5479761868736086,-0.8995381021860911,-0.3816629583205178,1.083000276739824,0.7452760964757865,-0.03733298685483452,-0.27611908148713865,-1.4992936068940879,0.2991907881202894,0.0,True,False,True
-0.521523108929967,-1.0256117447892197,-1.0982462425923705,0.28598486014670305,-0.11217417296825512,1.6897474096616774,0.39006134700161416,0.18975729322671378,-0.46882858708082953,0.20269709918097817,-0.5053815778502281,-0.39825332011190095,0.0,False,True,True
-0.3287579910726968,-0.40542117641947345,0.8498801708730294,-1.0044775303524942,-1.3314029670539256,-0.6153148492955096,0.7891198484563219,0.704688887264126,-0.6219219306216236,-0.47228905888131784,0.9250638101560843,1.2338994381744266,0.0,False,True,False
-1.3253636540869917,-0.5078401807851596,0.39512704810751476,0.5152991316117413,-0.6404240840354748,0.3778583348607245,0.4331552115283586,0.5326669041614712,-1.2936488726284419,0.35760838585654653,-1.74643299468136,0.7442285009941526,0.0,True,False,True
2.360916038886874,-0.6258226424979113,-1.7296879576176247,-0.06907202327019454,1.4035801775786598,-0.8841997084497577,-1.380600094167201,-1.0160341004742004,0.45305467302049496,-0.03270865415151609,0.7630970076787522,-1.2944817256554968,1.0,False,True,False
0.8468609287266481,-1.196711431445978,0.5256177464614393,0.12415339615038704,1.2874961079930876,0.5271129762142795,-0.8374165587854551,-1.4279284389852922,2.1259142936681803,-0.3308172394507853,-0.11800080139646632,-0.9612967946829382,1.0,False,True,True
-0.42040717517320897,0.39657081569042585,0.8859370075788187,-0.55554134337158,-1.325197653905442,0.0019190707298203976,0.9334823236876478,0.5001893435780813,-0.22568032072518973,-0.258750599711947,-0.27764866650136455,1.4125764716703753,0.0,False,False,True
-0.37053887000310054,-0.038411206836918864,-0.9659692488051494,0.7456437211599372,-0.5053105054911693,1.7297705284733902,-0.4330666263901773,0.36147441029186417,-0.26060940802496935,-1.6402753679422053,0.30073243381792664,-0.5460318907427956,0.0,False,True,False
1.3883014503333413,1.404199255914675,-1.9946161090235706,0.3076105420873224,1.1840255559422967,-3.575720962501707,-0.760730872106153,-2.541620799133011,1.5890122443376518,0.4944994031912319,-0.13097630989801567,-1.4829424741873172,0.0,False,True,False
1.0185337973195432,-0.2395985256711875,-2.661254154294806,-0.002360189678322503,0.8989573596790428,-1.1323856148668847,-1.4717810262100246,-1.1839749710173604,2.017485464106678,-0.05054128869155913,0.1167069404478241,-1.1858482045363006,1.0,False,False,True
-1.5786336082016004,0.6671910563414333,-0.16286378373610658,2.698496828983483,0.04284794463426246,1.794054473470855,0.12561305667067507,0.5027001302641332,-0.3971288491138976,0.21434388709150293,1.8573695937059278,-0.6082816464070046,0.0,False,True,False
-0.4526718978386396,-2.5384105898838643,0.3254407173996359,0.2856932416782117,-0.6614010822202767,0.05116189661168497,0.3513018268822755,0.2192230596471827,0.7248375303561534,-1.2798642928042536,-0.44544104223810116,0.08505226082128173,0.0,True,False,True
-0.6616223085012843,0.34276764649616714,0.3472441105379018,2.3899625816441707,-1.023273396551017,0.23983969007759187,0.7161079787768092,0.5804687832757501,0.9276239461724313,0.052139002549741055,-2.0514717362298756,0.34063101552602104,0.0,False,True,True
0.5776153101458888,-0.21097961096568627,-1.3691609218412994,0.11013902107360778,1.1417665402242483,0.8270114400881531,-1.355107946059762,-1.0930263576290973,1.0064187589492528,-0.6115777321830927,-0.07683531398861025,-1.1172769728890304,1.0,False,False,False
-1.5633879389752332,-0.10216960277268643,-0.3390063376052516,0.1064920565790876,0.42379128576221753,0.48548621504932665,-0.43839680691869715,-0.503969307126708,2.4442930568494625,-0.05265469762968467,0.03132222317482744,-0.39917849343300454,1.0,False,False,False
-0.34255518534211754,-0.6212858872733888,-0.451660788922479,-0.6879372819389952,-0.4171425908226744,0.3085080335354032,0.1127828952379356,0.2039775152595293,-0.9475631127430308,-1.4557688613295674,0.04755328581797502,0.769976796189592,0.0,True,False,True
-2.540008039921198,0.2655699853579403,-2.5890201636774703,0.532692588675842,-2.4800819657708955,0.31305259499765503,0.14803510609477255,0.3195395799522602,-1.413362522415927,-0.46411288279522506,0.07382056511311258,-1.0561370770253196,0.0,True,False,True
-0.5957609086336584,-0.18215981347297827,1.3694056536180446,-0.504382788813572,-0.5081597022184268,0.49987779865413023,1.014834021266786,1.3645608480814573,-0.05232143635449968,1.728605195024169,0.6294192047624348,0.47536119852266334,0.0,False,True,False
-0.3605081019063117,-0.16931633108151914,0.6790597560339574,-1.6215195743673527,0.33908708323183995,0.16093391141888413,0.7341063014028838,0.7206565598023703,-0.3664358625756032,1.5204906014136967,2.4804163310538914,0.5090829828254562,0.0,False,True,False
-0.6903898692887165,-2.124756753925895,0.14563062823305634,1.5486485058917667,-0.36440176319834755,0.9508906982073516,0.20259033583589678,0.27222999060235764,-0.5243938948095307,0.046597775662341835,0.4887929945087198,0.047266152081372914,0.0,False,False,True
-0.46532460572625545,1.4938473214795567,0.6290213883490638,0.3217502107026137,-0.9172169438568759,0.543639014157719,0.845347515155929,0.976432865325675,-0.09978248446781522,-0.02145987465761334,-0.6739592569988668,0.5794074629629775,0.0,False,False,False
-0.06425328224734457,-1.3352806504273138,0.5686395435642031,-0.5589639312789896,-0.5217349615223893,-0.507520664481408,0.8656492258275053,0.7116131604686106,-0.4151291042480628,0.30206901247658385,0.3822476627931517,0.38002599054972563,0.0,False,True,False
0.6035200250242773,-1.5371526852256134,-2.239679703343564,-0.6476260455200038,0.6556954960551529,-0.7739848967983887,-1.1991854010114869,-1.0988060338870969,0.4490073446743602,0.45137842497099634,-0.36087096920563394,-0.4698887496551915,1.0,False,False,False
-0.43851326968404175,2.0337698895162375,1.8249336960342646,-0.807593941313072,-0.5632281544868827,-1.1280736033446224,1.3911493485911886,0.4383086310489568,-0.6888012023149971,2.0021977732870226,-0.4199352625421973,1.2088832328282528,0.0,False,True,True
0.6672773095973499,-1.2555825329024588,-1.2518198843939679,-1.6622773689134223,0.8149137775864986,0.9962444668456,-1.2516674698401096,-0.13551115632003385,0.9649376601515631,0.8009324624152595,0.7174508888066834,-0.06487653307207002,1.0,False,True,True
1.3501960509771016,0.23485986246226648,-1.1023077619157347,-0.11591057757801734,1.4843025382773474,0.07606693390025136,-1.3897281513784896,-1.1241822012993021,1.650649654032211,0.2373558026199722,-0.07096353106862949,-0.9415067245999453,1.0,False,True,False
0.5487478217716986,-0.025025116112996012,-1.7773970930719307,0.7827352796410639,1.7496994917252875,1.5672611433998875,-2.0688191212474814,-1.0747721328894078,1.6184206259245622,-2.1916452741863526,0.41385543689257753,-2.047007867571333,1.0,False,True,True
-0.6910232535358639,0.14528532718850054,1.6493159782987725,-0.39357412186907864,-0.7252287379313617,0.1470325776797824,1.3289845204827149,1.7073791642380434,0.9936294114786342,1.6878318725590262,-0.012918763490066747,1.4878258893857785,0.0,False,True,False
2.6123404281498526,-1.1034052343524474,-1.4154766341016347,0.59606093554535,1.4976073757169222,-1.4458358886391693,-1.2950950216938872,-1.8254797764653816,1.1161093437507084,-0.6887114889535637,-0.02263583748721059,-1.8599729836219916,1.0,False,True,False
0.10103140060255021,-0.2885354015427012,0.6233760161622705,-0.8132385027344187,-0.43075088392880273,-0.5406424080407661,0.5069390706609674,0.3862744021503999,-1.1271521742802957,0.4092199709669138,0.020095720474259386,0.8286033777715504,0.0,True,False,True
